id,name,type,attribute,race,atk
86988864,3-Hump Lacooda,Effect Monster,EARTH,Beast,500
11714098,"30,000-Year White Turtle",Normal Monster,WATER,Aqua,1250
83994646,4-Starred Ladybug of Doom,Flip Effect Monster,WIND,Insect,800
23771716,7 Colored Fish,Normal Monster,WATER,Fish,1800
14261867,8-Claws Scorpion,Effect Monster,DARK,Insect,300
4731783,"A Bao A Qu, the Lightless Shadow",Link Monster,DARK,Fiend,2800
24140059,A Cat of Ill Omen,Flip Effect Monster,DARK,Beast,500
51351302,A Man with Wdjat,Effect Monster,DARK,Spellcaster,1600
30012506,A-Assault Core,Union Effect Monster,LIGHT,Machine,1900
13026402,A-Team: Trap Disposal Unit,Effect Monster,FIRE,Machine,300
65172015,A-to-Z-Dragon Buster Cannon,Fusion Monster,LIGHT,Machine,4000
96146814,A/D Changer,Effect Monster,LIGHT,Warrior,100
12694768,Abaki,Effect Monster,FIRE,Fiend,1700
89718302,Abare Ushioni,Effect Monster,EARTH,Beast-Warrior,1200
1561110,ABC-Dragon Buster,Fusion Monster,LIGHT,Machine,3000
1966438,Abominable Unchained Soul,Effect Monster,DARK,Fiend,3000
80073414,Absolute Axon Kicker,Fusion Monster,LIGHT,Psychic,3400
70832512,Absolute Crusader,Effect Monster,EARTH,Warrior,1800
60990740,Absolute King Back Jack,Effect Monster,DARK,Fiend,0
3900605,Absorbing Jar,Flip Effect Monster,EARTH,Rock,600
49771608,Absorbing Kid from the Sky,Effect Monster,LIGHT,Fairy,1300
67748760,Absorouter Dragon,Effect Monster,DARK,Dragon,1200
15308295,Abyss Actor - Comic Relief,Pendulum Effect Monster,DARK,Fiend,1000
44179224,Abyss Actor - Curtain Raiser,Pendulum Effect Monster,DARK,Fiend,1100
52240819,Abyss Actor - Evil Heel,Pendulum Effect Monster,DARK,Fiend,3000
88412339,Abyss Actor - Extras,Pendulum Effect Monster,DARK,Fiend,100
99634927,Abyss Actor - Funky Comedian,Pendulum Effect Monster,DARK,Fiend,300
2368215,Abyss Actor - Hyper Director,Link Monster,DARK,Fiend,800
24907044,Abyss Actor - Leading Lady,Pendulum Effect Monster,DARK,Fiend,1500
65477143,Abyss Actor - Liberty Dramatist,Pendulum Effect Monster,DARK,Fiend,1500
78310590,Abyss Actor - Mellow Madonna,Pendulum Effect Monster,DARK,Fiend,1800
51028231,Abyss Actor - Sassy Rookie,Pendulum Effect Monster,DARK,Fiend,1700
47404795,Abyss Actor - Super Producer,Link Monster,DARK,Fiend,1600
25629622,Abyss Actor - Superstar,Pendulum Effect Monster,DARK,Fiend,2500
39024589,Abyss Actor - Trendy Understudy,Pendulum Effect Monster,DARK,Fiend,700
7279373,Abyss Actor - Twinkle Little Star,Pendulum Effect Monster,DARK,Fiend,1000
51391183,Abyss Actor - Wild Hope,Pendulum Effect Monster,DARK,Fiend,1600
21044178,Abyss Dweller,XYZ Monster,WATER,Sea Serpent,1700
40387124,Abyss Flower,Normal Monster,EARTH,Plant,750
82184400,Abyss Keeper,Link Monster,WATER,Fish,1500
61496006,Abyss Shark,Effect Monster,WATER,Fish,1200
18318842,Abyss Soldier,Effect Monster,WATER,Aqua,1800
88409165,Abyss Warrior,Effect Monster,WATER,Aqua,1800
44223284,Abyssal Kingshark,Effect Monster,WATER,Fish,1700
17080584,"Abyssrhine, the Atlantean Spirit",Effect Monster,WATER,Aqua,1600
9453320,"Abysstrite, the Atlantean Spirit",XYZ Monster,WATER,Sea Serpent,2100
30983281,Accel Synchro Stardust Dragon,Synchro Monster,WIND,Dragon,2500
37675907,Accel Synchron,Synchro Tuner Monster,DARK,Machine,500
86066372,Accesscode Talker,Link Monster,DARK,Cyberse,2300
10796448,Ace★Spades Speculation,Fusion Monster,LIGHT,Warrior,2500
98865920,Achacha Archer,Effect Monster,FIRE,Warrior,1200
62476197,Achacha Chanbara,Effect Monster,FIRE,Warrior,1400
15808381,Achichi @Ignister,Effect Monster,FIRE,Cyberse,800
77568553,Acid Crawler,Normal Monster,EARTH,Insect,900
21051977,Acorno,Effect Monster,EARTH,Plant,200
47372349,Acrobat Monkey,Normal Monster,EARTH,Machine,1000
33656832,Acrobatic Magician,Pendulum Effect Monster,DARK,Spellcaster,800
81555617,Ad Libitum of Despia,Effect Monster,DARK,Fairy,1500
11302671,Adamancipator Analyzer,Tuner Monster,EARTH,Rock,1500
10286023,Adamancipator Crystal - Dragite,Effect Monster,WATER,Rock,0
47897376,Adamancipator Crystal - Leonite,Effect Monster,FIRE,Rock,0
74891384,Adamancipator Crystal - Raptite,Effect Monster,WIND,Rock,0
85914562,Adamancipator Researcher,Tuner Monster,EARTH,Rock,100
9464441,Adamancipator Risen - Dragite,Synchro Monster,WATER,Rock,3000
47674738,Adamancipator Risen - Leonite,Synchro Monster,FIRE,Rock,2400
73079836,Adamancipator Risen - Raptite,Synchro Monster,WIND,Rock,2200
48519867,Adamancipator Seeker,Tuner Monster,EARTH,Rock,1200
53828396,Adhesive Explosive,Effect Monster,WIND,Machine,1000
94119480,"Adreus, Keeper of Armageddon",XYZ Monster,DARK,Fiend,2600
15464375,Adularia of the June Moon,Effect Monster,WATER,Spellcaster,1000
18847598,Advanced Crystal Beast Amber Mammoth,Effect Monster,EARTH,Beast,1700
19963185,Advanced Crystal Beast Amethyst Cat,Effect Monster,EARTH,Beast,1200
45236142,Advanced Crystal Beast Cobalt Eagle,Effect Monster,WIND,Winged Beast,1400
46358784,Advanced Crystal Beast Emerald Tortoise,Effect Monster,WATER,Aqua,600
83575471,Advanced Crystal Beast Ruby Carbuncle,Effect Monster,LIGHT,Fairy,300
71620241,Advanced Crystal Beast Sapphire Pegasus,Effect Monster,WIND,Beast,1800
72843899,Advanced Crystal Beast Topaz Tiger,Effect Monster,EARTH,Beast,1600
10678778,Aegaion the Sea Castrum,XYZ Monster,WATER,Machine,-1
28143384,Aerial Eater,Fusion Monster,WIND,Fiend,2100
83094004,Aeropixthree,Tuner Monster,WIND,Fairy,200
56804361,"Aether, the Empowering Dragon",Effect Monster,LIGHT,Dragon,2300
28865322,"Aether, the Evil Empowering Dragon",Pendulum Effect Monster,DARK,Dragon,2300
2411269,Agave Dragon,Link Monster,EARTH,Wyrm,3000
16135253,Agido,Effect Monster,EARTH,Fairy,1500
62320425,Agido the Ancient Sentinel,Effect Monster,EARTH,Fairy,1500
13014905,Agnimal Candle,Tuner Monster,FIRE,Pyro,1700
86377375,"Ahrima, the Wicked Warden",Effect Monster,DARK,Fiend,1700
96084564,Aileron,Effect Monster,WIND,Machine,0
69023354,Air Armor Ninja,Effect Monster,WIND,Warrior,1400
8353769,Air Eater,Normal Monster,WIND,Fiend,2100
18036057,Airknight Parshath,Effect Monster,LIGHT,Fairy,1900
84747429,Airorca,Effect Monster,WIND,Sea Serpent,1400
48202661,Aitsu,Normal Monster,FIRE,Fairy,100
35877582,"Aiwass, the Magistus Spell Spirit",Fusion Monster,WIND,Fiend,2000
63378869,Aiza the Dragoness of Deranged Devotion,Effect Monster,FIRE,Dragon,1500
38035986,Akakieisu,Normal Monster,DARK,Spellcaster,1000
28776350,Akashic Magician,Link Monster,DARK,Spellcaster,1700
36904469,Akihiron,Normal Monster,WATER,Aqua,1700
38837163,"Akz, the Pumer",Effect Monster,EARTH,Beast-Warrior,1500
25795273,Al-Lumi'raj,Tuner Monster,WIND,Wyrm,1600
93053159,Alba System Dogmatikalamity,Fusion Monster,DARK,Dragon,4500
3410461,Alba-Lenatus the Abyss Dragon,Fusion Monster,DARK,Dragon,2500
37683547,Albaz the Ashen,Effect Monster,DARK,Dragon,1800
87746184,Albion the Branded Dragon,Fusion Monster,DARK,Dragon,2500
38811586,Albion the Sanctifire Dragon,Fusion Monster,LIGHT,Dragon,3000
25451383,Albion the Shrouded Dragon,Effect Monster,DARK,Dragon,2500
65301952,Alchemic Magician,XYZ Monster,DARK,Spellcaster,1500
78121572,Alchemist of Black Spells,Effect Monster,WIND,Spellcaster,1200
17573739,"Alector, Sovereign of Birds",Effect Monster,WIND,Winged Beast,2400
98787535,"Aleirtt, the Ogdoadic Dark",Effect Monster,DARK,Reptile,2000
86120751,Aleister the Invoker,Effect Monster,DARK,Spellcaster,1000
97973962,Aleister the Invoker of Madness,Link Monster,DARK,Spellcaster,1800
43096270,Alexandrite Dragon,Normal Monster,LIGHT,Dragon,2000
45154513,Alghoul Mazera,Effect Monster,EARTH,Zombie,2800
14504454,"Alice, Lady of Lament",Effect Monster,DARK,Fiend,0
47728740,"Alich, Malebranche of the Burning Abyss",Effect Monster,DARK,Fiend,1200
652362,Alien Ammonite,Tuner Monster,LIGHT,Reptile,500
15475415,Alien Dog,Effect Monster,LIGHT,Reptile,1500
62437709,Alien Grey,Flip Effect Monster,LIGHT,Reptile,300
62315111,Alien Hunter,Effect Monster,WATER,Reptile,1600
38468214,Alien Hypno,Gemini Monster,WATER,Reptile,1600
76573247,Alien Infiltrator,Effect Monster,EARTH,Reptile,800
64160836,Alien Kid,Effect Monster,LIGHT,Reptile,1600
99532708,Alien Mars,Effect Monster,FIRE,Reptile,1000
24104865,Alien Mother,Effect Monster,DARK,Reptile,2300
63253763,Alien Overlord,Effect Monster,DARK,Reptile,2200
58012107,Alien Psychic,Effect Monster,DARK,Reptile,200
97127906,Alien Shocktrooper,Normal Monster,EARTH,Reptile,1900
74974229,Alien Shocktrooper M-Frame,Link Monster,LIGHT,Reptile,1900
25920413,Alien Skull,Effect Monster,WIND,Reptile,1600
58066722,Alien Stealthbuster,Effect Monster,LIGHT,Reptile,1700
91070115,Alien Telepath,Effect Monster,FIRE,Reptile,1600
98719226,Alien Warrior,Effect Monster,EARTH,Reptile,1800
70924884,Alinsection,Normal Monster,EARTH,Insect,950
70335319,All-Eyes Phantom Dragon,Pendulum Effect Monster,LIGHT,Dragon,3000
39138610,Allied Code Talker @Ignister,Link Monster,DARK,Cyberse,2300
64428736,Alligator's Sword,Normal Monster,EARTH,Beast,1500
3366982,Alligator's Sword Dragon,Fusion Monster,WIND,Dragon,1700
87257460,Allure Queen LV3,Effect Monster,DARK,Spellcaster,500
23756165,Allure Queen LV5,Effect Monster,DARK,Spellcaster,1000
50140163,Allure Queen LV7,Effect Monster,DARK,Spellcaster,1500
3544583,Allvain the Essence of Vanity,Fusion Monster,DARK,Fairy,0
40155554,Ally Mind,Normal Tuner Monster,DARK,Machine,1800
26593852,Ally of Justice Catastor,Synchro Monster,DARK,Machine,2200
89386122,Ally of Justice Clausolas,Normal Monster,DARK,Machine,2300
36629203,Ally of Justice Core Destroyer,Effect Monster,DARK,Machine,1200
8822710,Ally of Justice Cosmic Gateway,Effect Monster,DARK,Machine,2400
8233522,Ally of Justice Cycle Reader,Tuner Monster,DARK,Machine,1000
45586855,Ally of Justice Cyclone Creator,Tuner Monster,DARK,Machine,1400
9888196,Ally of Justice Decisive Armor,Synchro Monster,DARK,Machine,3300
45033006,Ally of Justice Enemy Catcher,Effect Monster,DARK,Machine,1800
69461394,Ally of Justice Field Marshal,Synchro Monster,DARK,Machine,2900
25771826,Ally of Justice Garadholg,Effect Monster,DARK,Machine,1600
19204398,Ally of Justice Light Gazer,Synchro Monster,DARK,Machine,2400
76650663,Ally of Justice Nullfier,Effect Monster,DARK,Machine,1600
45450218,Ally of Justice Omni-Weapon,Effect Monster,DARK,Machine,2200
72845813,Ally of Justice Quarantine,Effect Monster,DARK,Machine,1700
55982698,Ally of Justice Reverse Break,Effect Monster,DARK,Machine,1200
52265835,Ally of Justice Rudra,Effect Monster,DARK,Machine,1900
3648368,Ally of Justice Searcher,Effect Monster,DARK,Machine,1400
85876417,Ally of Justice Thousand Arms,Effect Monster,DARK,Machine,1700
71438011,Ally of Justice Thunder Armor,Effect Monster,DARK,Machine,2700
22371016,Ally of Justice Unknown Crusher,Effect Monster,DARK,Machine,1200
82377606,Ally of Justice Unlimiter,Effect Monster,DARK,Machine,600
59482302,Ally Salvo,Effect Monster,DARK,Machine,400
92998610,Aloof Lupine,Effect Monster,DARK,Beast,1700
77797992,"Alpacaribou, Mystical Beast of the Forest",Effect Monster,EARTH,Beast,2700
42023223,Alpha The Electromagnet Warrior,Effect Monster,EARTH,Rock,1700
99785935,Alpha The Magnet Warrior,Normal Monster,EARTH,Rock,1400
73304257,"Alpha, the Master of Beasts",Effect Monster,EARTH,Beast,3000
10406322,"Alsei, the Sylvan High Protector",XYZ Monster,LIGHT,Plant,2300
61470213,Altergeist Adminia,Link Monster,DARK,Spellcaster,3000
21187631,Altergeist Dragvirion,Synchro Monster,DARK,Spellcaster,2200
12977245,Altergeist Fifinellag,Tuner Monster,DARK,Spellcaster,0
85673903,Altergeist Fijialert,Effect Monster,WATER,Spellcaster,1400
1508649,Altergeist Hexstia,Link Monster,FIRE,Spellcaster,1500
76685519,Altergeist Kidolga,Link Monster,DARK,Spellcaster,1000
52927340,Altergeist Kunquery,Effect Monster,EARTH,Spellcaster,0
27132400,Altergeist Malwisp,Tuner Monster,LIGHT,Spellcaster,1500
53143898,Altergeist Marionetter,Effect Monster,LIGHT,Spellcaster,1600
25533642,Altergeist Meluseek,Effect Monster,WATER,Spellcaster,500
23790299,Altergeist Memorygant,Link Monster,DARK,Spellcaster,2800
42790071,Altergeist Multifaker,Effect Monster,DARK,Spellcaster,1200
54126514,Altergeist Peritrator,Effect Monster,FIRE,Spellcaster,500
57769391,Altergeist Pixiel,Effect Monster,WIND,Spellcaster,100
59185998,Altergeist Pookuery,Effect Monster,DARK,Spellcaster,300
93503294,Altergeist Primebanshee,Link Monster,DARK,Spellcaster,2100
89538537,Altergeist Silquitous,Effect Monster,WIND,Spellcaster,800
27632240,Altitude Knight,Effect Monster,WIND,Warrior,1400
62962630,Aluber the Jester of Despia,Effect Monster,DARK,Fairy,1800
27024795,Alviss of the Nordic Alfar,Effect Monster,DARK,Spellcaster,1500
2139640,Amabie,Effect Monster,WATER,Fairy,0
32181268,Amano-Iwato,Spirit Monster,EARTH,Rock,1900
43739056,Amanokujaki,Tuner Monster,LIGHT,Fiend,1000
18988391,Amarylease,Effect Monster,EARTH,Plant,100
20073910,Amaterasu,Spirit Monster,LIGHT,Fairy,3000
31600845,Amazement Abomination Arlekino,Effect Monster,LIGHT,Psychic,2600
94821366,Amazement Administrator Arlekino,Effect Monster,DARK,Psychic,2600
30829071,Amazement Ambassador Bufo,Effect Monster,EARTH,Beast,1600
22662014,Amazement Assistant Delia,Effect Monster,LIGHT,Machine,1800
67314110,Amazement Attendant Comica,Effect Monster,LIGHT,Machine,1400
17968114,Amazon of the Seas,Normal Monster,WATER,Fish,1300
91869203,Amazoness Archer,Effect Monster,EARTH,Warrior,1400
23965033,Amazoness Augusta,Fusion Monster,EARTH,Warrior,3200
10928224,Amazoness Baby Tiger,Effect Monster,EARTH,Beast,500
73574678,Amazoness Blowpiper,Effect Monster,EARTH,Warrior,800
29654737,Amazoness Chain Master,Effect Monster,EARTH,Warrior,1500
4591250,Amazoness Empress,Fusion Monster,EARTH,Warrior,2800
55821894,Amazoness Fighter,Effect Monster,EARTH,Warrior,1500
97692972,Amazoness Golden Whip Master,Pendulum Effect Monster,EARTH,Warrior,2000
47480070,Amazoness Paladin,Effect Monster,EARTH,Warrior,1700
68507541,Amazoness Pet Liger,Fusion Monster,EARTH,Beast,2500
59353647,Amazoness Pet Liger King,Fusion Monster,EARTH,Beast,2900
84539520,Amazoness Princess,Effect Monster,EARTH,Warrior,1200
15951532,Amazoness Queen,Effect Monster,EARTH,Warrior,2400
53162898,Amazoness Sage,Effect Monster,EARTH,Warrior,1400
71209500,Amazoness Scouts,Effect Monster,EARTH,Warrior,500
24087580,Amazoness Silver Sword Master,Pendulum Effect Monster,EARTH,Warrior,1200
97870394,Amazoness Spiritualist,Effect Monster,EARTH,Warrior,800
31102447,Amazoness Spy,Effect Monster,EARTH,Warrior,800
94004268,Amazoness Swords Woman,Effect Monster,EARTH,Warrior,1500
10979723,Amazoness Tiger,Effect Monster,EARTH,Beast,1100
89567993,Amazoness Trainee,Effect Monster,EARTH,Warrior,1500
50486289,Amazoness War Chief,Effect Monster,EARTH,Warrior,1900
41224658,Ambitious Gofer,Effect Monster,DARK,Fiend,2400
98927491,Ambulance Rescueroid,Fusion Monster,FIRE,Machine,2300
36378213,Ambulanceroid,Effect Monster,EARTH,Machine,300
13332685,Ame no Habakiri no Mitsurugi,Ritual Effect Monster,DARK,Reptile,2400
19899073,Ame no Murakumo no Mitsurugi,Ritual Effect Monster,DARK,Reptile,3200
95174353,Ameba,Effect Monster,WATER,Aqua,300
40213117,Amores of Prophecy,Effect Monster,EARTH,Spellcaster,600
98287529,"Amorphactor Pain, the Imagination Dracoverlord",Ritual Effect Monster,EARTH,Dragon,2950
33300669,Amorphage Envy,Pendulum Effect Monster,EARTH,Dragon,0
34522216,Amorphage Gluttony,Pendulum Effect Monster,EARTH,Dragon,0
69072185,Amorphage Goliath,Pendulum Effect Monster,EARTH,Dragon,2750
7305060,Amorphage Greed,Pendulum Effect Monster,EARTH,Dragon,0
70917315,Amorphage Lechery,Pendulum Effect Monster,EARTH,Dragon,1350
6283472,Amorphage Pride,Pendulum Effect Monster,EARTH,Dragon,1750
32687071,Amorphage Sloth,Pendulum Effect Monster,EARTH,Dragon,2250
79794767,Amorphage Wrath,Pendulum Effect Monster,EARTH,Dragon,1650
67371383,Amphibian Beast,Normal Monster,WATER,Fish,2400
40173854,Amphibious Bugroth,Fusion Monster,WATER,Aqua,1850
4754691,Amphibious Bugroth MK-11,Effect Monster,WATER,Machine,1850
64342551,Amphibious Bugroth MK-3,Effect Monster,WATER,Machine,1500
20665527,Amphibious Swarmship Amblowhale,Link Monster,FIRE,Machine,2600
75380687,Amulet Dragon,Fusion Monster,DARK,Dragon,2900
61160289,"Amunessia, the Ogdoadic Queen",Effect Monster,DARK,Reptile,2700
23927567,An Owl of Luck,Flip Effect Monster,WIND,Winged Beast,300
80570228,Anarchist Monk of the Six Samurai,Tuner Monster,DARK,Warrior,500
58324930,Anarchist Monk Ranshin,Effect Monster,EARTH,Spellcaster,1800
52296675,Anchamoufrite,Pendulum Effect Monster,LIGHT,Spellcaster,1800
54656950,Anchorbolt Hedgehog,Effect Monster,EARTH,Machine,800
42431843,Ancient Brain,Normal Monster,DARK,Fiend,1000
50781944,Ancient Crimson Ape,Effect Monster,LIGHT,Beast,2600
38520918,Ancient Dragon,Effect Monster,LIGHT,Dragon,1400
93221206,Ancient Elf,Normal Monster,LIGHT,Spellcaster,1450
25862681,Ancient Fairy Dragon,Synchro Monster,LIGHT,Dragon,2100
43321985,Ancient Fairy Life Dragon,Synchro Monster,LIGHT,Dragon,2500
26304459,Ancient Flamvell Deity,Synchro Monster,FIRE,Pyro,2500
31557782,Ancient Gear,Effect Monster,EARTH,Machine,100
10547580,Ancient Gear Ballista,Link Monster,EARTH,Machine,1500
10509340,Ancient Gear Beast,Effect Monster,EARTH,Machine,2000
60953949,Ancient Gear Box,Effect Monster,EARTH,Machine,500
80045583,Ancient Gear Cannon,Effect Monster,EARTH,Machine,500
27483935,Ancient Gear Commander,Effect Monster,EARTH,Machine,500
64603182,Ancient Gear Dark Golem,Effect Monster,EARTH,Machine,3000
75892194,Ancient Gear Dragon,Effect Monster,EARTH,Machine,500
1953925,Ancient Gear Engineer,Effect Monster,EARTH,Machine,1500
1278431,Ancient Gear Frame,Effect Monster,EARTH,Machine,1600
18486927,Ancient Gear Gadget,Effect Monster,EARTH,Machine,500
86321248,Ancient Gear Gadjiltron Chimera,Effect Monster,EARTH,Machine,2300
50933533,Ancient Gear Gadjiltron Dragon,Effect Monster,EARTH,Machine,3000
83104731,Ancient Gear Golem,Effect Monster,EARTH,Machine,3000
95735217,Ancient Gear Golem - Ultimate Pound,Effect Monster,EARTH,Machine,3000
87182127,Ancient Gear Howitzer,Fusion Monster,EARTH,Machine,1000
42878636,Ancient Gear Hunting Hound,Effect Monster,EARTH,Machine,1000
81269231,Ancient Gear Hydra,Effect Monster,EARTH,Machine,2700
39303359,Ancient Gear Knight,Gemini Monster,EARTH,Machine,1800
37663536,Ancient Gear Megaton Golem,Fusion Monster,EARTH,Machine,3300
44874522,Ancient Gear Reactor Dragon,Effect Monster,EARTH,Machine,3000
56094445,Ancient Gear Soldier,Effect Monster,EARTH,Machine,1300
32762201,Ancient Gear Statue,Effect Monster,EARTH,Machine,500
91098230,Ancient Gear Tanker,Effect Monster,EARTH,Machine,1300
17663375,Ancient Gear Wyvern,Effect Monster,EARTH,Machine,1700
81492226,Ancient Jar,Normal Monster,EARTH,Rock,400
54912977,Ancient Lamp,Effect Monster,WIND,Spellcaster,900
43230671,Ancient Lizard Warrior,Normal Monster,EARTH,Reptile,1400
14015067,Ancient One of the Deep Forest,Normal Monster,EARTH,Beast,1800
4179255,Ancient Pixie Dragon,Synchro Monster,DARK,Dragon,2100
25958491,Ancient Sacred Wyvern,Synchro Monster,LIGHT,Fairy,2100
36821538,Ancient Sorcerer,Normal Monster,DARK,Spellcaster,1000
49587396,Ancient Tool,Normal Monster,DARK,Machine,1700
86421986,Ancient Tree of Enlightenment,Normal Monster,EARTH,Plant,600
33545259,Ancient Warriors - Ambitious Cao De,Effect Monster,FIRE,Beast-Warrior,3000
6438003,Ancient Warriors - Deceptive Jia Wen,Effect Monster,FIRE,Beast-Warrior,1100
13923256,Ancient Warriors - Eccentric Lu Jing,Effect Monster,WATER,Beast-Warrior,700
60033398,Ancient Warriors - Fearsome Zhang Yuan,Effect Monster,FIRE,Beast-Warrior,2300
77539547,Ancient Warriors - Graceful Zhou Gong,Effect Monster,WATER,Beast-Warrior,1600
32422602,Ancient Warriors - Ingenious Zhuge Kong,Effect Monster,WIND,Beast-Warrior,1000
76416959,Ancient Warriors - Loyal Guan Yun,Effect Monster,WIND,Beast-Warrior,2500
40140448,Ancient Warriors - Masterful Sun Mou,Effect Monster,WATER,Beast-Warrior,1800
82791472,Ancient Warriors - Rebellious Lu Feng,Effect Monster,DARK,Beast-Warrior,2800
79582540,Ancient Warriors - Savage Don Ying,Effect Monster,DARK,Beast-Warrior,2200
2801664,Ancient Warriors - Valiant Zhang De,Effect Monster,WIND,Beast-Warrior,2700
40428851,Ancient Warriors - Virtuous Liu Xuan,Effect Monster,WIND,Beast-Warrior,1400
65711558,Ancient Warriors Oath - Double Dragon Lords,Link Monster,WIND,Beast-Warrior,1100
15013468,Andro Sphinx,Effect Monster,LIGHT,Beast,3000
53266486,Anesthrokket Dragon,Effect Monster,DARK,Dragon,0
82243738,Angel O1,Effect Monster,LIGHT,Fairy,200
56784842,Angel O7,Effect Monster,LIGHT,Fairy,2500
42216237,Angel of Zera,Synchro Monster,LIGHT,Fairy,2800
87979586,Angel Trumpeter,Normal Tuner Monster,EARTH,Plant,1900
36320744,"Angelica, Princess of Noble Arms",Synchro Monster,FIRE,Warrior,1200
3048768,Angello Vaalmonica,Pendulum Effect Monster,DARK,Fairy,1200
65612386,Angmarl the Fiendish Monarch,Effect Monster,DARK,Fiend,2400
73979030,Angraecum Umbrella,Tuner Monster,WATER,Spellcaster,500
28306253,Angry Burger,Ritual Effect Monster,DARK,Warrior,2800
98022050,Animadorned Archosaur,Effect Monster,LIGHT,Dinosaur,0
29603180,Annihilator Archfiend,Effect Monster,DARK,Fiend,2000
48365709,Ansatsu,Normal Monster,EARTH,Warrior,1700
13250922,Anteatereatingant,Effect Monster,EARTH,Insect,2000
89904598,Anthrosaurus,Normal Monster,EARTH,Dinosaur,1000
65064143,Anti-Aircraft Flower,Effect Monster,EARTH,Plant,0
43583400,Antialian,Effect Monster,EARTH,Cyberse,1900
31539614,Antidote Nurse,XYZ Monster,LIGHT,Machine,1800
58844135,Antihuman Intelligence ME-PSY-YA,Pendulum Effect Monster,LIGHT,Cyberse,2500
60411677,Anubis the Last Judge,Effect Monster,EARTH,Fiend,3000
41098335,Ape Fighter,Effect Monster,DARK,Beast,1900
31975743,Ape Magician,Effect Monster,DARK,Beast,800
41158734,Apocatequil,Effect Monster,LIGHT,Thunder,1800
4280258,"Apollousa, Bow of the Goddess",Link Monster,WIND,Fairy,-1
40061558,Apoqliphort Skybase,Effect Monster,EARTH,Machine,2900
27279764,Apoqliphort Towers,Effect Monster,EARTH,Machine,3000
56132807,Apple Magician Girl,Effect Monster,FIRE,Spellcaster,1200
5846183,Appliancer Breakerbuncle,Effect Monster,WATER,Machine,0
78225596,Appliancer Celtopus,Link Monster,DARK,Machine,0
41830887,Appliancer Copybokkle,Effect Monster,DARK,Machine,0
3507053,Appliancer Dryer Drake,Link Monster,FIRE,Machine,0
4729591,Appliancer Kappa Scale,Link Monster,WATER,Machine,0
77102944,Appliancer Laundry Dragon,Link Monster,WATER,Machine,1500
81769387,Appliancer Propelion,Link Monster,WIND,Machine,1200
78447174,Appliancer Socketroll,Effect Monster,DARK,Machine,100
30118200,Appliancer Vacculephant,Link Monster,DARK,Machine,1000
30603688,Apprentice Illusion Magician,Effect Monster,DARK,Spellcaster,2000
9156135,Apprentice Magician,Effect Monster,DARK,Spellcaster,400
64977888,Apprentice Piper,Flip Effect Monster,DARK,Spellcaster,100
96427353,Aqua Armor Ninja,Effect Monster,WATER,Warrior,800
86164529,Aqua Dragon,Fusion Monster,WATER,Sea Serpent,2250
85639257,Aqua Madoor,Normal Monster,WATER,Spellcaster,1200
12436646,Aqua Snake,Normal Monster,WATER,Aqua,1050
40916023,Aqua Spirit,Effect Monster,WATER,Aqua,1600
92053608,Aquaactress Arowana,Effect Monster,WATER,Aqua,2000
66668900,Aquaactress Guppy,Effect Monster,WATER,Aqua,600
39260991,Aquaactress Tetra,Effect Monster,WATER,Aqua,300
22377815,Aquarian Alessa,Gemini Monster,WATER,Aqua,1500
75771170,Arahime the Manifested Mikanko,Ritual Effect Monster,LIGHT,Fairy,0
16889337,Aratama,Spirit Monster,DARK,Fiend,800
64276752,Arc Rebellion Xyz Dragon,XYZ Monster,DARK,Dragon,3000
64454614,Arcana Extra Joker,Link Monster,LIGHT,Warrior,2800
62892347,Arcana Force 0 - The Fool,Effect Monster,LIGHT,Fairy,0
12686296,Arcana Force EX - The Chaos Ruler,Fusion Monster,LIGHT,Fairy,3300
69831560,Arcana Force EX - The Dark Ruler,Effect Monster,LIGHT,Fairy,4000
5861892,Arcana Force EX - The Light Ruler,Effect Monster,LIGHT,Fairy,4000
8396952,Arcana Force I - The Magician,Effect Monster,LIGHT,Fairy,1100
35781051,Arcana Force III - The Empress,Effect Monster,LIGHT,Fairy,1300
61175706,Arcana Force IV - The Emperor,Effect Monster,LIGHT,Fairy,1400
3376703,Arcana Force V - The Hierophant,Effect Monster,LIGHT,Fairy,1500
97574404,Arcana Force VI - The Lovers,Effect Monster,LIGHT,Fairy,1600
34568403,Arcana Force VII - The Chariot,Effect Monster,LIGHT,Fairy,1700
60953118,Arcana Force XIV - Temperance,Effect Monster,LIGHT,Fairy,2400
39761418,Arcana Force XIX - The Sun,Effect Monster,LIGHT,Fairy,2900
59712426,Arcana Force XV - The Fiend,Effect Monster,LIGHT,Fairy,2500
97452817,Arcana Force XVIII - The Moon,Effect Monster,LIGHT,Fairy,2800
23846921,Arcana Force XXI - The World,Effect Monster,LIGHT,Fairy,3100
6150044,Arcana Knight Joker,Fusion Monster,LIGHT,Warrior,3800
93880808,Arcana Triumph Joker,Effect Monster,LIGHT,Warrior,-1
40048324,Arcane Apprentice,Tuner Monster,FIRE,Spellcaster,1000
55001420,Arcane Archer of the Forest,Effect Monster,EARTH,Warrior,900
31924889,Arcanite Magician,Synchro Monster,LIGHT,Spellcaster,400
14553285,Arcanite Magician/Assault Mode,Effect Monster,LIGHT,Spellcaster,900
45349196,Archfiend Black Skull Dragon,Fusion Monster,DARK,Dragon,3200
92039899,Archfiend Cavalry,Effect Monster,DARK,Fiend,1900
68371799,Archfiend Commander,Effect Monster,DARK,Fiend,2500
57624336,Archfiend Eccentrick,Pendulum Effect Monster,LIGHT,Fiend,800
48469380,Archfiend Emperor,Pendulum Effect Ritual Monster,FIRE,Fiend,2500
28423537,"Archfiend Emperor, the First Lord of Horror",Effect Monster,DARK,Fiend,3000
31766317,Archfiend Empress,Effect Monster,DARK,Fiend,2900
48675364,Archfiend General,Effect Monster,DARK,Fiend,2100
84341431,Archfiend Giant,Effect Monster,DARK,Fiend,2400
66540884,Archfiend Heiress,Effect Monster,DARK,Fiend,1000
14430063,Archfiend Interceptor,Effect Monster,DARK,Fiend,1400
75889523,Archfiend Marmot of Nefariousness,Normal Monster,EARTH,Beast,400
78744660,Archfiend Matriarch,Pendulum Effect Ritual Monster,LIGHT,Fiend,2100
15150371,Archfiend Mirror,Normal Monster,DARK,Fiend,700
50287060,Archfiend of Gilfer,Effect Monster,DARK,Fiend,2200
49881766,Archfiend Soldier,Normal Monster,DARK,Fiend,1900
59969392,Archfiend Zombie-Skull,Synchro Monster,DARK,Zombie,2500
53008933,Archfiend's Advent,Effect Monster,DARK,Fiend,2500
61248471,Archfiend's Ascent,XYZ Monster,DARK,Fiend,2500
95825679,Archfiend's Awakening,Ritual Effect Monster,DARK,Fiend,2500
64635042,Archfiend's Call,Synchro Monster,DARK,Fiend,2500
32775808,Archfiend's Manifestation,Fusion Monster,DARK,Fiend,2500
59509952,Archlord Kristya,Effect Monster,LIGHT,Fairy,2800
18378582,Archlord Zerato,Effect Monster,LIGHT,Fairy,2800
33212663,Archnemeses Eschatos,Effect Monster,LIGHT,Dragon,3000
6728559,Archnemeses Protos,Effect Monster,DARK,Wyrm,2500
38173725,Arcjet Lightcraft,Effect Monster,LIGHT,Machine,0
40725446,Arequus the Shining Mars Saint,Effect Monster,LIGHT,Pyro,2000
40706444,Argostars - Adventurous Arion,XYZ Monster,DARK,Warrior,2200
21050476,Argostars - Fierce Parthe,Effect Monster,EARTH,Warrior,1400
91438674,Argostars - Glorious Adra,Effect Monster,EARTH,Warrior,1800
40502912,Aria the Melodious Diva,Effect Monster,LIGHT,Fairy,1600
75730490,Ariane the Labrynth Servant,Effect Monster,DARK,Fiend,1800
1225009,Arianna the Labrynth Servant,Effect Monster,DARK,Fiend,1600
73602965,Arias the Labrynth Butler,Effect Monster,DARK,Fiend,1500
56827051,"Ariel, Priestess of the Nekroz",Effect Monster,WATER,Psychic,1000
65910922,"Arionpos, Serpent of the Ghoti",Synchro Monster,WATER,Fish,2100
29904964,Arisen Gaia the Fierce Knight,Effect Monster,DARK,Warrior,2300
33282498,Arkbrave Dragon,Effect Monster,LIGHT,Dragon,2400
50687050,Arktos XII - Chronochasm Vaylantz,Pendulum Effect Fusion Monster,EARTH,Fairy,3000
14708569,Arlownay,Normal Monster,EARTH,Plant,800
36151751,Arma Knight,Normal Monster,WATER,Aqua,1000
88033975,"Armades, Keeper of Boundaries",Synchro Monster,LIGHT,Fiend,2300
28985331,Armageddon Knight,Effect Monster,DARK,Warrior,1400
53153481,Armaill,Normal Monster,EARTH,Warrior,700
75906310,Armed Dragon Catapult Cannon,Fusion Monster,LIGHT,Machine,3500
59464593,Armed Dragon LV10,Effect Monster,WIND,Dragon,3000
84425220,Armed Dragon LV10 White,Effect Monster,LIGHT,Dragon,3000
980973,Armed Dragon LV3,Effect Monster,WIND,Dragon,1200
46384672,Armed Dragon LV5,Effect Monster,WIND,Dragon,2400
73879377,Armed Dragon LV7,Effect Monster,WIND,Dragon,2800
58153103,Armed Dragon Thunder LV10,Effect Monster,WIND,Dragon,3000
57030525,Armed Dragon Thunder LV3,Effect Monster,WIND,Dragon,1200
21546416,Armed Dragon Thunder LV5,Effect Monster,WIND,Dragon,2400
94141712,Armed Dragon Thunder LV7,Effect Monster,WIND,Dragon,2800
75220074,"Armed Dragon, the Armored Dragon",Effect Monster,WIND,Dragon,1900
31817415,Armed Neos,Fusion Monster,WIND,Warrior,3500
9076207,Armed Ninja,Flip Effect Monster,EARTH,Warrior,300
29330706,Armed Protector Dragon,Effect Monster,LIGHT,Dragon,2000
84430950,Armed Samurai - Ben Kei,Effect Monster,DARK,Warrior,500
20470500,Armed Sea Hunter,Effect Monster,WATER,Sea Serpent,1800
36768783,"Armillyre, the Starleader Dragon",Link Monster,DARK,Dragon,1400
43378048,Armityle the Chaos Phantasm,Fusion Monster,DARK,Fiend,0
60110982,Armityle the Chaos Phantasm - Phantom of Fury,Fusion Monster,DARK,Fiend,0
87798440,Armor Breaker,Union Effect Monster,EARTH,Warrior,800
7180418,Armor Exe,Effect Monster,LIGHT,Rock,2400
62742651,Armored Axon Kicker,Effect Monster,EARTH,Psychic,2200
86915847,Armored Bee,Effect Monster,WIND,Insect,1600
29374928,Armored Bitron,Effect Monster,DARK,Cyberse,500
67159705,Armored Cybern,Union Effect Monster,WIND,Machine,0
50789693,Armored Kappa,XYZ Monster,WATER,Psychic,400
15480588,Armored Lizard,Normal Monster,EARTH,Reptile,1500
16246527,Armored Rat,Normal Monster,EARTH,Beast,950
27480536,Armored Shark,Effect Monster,WATER,Fish,500
17535588,Armored Starfish,Normal Monster,WATER,Aqua,850
17170970,Armored White Bear,Effect Monster,WATER,Beast,1800
20277860,Armored Zombie,Normal Monster,DARK,Zombie,1500
73333463,Armoroid,Effect Monster,EARTH,Machine,2700
29071332,Armory Arm,Synchro Monster,LIGHT,Machine,1800
61775475,Arms of Genex Return Zero,Synchro Monster,DARK,Machine,3100
29687169,"Arnis, the Empowered Warrior",Effect Monster,FIRE,Warrior,1700
21452275,Aroma Jar,Flip Effect Monster,WIND,Rock,500
85967160,Aromage Bergamot,Effect Monster,FIRE,Plant,2400
22174866,Aromage Cananga,Effect Monster,EARTH,Plant,1400
96789758,Aromage Jasmine,Effect Monster,LIGHT,Plant,100
14169843,Aromage Laurel,Effect Monster,WIND,Plant,800
40663548,Aromage Marjoram,Effect Monster,DARK,Plant,2000
58569561,Aromage Rosemary,Effect Monster,WATER,Plant,1800
73167098,Aromalilith Magnolia,Fusion Monster,DARK,Plant,2600
24689197,Aromalilith Rosalina,Tuner Monster,DARK,Plant,0
30989084,Aromalilith Rosemary,Link Monster,DARK,Plant,2200
16759958,Aromaseraphy Angelica,Tuner Monster,LIGHT,Plant,0
21200905,Aromaseraphy Jasmine,Link Monster,LIGHT,Plant,1800
38148100,Aromaseraphy Rosemary,Synchro Monster,LIGHT,Plant,2000
79656239,Aromaseraphy Sweet Marjoram,Synchro Monster,LIGHT,Plant,2200
34172284,"Aron, the Ogdoadic King",Effect Monster,LIGHT,Reptile,2500
42364374,Arsenal Bug,Effect Monster,EARTH,Insect,2000
85489096,Arsenal Summoner,Flip Effect Monster,WIND,Spellcaster,1600
34755994,"Artemis, the Magistus Moon Maiden",Link Monster,LIGHT,Spellcaster,800
11475049,Artifact Achilleshield,Effect Monster,LIGHT,Fairy,1500
85080444,Artifact Aegis,Effect Monster,LIGHT,Fairy,1200
12697630,Artifact Beagalltach,Effect Monster,LIGHT,Fairy,1400
84268896,Artifact Caduceus,Effect Monster,LIGHT,Fairy,1600
8873112,Artifact Chakram,Effect Monster,LIGHT,Fairy,1900
7480763,Artifact Dagda,Link Monster,LIGHT,Fairy,1500
69840739,Artifact Durendal,XYZ Monster,LIGHT,Fairy,2400
48086335,Artifact Failnaught,Effect Monster,LIGHT,Fairy,2000
47863787,Artifact Labrys,Effect Monster,LIGHT,Fairy,2300
34267821,Artifact Lancea,Effect Monster,LIGHT,Fairy,1700
80237445,Artifact Mjollnir,Effect Monster,LIGHT,Fairy,1300
85103922,Artifact Moralltach,Effect Monster,LIGHT,Fairy,2100
20292186,Artifact Scythe,Effect Monster,LIGHT,Fairy,2200
69304426,Artifact Vajra,Effect Monster,LIGHT,Fairy,1800
7913375,Artillery Catapult Turtle,Effect Monster,WATER,Aqua,1000
27184601,Artmage Diactorus,Fusion Monster,LIGHT,Fairy,2800
34541940,Artmage Finmel,Effect Monster,LIGHT,Warrior,2400
60946049,Artmage Graflare,Effect Monster,LIGHT,Dragon,2100
97434754,Artmage Litera,Effect Monster,LIGHT,Spellcaster,400
74631897,Artmage Non-Finito,Fusion Monster,EARTH,Illusion,2400
23829452,Artmage Power Patron,Effect Monster,EARTH,Illusion,300
21223277,"Artorigus, King of the Noble Knights",XYZ Monster,LIGHT,Warrior,2000
71821687,"Ascator, Dawnwalker",Effect Monster,EARTH,Spellcaster,2300
37910722,Ascension Sky Dragon,Synchro Monster,LIGHT,Dragon,-1
14558127,Ash Blossom & Joyous Spring,Tuner Monster,FIRE,Zombie,0
44376395,ASHLAN U1000,Link Monster,LIGHT,Cyberse,1400
58996839,Ashoka Pillar,Effect Monster,EARTH,Rock,0
80993256,Ashura King,XYZ Monster,EARTH,Warrior,2100
46815301,"Askaan, the Bicorned Ghoti",Synchro Monster,WATER,Fish,2700
12888461,Aspischool,Effect Monster,WATER,Fish,300
3431737,Assault Beast,Effect Monster,EARTH,Beast-Warrior,1900
23338098,Assault Blackwing - Chidori the Rain Sprinkling,Synchro Monster,DARK,Winged Beast,2600
70456282,Assault Blackwing - Kunai the Drizzle,Effect Monster,DARK,Winged Beast,2100
80773359,Assault Blackwing - Onimaru the Divine Thunder,Synchro Monster,DARK,Winged Beast,3000
16051717,Assault Blackwing - Raikiri the Rain Shower,Synchro Monster,DARK,Winged Beast,2600
17994645,Assault Blackwing - Sayo the Rain Hider,Synchro Monster,DARK,Winged Beast,800
53389254,Assault Blackwing - Sohaya the Rain Storm,Synchro Monster,DARK,Winged Beast,1500
72714226,Assault Dog,Effect Monster,EARTH,Beast,1200
86098176,Assault Lich,Tuner Monster,DARK,Zombie,1500
77036039,Assault Mercenary,Effect Monster,EARTH,Warrior,1800
39015,Assault Sentinel,Effect Monster,EARTH,Beast-Warrior,1600
18711696,Assault Sonic Warrior,Effect Monster,WIND,Warrior,1000
77202120,Assault Synchron,Tuner Monster,DARK,Machine,700
29311166,Assault Wyvern,Effect Monster,LIGHT,Dragon,1800
98520301,Asset Mountis,Effect Monster,LIGHT,Insect,2300
25592142,Astellar of the White Forest,Effect Monster,LIGHT,Spellcaster,0
69170403,Astra Ghouls,Effect Monster,EARTH,Zombie,0
64591429,Astral Kuriboh,Effect Monster,LIGHT,Fiend,100
69852487,Astraltopia,Effect Monster,LIGHT,Warrior,0
76794549,Astrograph Sorcerer,Pendulum Effect Monster,DARK,Spellcaster,2500
2134346,Asura Priest,Spirit Monster,LIGHT,Fairy,1700
88236094,Aswan Apparition,Effect Monster,DARK,Fiend,500
48964966,Athena,Effect Monster,LIGHT,Fairy,2600
8078366,Atlantean Attack Squad,Effect Monster,WATER,Sea Serpent,1400
74311226,Atlantean Dragoons,Effect Monster,WATER,Sea Serpent,1800
37104630,Atlantean Heavy Infantry,Effect Monster,WATER,Sea Serpent,0
706925,Atlantean Marksman,Effect Monster,WATER,Sea Serpent,1400
26976414,Atlantean Pikeman,Normal Monster,WATER,Sea Serpent,1400
87340664,Atomic Firefly,Effect Monster,LIGHT,Insect,100
92361635,Atomic Scrap Dragon,Synchro Monster,EARTH,Dragon,3200
79875526,Attachment Cybern,Effect Monster,LIGHT,Dragon,1600
31175914,Attack Gainer,Tuner Monster,EARTH,Warrior,0
4709881,Auram the World Chalice Blademaster,Link Monster,FIRE,Cyberse,2000
7183277,"Aurkus, Lightsworn Druid",Effect Monster,LIGHT,Beast-Warrior,1200
22386234,Aurora Paragon,Effect Monster,LIGHT,Fairy,1500
70089580,Aurora Wing,Effect Monster,WATER,Winged Beast,1200
62803464,Aussa the Earth Channeler,Effect Monster,EARTH,Spellcaster,1850
37970940,Aussa the Earth Charmer,Flip Effect Monster,EARTH,Spellcaster,500
97661969,"Aussa the Earth Charmer, Immovable",Link Monster,EARTH,Spellcaster,1850
80250185,Autorokket Dragon,Effect Monster,DARK,Dragon,1600
29139104,Avalanching Aussa,Effect Monster,EARTH,Spellcaster,800
51618973,"Avance, Swordsman of the Nekroz",Effect Monster,WATER,Spellcaster,1500
99284890,Avatar of The Pot,Effect Monster,EARTH,Rock,1200
91420202,Avendread Savior,Link Monster,DARK,Zombie,1600
69514125,Avenging Knight Parshath,Synchro Monster,LIGHT,Fairy,2600
17469113,"Avida, Rebuilder of Worlds",Effect Monster,LIGHT,Cyberse,3500
74426895,Awakening of the Possessed - Gagigobyte,Effect Monster,WATER,Reptile,2000
92652813,Awakening of the Possessed - Greater Inari Fire,Effect Monster,FIRE,Pyro,2000
65268179,Awakening of the Possessed - Nefariouser Archfiend,Effect Monster,EARTH,Beast,2000
410904,Awakening of the Possessed - Rasenryu,Effect Monster,WIND,Dragon,2000
84914462,Axe Dragonute,Effect Monster,DARK,Dragon,2000
48305365,Axe Raider,Normal Monster,EARTH,Warrior,1700
33171768,Axon Kicker Oracle,Fusion Monster,EARTH,Psychic,2900
42969214,Aye-Iron,Effect Monster,EARTH,Machine,1600
17749468,Azamina,Fusion Monster,LIGHT,Illusion,4000
46396218,Azamina Ilia Silvia,Fusion Monster,DARK,Illusion,1900
46174776,Azamina Moa Regina,Fusion Monster,DARK,Illusion,3000
73391962,Azamina Mu Rcielago,Fusion Monster,DARK,Illusion,2000
9785661,Azamina Sol Erysichthon,Fusion Monster,DARK,Illusion,2700
75081613,"Aztekipede, the Worm Warrior",Effect Monster,EARTH,Insect,1900
40908371,Azure-Eyes Silver Dragon,Synchro Monster,LIGHT,Dragon,2500
77411244,B-Buster Drake,Union Effect Monster,LIGHT,Machine,1500
89832901,B. Dragon Jungle King,Normal Monster,EARTH,Dragon,2100
14148099,B.E.S. Big Core,Effect Monster,DARK,Machine,2300
75937826,B.E.S. Big Core MK-2,Effect Monster,FIRE,Machine,2400
82821760,B.E.S. Big Core MK-3,Effect Monster,LIGHT,Machine,2700
84257883,B.E.S. Blaster Cannon Core,Effect Monster,EARTH,Machine,2500
15317640,B.E.S. Covered Core,Effect Monster,EARTH,Machine,2500
22790789,B.E.S. Crystal Core,Effect Monster,WATER,Machine,2100
5121528,B.E.S. Derringer Core,Effect Monster,LIGHT,Machine,1900
44954628,B.E.S. Tetran,Effect Monster,WIND,Machine,1800
67073561,Baba Barber,Link Monster,DARK,Fiend,200
88819587,Baby Dragon,Normal Monster,WIND,Dragon,1200
40380686,Baby Mudragon,Tuner Monster,DARK,Dragon,0
92729410,Baby Raccoon Ponpoko,Effect Monster,EARTH,Beast,800
28118128,Baby Raccoon Tantan,Flip Effect Monster,EARTH,Beast,0
60023855,Baby Spider,Effect Monster,DARK,Insect,0
12533811,Baby Tiragon,XYZ Monster,EARTH,Dragon,900
36042004,Babycerasaurus,Effect Monster,EARTH,Dinosaur,500
56208713,Bacha the Melodious Maestra,Fusion Monster,LIGHT,Fairy,2500
83272895,Bachibachibachi,Effect Monster,LIGHT,Insect,800
84976088,Background Dragon,Effect Monster,DARK,Dragon,1600
71172240,Backlinker,Effect Monster,DARK,Cyberse,1600
30118811,Backup @Ignister,Tuner Monster,DARK,Cyberse,1200
97947705,Backup Operator,Effect Monster,LIGHT,Cyberse,1200
63528891,Backup Secretary,Effect Monster,LIGHT,Cyberse,1200
97677329,Backup Supervisor,Link Monster,LIGHT,Cyberse,1200
95637655,Backup Warrior,Effect Monster,EARTH,Warrior,2100
82593786,Bacon Saver,Effect Monster,DARK,Zombie,700
88890658,Baelgrill de Nouvelles,Ritual Effect Monster,DARK,Warrior,2400
53318263,"Bahalutiya, the Grand Radiance",Effect Monster,LIGHT,Dragon,2000
440556,Bahamut Shark,XYZ Monster,WATER,Sea Serpent,2600
94670654,Baku the Beast Ninja,Effect Monster,WIND,Beast,1500
52495649,Balameuniere de Nouvelles,Ritual Effect Monster,DARK,Beast-Warrior,2000
8567955,Balancer Lord,Effect Monster,LIGHT,Cyberse,1700
39892082,Balloon Lizard,Effect Monster,EARTH,Reptile,500
61528025,Banisher of the Light,Effect Monster,LIGHT,Fairy,100
94853057,Banisher of the Radiance,Effect Monster,LIGHT,Fairy,1600
55705473,Baobaboon,Effect Monster,DARK,Plant,1200
81992475,"Barbar, Malebranche of the Burning Abyss",Effect Monster,DARK,Fiend,1700
54702678,"Barbaroid, the Ultimate Battle Machine",Fusion Monster,EARTH,Machine,4000
62967433,Baromet the Sacred Sheep Shrub,XYZ Monster,EARTH,Plant,1900
86325596,Baron of the Fiend Sword,Normal Monster,DARK,Fiend,1550
84815190,Baronne de Fleur,Synchro Monster,WIND,Warrior,3000
6840573,Barox,Fusion Monster,DARK,Fiend,1380
81480461,Barrel Dragon,Effect Monster,DARK,Machine,2600
67841515,Barrel Lily,Normal Monster,EARTH,Plant,1100
10476868,Barrel Rock,Normal Monster,EARTH,Rock,1000
13117073,Barricadeborg Blocker,Link Monster,DARK,Machine,1000
89127526,Barrier Resonator,Tuner Monster,LIGHT,Fiend,300
84478195,Barrier Statue of the Abyss,Effect Monster,DARK,Fiend,1000
19740112,Barrier Statue of the Drought,Effect Monster,EARTH,Rock,1000
46145256,Barrier Statue of the Heavens,Effect Monster,LIGHT,Fairy,1000
47961808,Barrier Statue of the Inferno,Effect Monster,FIRE,Pyro,1000
73356503,Barrier Statue of the Stormwinds,Effect Monster,WIND,Winged Beast,1000
10963799,Barrier Statue of the Torrent,Effect Monster,WATER,Aqua,1000
89091579,Basic Insect,Normal Monster,EARTH,Insect,500
81344637,"Basilius, Familiar of the Evil Eye",Effect Monster,DARK,Fiend,400
65351555,"Basiltrice, Familiar of the Evil Eye",Effect Monster,DARK,Fiend,1000
72076281,Bat,Normal Monster,WIND,Machine,300
80447641,"Bat, the Forest Ninja",Tuner Monster,LIGHT,Beast,800
60549248,Batteryman 9-Volt,Effect Monster,LIGHT,Thunder,1000
63142001,Batteryman AA,Effect Monster,LIGHT,Thunder,0
47346845,Batteryman AAA,Effect Monster,LIGHT,Thunder,0
19733961,Batteryman C,Effect Monster,LIGHT,Thunder,0
83446909,Batteryman Charger,Effect Monster,LIGHT,Thunder,1800
55401221,Batteryman D,Effect Monster,LIGHT,Thunder,0
74730899,Batteryman Fuel Cell,Effect Monster,LIGHT,Thunder,2100
19441018,Batteryman Industrial Strength,Effect Monster,LIGHT,Thunder,2600
56839613,Batteryman Micro-Cell,Flip Effect Monster,LIGHT,Thunder,100
44586426,Batteryman Solar,Effect Monster,LIGHT,Thunder,1500
19665973,Battle Fader,Effect Monster,DARK,Fiend,0
48094997,Battle Footballer,Normal Monster,FIRE,Machine,1000
5053103,Battle Ox,Normal Monster,EARTH,Beast-Warrior,1700
74752631,Battle Shogun of the Six Samurai,Link Monster,EARTH,Warrior,1000
18246479,Battle Steer,Normal Monster,EARTH,Beast-Warrior,1800
64178868,Battle Survivor,Effect Monster,EARTH,Warrior,1600
55550921,Battle Warrior,Normal Monster,EARTH,Warrior,700
40424929,Battlecruiser Dianthus,XYZ Monster,EARTH,Plant,2100
5577149,Battleguard Cadet,Effect Monster,EARTH,Warrior,50
39389320,Battleguard King,Effect Monster,EARTH,Warrior,3000
69695704,Battlestorm,Effect Monster,DARK,Winged Beast,1700
90161770,Battlewasp - Arbalest the Rapidfire,Effect Monster,WIND,Insect,1800
27565379,Battlewasp - Azusa the Ghost Bow,Synchro Tuner Monster,WIND,Insect,2200
26443791,Battlewasp - Ballista the Armageddon,Synchro Monster,WIND,Insect,3000
91283212,Battlewasp - Dart the Hunter,Effect Monster,WIND,Insect,100
35057188,Battlewasp - Grand Partisan the Revolution,Synchro Monster,WIND,Insect,3000
53950487,Battlewasp - Halberd the Charge,Synchro Monster,WIND,Insect,2500
80949182,Battlewasp - Hama the Conquering Bow,Synchro Monster,WIND,Insect,2800
65899613,Battlewasp - Pin the Bullseye,Effect Monster,WIND,Insect,200
56146300,Battlewasp - Rapier the Onslaught,Effect Monster,WIND,Insect,1900
71456737,Battlewasp - Sachi the Ceremonial Bow,Synchro Monster,WIND,Insect,2400
28388927,Battlewasp - Sting the Poison,Tuner Monster,WIND,Insect,400
54772065,Battlewasp - Twinbow the Attacker,Effect Monster,WIND,Insect,1000
86325573,Battlin' Boxer Big Bandage,Effect Monster,FIRE,Warrior,1100
76589815,Battlin' Boxer Cheat Commissioner,XYZ Monster,FIRE,Warrior,0
47921178,Battlin' Boxer Chief Second,Effect Monster,FIRE,Warrior,500
4549095,Battlin' Boxer Counterpunch,Effect Monster,FIRE,Warrior,0
5361647,Battlin' Boxer Glassjaw,Effect Monster,FIRE,Warrior,2000
79867938,Battlin' Boxer Headgeared,Effect Monster,FIRE,Warrior,1000
46804536,Battlin' Boxer King Dempsey,XYZ Monster,FIRE,Warrior,2300
23232295,Battlin' Boxer Lead Yoke,XYZ Monster,FIRE,Warrior,2200
83315222,Battlin' Boxer Promoter,Effect Monster,FIRE,Warrior,1700
61679541,Battlin' Boxer Rabbit Puncher,Effect Monster,FIRE,Warrior,800
24184846,Battlin' Boxer Rib Gardna,Effect Monster,FIRE,Warrior,100
35537251,Battlin' Boxer Shadow,Effect Monster,FIRE,Warrior,1800
32750341,Battlin' Boxer Sparrer,Effect Monster,FIRE,Warrior,1200
68144350,Battlin' Boxer Switchitter,Effect Monster,FIRE,Warrior,1500
11522479,Battlin' Boxer Uppercutter,Effect Monster,FIRE,Warrior,1600
13313278,Battlin' Boxer Veil,Effect Monster,FIRE,Warrior,0
83755611,"Baxia, Brightness of the Yang Zing",Synchro Monster,LIGHT,Wyrm,2300
4472318,Bayerock Dragon,Effect Monster,EARTH,Dinosaur,2300
47474172,"Bayonater, the Baneful Barrel",Effect Monster,DARK,Zombie,500
40133511,Bazoo the Soul-Eater,Effect Monster,EARTH,Beast,1600
6103114,Beaked Snake,Normal Monster,EARTH,Reptile,800
84990171,Bean Soldier,Normal Monster,EARTH,Plant,1400
80141055,Bearblocker,Effect Monster,DARK,Fiend,1600
27134209,"Beargram, Shelled Emperor of the Forest Crown",Effect Monster,EARTH,Insect,3400
78651105,Beast King Barbaros,Effect Monster,EARTH,Beast-Warrior,3000
19028307,Beast Machine King Barbaros Ür,Effect Monster,EARTH,Beast-Warrior,3800
11761845,Beast of Talwar,Normal Monster,DARK,Fiend,2400
20011655,Beast of Talwar - The Sword Summit,Effect Monster,DARK,Fiend,2400
83903521,Beast of the Pharaoh,Effect Monster,EARTH,Zombie,400
21362970,Beast Striker,Effect Monster,EARTH,Beast,1850
72378329,Beast-Eyes Pendulum Dragon,Fusion Monster,EARTH,Dragon,3000
16796157,Beast-Warrior Puma,Effect Monster,LIGHT,Beast-Warrior,1600
99426834,Beastking of the Swamps,Effect Monster,WATER,Aqua,1000
99011763,Beat Cop from the Underworld,Link Monster,DARK,Fiend,1000
93850652,"Beat, Bladesman Fur Hire",Effect Monster,EARTH,Warrior,1200
46924949,Beatraptor,Effect Monster,EARTH,Dinosaur,1400
27552504,"Beatrice, Lady of the Eternal",XYZ Monster,LIGHT,Fairy,2500
29616941,Beautiful Beast Trainer,Normal Monster,EARTH,Warrior,1750
16899564,Beautiful Headhuntress,Normal Monster,EARTH,Warrior,1600
6625096,Beautunaful Princess,Effect Monster,WATER,Fish,0
32452818,Beaver Warrior,Normal Monster,EARTH,Beast-Warrior,1200
58400390,Beckoned by the World Chalice,Normal Monster,EARTH,Warrior,1800
1474910,Bee List Soldier,Effect Monster,WIND,Insect,500
49522489,Beelze Frog,Effect Monster,WATER,Aqua,1200
34408491,Beelze of the Diabolic Dragons,Synchro Monster,DARK,Dragon,3000
8763963,Beelzeus of the Diabolic Dragons,Synchro Monster,DARK,Dragon,4000
30587695,Beetron,Effect Monster,DARK,Insect,1600
2834264,Beetrooper Armor Horn,Link Monster,EARTH,Insect,1000
51578214,Beetrooper Assault Roller,Effect Monster,EARTH,Insect,1600
91300233,Beetrooper Cruel Saturnas,Fusion Monster,DARK,Insect,2400
88962829,Beetrooper Light Flapper,Effect Monster,WATER,Insect,2000
39041550,Beetrooper Scale Bomber,Effect Monster,FIRE,Insect,1200
2656842,Beetrooper Scout Buggy,Effect Monster,WIND,Insect,1000
65430555,Beetrooper Sting Lancer,Effect Monster,WIND,Insect,2400
6628343,Beginning Knight,Effect Monster,LIGHT,Warrior,500
94022093,Behegon,Normal Monster,WATER,Aqua,1350
13836592,Behemoth the King of a Hundred Battles,Effect Monster,EARTH,Beast,2700
22996376,Behemoth the King of All Animals,Effect Monster,EARTH,Beast,2700
33731070,"Beiige, Vanguard of Dark World",Effect Monster,DARK,Fiend,1600
33655493,Belial - Marquis of Darkness,Effect Monster,DARK,Fiend,2800
22953211,Bellcat Fighter,Link Monster,WIND,Machine,2000
73345237,Benghalancer the Resurgent,Link Monster,LIGHT,Plant,2500
77207191,Berfomet,Effect Monster,DARK,Fiend,1400
69601012,Berfomet the Mythical King of Phantom Beasts,Fusion Monster,WIND,Fiend,2400
59808784,Berlineth the Firestorm Vassal,Effect Monster,FIRE,Pyro,800
20747792,Berry Magician Girl,Effect Monster,EARTH,Spellcaster,400
13744068,Berserk Archfiend,Effect Monster,DARK,Fiend,2000
85605684,Berserk Dragon,Effect Monster,DARK,Zombie,3500
39168895,Berserk Gorilla,Effect Monster,EARTH,Beast,2000
5402805,Berserker of the Tenyi,Link Monster,DARK,Wyrm,3000
42901635,Berserkion the Electromagna Warrior,Effect Monster,EARTH,Rock,3000
79418928,Beta The Electromagnet Warrior,Effect Monster,EARTH,Rock,1500
39256679,Beta The Magnet Warrior,Normal Monster,EARTH,Rock,1700
84079032,Bettan Bat,Tuner Monster,EARTH,Winged Beast,0
22125101,Beyond the Pendulum,Link Monster,DARK,Spellcaster,1200
66500065,"Bi'an, Earth of the Yang Zing",Effect Monster,EARTH,Wyrm,1600
25655502,Bickuribox,Fusion Monster,DARK,Fiend,2300
58685438,Bicorn Re'em,Effect Monster,DARK,Beast,800
83392426,Bicular,Effect Monster,EARTH,Machine,200
32696942,Big Belly Knight,Effect Monster,EARTH,Warrior,1000
16768387,Big Eye,Flip Effect Monster,DARK,Fiend,1200
53606874,Big Insect,Normal Monster,EARTH,Insect,1200
51254277,Big Jaws,Effect Monster,WATER,Fish,1800
42129512,Big Koala,Normal Monster,EARTH,Beast,2700
89235196,Big One Warrior,Effect Monster,LIGHT,Warrior,100
25247218,Big Piece Golem,Effect Monster,EARTH,Rock,2100
65240384,Big Shield Gardna,Effect Monster,EARTH,Warrior,100
18322364,Big Whale,Effect Monster,WATER,Fish,1000
59380081,Big-Tusked Mammoth,Effect Monster,EARTH,Beast,2000
55461744,Big-Winged Berfomet,Effect Monster,DARK,Fiend,1400
80088625,Binary Blader,Link Monster,EARTH,Cyberse,1800
79016563,Binary Sorceress,Link Monster,EARTH,Cyberse,1600
8058240,Binding Chain,Normal Monster,LIGHT,Fairy,1000
7670542,Bio Plant,Normal Monster,DARK,Fiend,600
3084730,Bio-Insect Armor,Effect Monster,EARTH,Insect,1500
58696829,Bio-Mage,Normal Monster,LIGHT,Fairy,1150
74130411,Biofalcon,Effect Monster,LIGHT,Machine,1700
84845628,Bird of Paradise Lost,Tuner Monster,DARK,Wyrm,2700
75252099,Bird of Roses,Effect Monster,WIND,Plant,1800
45547649,Birdface,Effect Monster,WIND,Winged Beast,1600
92142169,Bite Bug,Effect Monster,EARTH,Insect,300
50122883,Bite Shoes,Flip Effect Monster,DARK,Fiend,500
44702857,Bitelon,Effect Monster,WATER,Reptile,2400
36211150,Bitron,Normal Monster,EARTH,Cyberse,200
36694815,Bitrooper,Effect Monster,EARTH,Cyberse,1500
2095764,"Bixi, Water of the Yang Zing",Effect Monster,WATER,Wyrm,0
50896944,Black Brachios,Effect Monster,EARTH,Dinosaur,1800
96029574,Black Brutdrago,Synchro Monster,FIRE,Dragon,3000
61901281,Black Dragon Collapserpent,Effect Monster,DARK,Dragon,1800
56562619,Black Dragon Ninja,Effect Monster,DARK,Beast,2800
36262024,Black Dragon's Chick,Effect Monster,DARK,Dragon,800
75672051,Black Fang Magician,Pendulum Effect Monster,DARK,Spellcaster,1700
5405694,Black Luster Soldier,Ritual Monster,EARTH,Warrior,3000
72989439,Black Luster Soldier - Envoy of the Beginning,Effect Monster,LIGHT,Warrior,3000
77498348,Black Luster Soldier - Envoy of the Evening Twilight,Effect Monster,DARK,Warrior,3000
70551291,Black Luster Soldier - Legendary Swordsman,Ritual Effect Monster,EARTH,Warrior,3000
92510265,Black Luster Soldier - Sacred Soldier,Effect Monster,LIGHT,Warrior,3000
49202162,Black Luster Soldier - Soldier of Chaos,Link Monster,EARTH,Warrior,3000
54484652,Black Luster Soldier - Super Soldier,Ritual Effect Monster,EARTH,Warrior,3000
86469231,Black Mamba,Effect Monster,DARK,Reptile,1300
93969023,Black Metal Dragon,Effect Monster,DARK,Dragon,600
76218643,Black Potan,Effect Monster,DARK,Fiend,200
90654356,Black Ptera,Effect Monster,WIND,Dinosaur,1000
74416224,Black Ray Lancer,XYZ Monster,DARK,Beast-Warrior,2100
73580471,Black Rose Dragon,Synchro Monster,FIRE,Dragon,2400
33698022,Black Rose Moonlight Dragon,Synchro Monster,LIGHT,Dragon,2400
88671720,Black Salvo,Tuner Monster,DARK,Machine,100
11901678,Black Skull Dragon,Fusion Monster,DARK,Dragon,3200
79409334,Black Stego,Effect Monster,EARTH,Dinosaur,1200
38670435,Black Tyranno,Effect Monster,EARTH,Dinosaur,2600
52319752,Black Veloci,Effect Monster,EARTH,Dinosaur,1800
73218989,Black-Winged Assault Dragon,Synchro Monster,DARK,Dragon,3200
9012916,Black-Winged Dragon,Synchro Monster,DARK,Dragon,2800
67647362,"Blackbeard, the Plunder Patroll Captain",Link Monster,WATER,Fiend,1600
91642007,"Blackeyes, the Plunder Patroll Seaguide",Effect Monster,WATER,Fiend,1000
60992105,Blackfeather Darkrage Dragon,Synchro Monster,DARK,Dragon,2800
87564352,Blackland Fire Dragon,Normal Monster,DARK,Dragon,1500
31053337,Blackwing - Abrolhos the Megaquake,Effect Monster,DARK,Winged Beast,2600
4068622,Blackwing - Aurora the Northern Lights,Effect Monster,LIGHT,Winged Beast,-1
17465972,Blackwing - Auster the South Wind,Tuner Monster,DARK,Winged Beast,1300
22835145,Blackwing - Blizzard the Far North,Tuner Monster,DARK,Winged Beast,1300
49003716,Blackwing - Bora the Spear,Effect Monster,DARK,Winged Beast,1700
16516630,Blackwing - Boreas the Sharp,Effect Monster,DARK,Winged Beast,1300
10602628,Blackwing - Boreastorm the Wicked Wind,Synchro Tuner Monster,DARK,Winged Beast,2400
89258906,Blackwing - Breeze the Zephyr,Tuner Monster,DARK,Winged Beast,1100
52900379,Blackwing - Brisote the Tailwind,Effect Monster,DARK,Winged Beast,1200
88305978,Blackwing - Calima the Haze,Effect Monster,DARK,Winged Beast,600
34976176,Blackwing - Chinook the Snow Blast,Effect Monster,DARK,Winged Beast,100
58131925,Blackwing - Damascus the Polar Night,Effect Monster,DARK,Winged Beast,1300
19462747,Blackwing - Decay the Ill Wind,Tuner Monster,DARK,Winged Beast,1000
11613567,Blackwing - Elphin the Raven,Effect Monster,DARK,Winged Beast,2200
78564023,Blackwing - Etesian of Two Swords,Effect Monster,DARK,Winged Beast,400
9109991,Blackwing - Fane the Steel Chain,Effect Monster,DARK,Winged Beast,500
2009101,Blackwing - Gale the Whirlwind,Tuner Monster,DARK,Winged Beast,1300
26775203,Blackwing - Ghibli the Searing Wind,Effect Monster,DARK,Winged Beast,0
28190303,Blackwing - Gladius the Midnight Sun,Effect Monster,DARK,Winged Beast,800
9929398,Blackwing - Gofu the Vague Shadow,Tuner Monster,DARK,Winged Beast,0
17377751,Blackwing - Gram the Shining Star,Synchro Monster,DARK,Winged Beast,2200
52869807,Blackwing - Gust the Backblast,Effect Monster,DARK,Winged Beast,900
77152542,Blackwing - Harmattan the Dust,Effect Monster,DARK,Winged Beast,800
3072808,Blackwing - Hillen the Tengu-wind,Tuner Monster,DARK,Winged Beast,0
36442179,Blackwing - Hurricane the Tornado,Tuner Monster,DARK,Winged Beast,0
87390067,Blackwing - Jetstream the Blue Sky,Effect Monster,DARK,Winged Beast,100
38562933,Blackwing - Jin the Rain Shadow,Tuner Monster,DARK,Winged Beast,600
85215458,Blackwing - Kalut the Moon Shadow,Effect Monster,DARK,Winged Beast,1400
41902352,Blackwing - Kochi the Daybreak,Tuner Monster,DARK,Winged Beast,700
49460512,Blackwing - Kogarashi the Wanderer,Tuner Monster,DARK,Winged Beast,2300
81105204,Blackwing - Kris the Crack of Dawn,Effect Monster,DARK,Winged Beast,1900
46710683,Blackwing - Mistral the Silver Shield,Tuner Monster,DARK,Winged Beast,100
95040215,Blackwing - Nothung the Starlight,Synchro Monster,DARK,Winged Beast,2400
73652465,Blackwing - Oroshi the Squall,Tuner Monster,DARK,Winged Beast,400
55610595,Blackwing - Pinaki the Waxing Moon,Tuner Monster,DARK,Winged Beast,1200
8571567,Blackwing - Shamal the Sandstorm,Tuner Monster,DARK,Winged Beast,1600
54594017,Blackwing - Sharnga the Waning Moon,Tuner Monster,DARK,Winged Beast,500
58820853,Blackwing - Shura the Blue Flame,Effect Monster,DARK,Winged Beast,1800
33236860,Blackwing - Silverwind the Ascendant,Synchro Monster,DARK,Winged Beast,2800
81470373,Blackwing - Simoon the Poison Wind,Effect Monster,DARK,Winged Beast,1600
75498415,Blackwing - Sirocco the Dawn,Effect Monster,DARK,Winged Beast,2000
9047460,Blackwing - Steam the Cloak,Tuner Monster,DARK,Winged Beast,800
70465810,Blackwing - Sudri the Phantom Glimmer,Effect Monster,DARK,Winged Beast,1400
73534250,Blackwing - Tornado the Reverse Wind,Effect Monster,DARK,Winged Beast,1000
71187462,Blackwing - Vata the Emblem of Wandering,Tuner Monster,DARK,Winged Beast,800
72714392,Blackwing - Vayu the Emblem of Honor,Tuner Monster,DARK,Winged Beast,800
14785765,Blackwing - Zephyros the Elite,Effect Monster,DARK,Winged Beast,1600
7459919,Blackwing - Zonda the Dusk,Effect Monster,DARK,Winged Beast,2300
76913983,Blackwing Armed Wing,Synchro Monster,DARK,Winged Beast,2300
69031175,Blackwing Armor Master,Synchro Monster,DARK,Winged Beast,2500
54082269,Blackwing Full Armor Master,Synchro Monster,DARK,Winged Beast,3000
81983656,Blackwing Tamer - Obsidian Hawk Joe,Synchro Monster,DARK,Warrior,2600
82944432,Blade Armor Ninja,XYZ Monster,WIND,Warrior,2200
70194827,Blade Bounzer,Effect Monster,EARTH,Warrior,1800
78509901,Blade Garoodia the Cubic Beast,Effect Monster,FIRE,Beast,0
39507162,Blade Knight,Effect Monster,LIGHT,Warrior,1600
58268433,Blade Rabbit,Effect Monster,EARTH,Beast,400
97023549,Blade Skater,Normal Monster,EARTH,Warrior,1400
28470714,Bladefly,Effect Monster,WIND,Insect,600
11685347,Blast Asmodian,Effect Monster,FIRE,Fiend,1000
70138455,Blast Juggler,Effect Monster,FIRE,Machine,800
21051146,Blast Magician,Effect Monster,FIRE,Spellcaster,1400
26302522,Blast Sphere,Effect Monster,DARK,Machine,1400
53804307,"Blaster, Dragon Ruler of Infernos",Effect Monster,FIRE,Dragon,2800
6602300,"Blaze Fenix, the Burning Bombardment Bird",Fusion Monster,FIRE,Pyro,2800
47132793,"Blaze, Supreme Ruler of all Dragons",XYZ Monster,FIRE,Dragon,2800
16984449,Blazewing Butterfly,Gemini Monster,FIRE,Insect,1500
70117791,Blazing Bombardment Beast,Fusion Monster,FIRE,Machine,1900
95515789,"Blazing Cartesia, the Virtuous",Tuner Monster,LIGHT,Spellcaster,1500
92518817,Blazing Hiita,Effect Monster,FIRE,Spellcaster,800
5464695,Blazing Inpachi,Normal Monster,FIRE,Pyro,1850
35215622,Blindly Loyal Goblin,Effect Monster,EARTH,Warrior,1800
61802346,Blizzard Dragon,Effect Monster,WATER,Dragon,1800
43694481,Blizzard Falcon,Effect Monster,WATER,Winged Beast,1500
28348537,Blizzard Princess,Effect Monster,WATER,Spellcaster,2800
50920465,Blizzard Thunderbird,Effect Monster,WATER,Winged Beast,1600
96565487,Blizzard Warrior,Effect Monster,WATER,Warrior,1400
60161788,"Blizzed, Defender of the Ice Barrier",Effect Monster,WATER,Aqua,300
94689206,Block Dragon,Effect Monster,EARTH,Rock,2500
72580321,Block Golem,Effect Monster,EARTH,Rock,1000
79636594,Block Spider,Effect Monster,EARTH,Insect,0
34743446,Blocker,Normal Monster,DARK,Machine,850
48115277,Blockman,Effect Monster,EARTH,Rock,1000
30757396,Blood Mefist,Synchro Monster,DARK,Fiend,2800
97783659,Blood Sucker,Effect Monster,DARK,Zombie,1300
84988419,Bloom Diva the Melodious Choir,Fusion Monster,LIGHT,Fairy,1000
34974462,Bloom Harmonist the Melodious Composer,Link Monster,LIGHT,Fairy,1000
24672164,Bloom Prima the Melodious Choir,Fusion Monster,LIGHT,Fairy,1900
25551951,Blowback Dragon,Effect Monster,DARK,Machine,2300
14568951,Blue Dragon Ninja,Effect Monster,WATER,Sea Serpent,2100
55969226,Blue Dragon Summoner,Effect Monster,WIND,Spellcaster,1500
40217358,Blue Duston,Effect Monster,WATER,Fiend,0
50903514,Blue Flame Swordsman,Effect Monster,FIRE,Warrior,1800
54582424,Blue Mountain Butterspy,Effect Monster,DARK,Warrior,0
98884569,Blue Rose Dragon,Effect Monster,DARK,Dragon,1600
14089428,Blue Thunder T-45,Effect Monster,LIGHT,Machine,1700
7953868,Blue-Blooded Oni,Effect Monster,DARK,Zombie,1000
35282433,Blue-Eyed Silver Zombie,Normal Monster,DARK,Zombie,900
64202399,Blue-Eyes Abyss Dragon,Effect Monster,LIGHT,Dragon,2500
38517737,Blue-Eyes Alternative White Dragon,Effect Monster,LIGHT,Dragon,3000
20654247,Blue-Eyes Chaos Dragon,Ritual Effect Monster,DARK,Dragon,3000
55410871,Blue-Eyes Chaos MAX Dragon,Ritual Effect Monster,DARK,Dragon,4000
30576089,Blue-Eyes Jet Dragon,Effect Monster,LIGHT,Dragon,3000
53347303,Blue-Eyes Shining Dragon,Effect Monster,LIGHT,Dragon,3000
57043986,Blue-Eyes Solid Dragon,Effect Monster,LIGHT,Dragon,2500
59822133,Blue-Eyes Spirit Dragon,Synchro Monster,LIGHT,Dragon,2500
53183600,Blue-Eyes Toon Dragon,Toon Monster,LIGHT,Dragon,3000
2129638,Blue-Eyes Twin Burst Dragon,Fusion Monster,LIGHT,Dragon,3000
11443677,Blue-Eyes Tyrant Dragon,Fusion Monster,LIGHT,Dragon,3400
23995346,Blue-Eyes Ultimate Dragon,Fusion Monster,LIGHT,Dragon,4500
89604813,Blue-Eyes Ultimate Spirit Dragon,Synchro Monster,LIGHT,Dragon,3500
89631139,Blue-Eyes White Dragon,Normal Monster,LIGHT,Dragon,3000
41396436,Blue-Winged Crown,Normal Monster,WIND,Winged Beast,1600
55349375,"Bluebeard, the Plunder Patroll Shipwright",Effect Monster,WATER,Fiend,500
40634253,BM-4 Blast Spider,Effect Monster,DARK,Machine,1400
21340051,Boar Soldier,Effect Monster,EARTH,Beast-Warrior,2000
8715625,Bokoichi the Freightening Car,Normal Monster,DARK,Machine,500
12146024,Bolt Escargot,Normal Monster,WATER,Thunder,1400
48531733,Bolt Penguin,Normal Monster,WATER,Thunder,1100
57409948,Bombardment Beetle,Flip Effect Monster,WIND,Insect,400
71750854,Bomber Place,Effect Monster,DARK,Spellcaster,1350
25784595,Bone Archfiend,Effect Monster,DARK,Fiend,1800
37675138,Bone Crusher,Effect Monster,EARTH,Zombie,1600
21239280,Bone Mouse,Normal Monster,DARK,Zombie,400
98456117,Boneheimer,Normal Monster,WATER,Aqua,850
59834564,Bonfire Colossus,Effect Monster,FIRE,Beast-Warrior,2600
263926,Bonze Alone,Effect Monster,EARTH,Fairy,100
68963107,Boo Koo,Normal Monster,DARK,Spellcaster,650
80457744,Boost Warrior,Effect Monster,FIRE,Warrior,300
12023931,Booster Dragon,Link Monster,DARK,Dragon,1900
70950698,Boot Staggered,Effect Monster,LIGHT,Cyberse,2300
36322312,Boot-Up Admiral - Destroyer Dynamo,Effect Monster,EARTH,Machine,2500
938717,Boot-Up Corporal - Command Dynamo,Effect Monster,EARTH,Machine,0
13316346,Boot-Up Soldier - Dread Dynamo,Effect Monster,EARTH,Machine,0
67288539,Borrelcode Dragon,Link Monster,DARK,Dragon,2500
98630720,Borrelend Dragon,Link Monster,DARK,Dragon,3500
68987122,Borrelguard Dragon,Link Monster,DARK,Dragon,3000
31833038,Borreload Dragon,Link Monster,DARK,Dragon,3000
6247535,Borreload eXcharge Dragon,XYZ Monster,DARK,Dragon,3000
84464389,Borreload Fatalflare Dragon,Fusion Monster,DARK,Dragon,2500
92892239,Borreload Furious Dragon,Fusion Monster,DARK,Dragon,3000
7987191,Borreload Riot Dragon,Ritual Effect Monster,DARK,Dragon,3000
27548199,Borreload Savage Dragon,Synchro Monster,DARK,Dragon,3000
66452432,Borrelshroud Dragon,Link Monster,DARK,Dragon,3500
85289965,Borrelsword Dragon,Link Monster,DARK,Dragon,3000
84824601,Botanical Girl,Effect Monster,WATER,Plant,1300
20546916,Botanical Lion,Effect Monster,EARTH,Plant,1600
81386177,Bottom Dweller,Normal Monster,WATER,Fish,1650
9540040,Boulder Tortoise,Normal Monster,WATER,Aqua,1450
32296881,Bountiful Artemis,Effect Monster,LIGHT,Fairy,1600
52090844,Bowganian,Effect Monster,DARK,Machine,1300
81587028,Box of Friends,Effect Monster,LIGHT,Machine,0
61156777,BOXer,Effect Monster,EARTH,Warrior,1800
45025640,Boycotton,Effect Monster,EARTH,Plant,1000
16507828,Bracchio-raidus,Fusion Monster,WATER,Dinosaur,2200
81919143,Brain Crusher,Effect Monster,DARK,Insect,2400
17313545,Brain Golem,Effect Monster,DARK,Fiend,2500
40267580,Brain Jacker,Flip Effect Monster,DARK,Fiend,200
6560411,Bramble Rose Dragon,Synchro Monster,FIRE,Plant,2400
74277583,Brave Scizzar,Normal Monster,DARK,Machine,1300
88305705,Brave-Eyes Pendulum Dragon,Fusion Monster,DARK,Dragon,3000
78161361,Bravedrive,Effect Monster,FIRE,Cyberse,1500
66740005,"Bravo, Fighter Fur Hire",Effect Monster,FIRE,Reptile,1900
90011273,Breachborrel Dragon,Link Monster,DARK,Dragon,1200
22923081,Breaker the Dark Magical Warrior,Effect Monster,DARK,Spellcaster,1600
71413901,Breaker the Magical Warrior,Effect Monster,DARK,Spellcaster,1600
52840598,Bri Synchron,Tuner Monster,EARTH,Machine,1500
16719802,Bright Star Dragon,Effect Monster,LIGHT,Dragon,1900
34848821,Brigrand the Glory Dragon,Fusion Monster,DARK,Beast,2500
61011438,Brilliant Rose,Effect Monster,LIGHT,Rock,500
2102065,Brinegir,Effect Monster,WATER,Sea Serpent,1000
50321796,"Brionac, Dragon of the Ice Barrier",Synchro Monster,WATER,Sea Serpent,2300
65892310,"Brionac, the Magical Ice Dragon",Synchro Monster,WATER,Sea Serpent,2300
27217742,Brohunder,Effect Monster,LIGHT,Thunder,900
57985393,Broomy,Tuner Monster,LIGHT,Spellcaster,700
6353603,Brotherhood of the Fire Fist - Bear,Effect Monster,FIRE,Beast-Warrior,1600
66762372,Brotherhood of the Fire Fist - Boar,Tuner Monster,FIRE,Beast-Warrior,1100
92572371,Brotherhood of the Fire Fist - Buffalo,Effect Monster,FIRE,Beast-Warrior,1700
58504745,Brotherhood of the Fire Fist - Cardinal,XYZ Monster,FIRE,Beast-Warrior,1800
93751476,Brotherhood of the Fire Fist - Caribou,Effect Monster,FIRE,Beast-Warrior,1100
49785720,Brotherhood of the Fire Fist - Coyote,Effect Monster,FIRE,Beast-Warrior,2000
43748308,Brotherhood of the Fire Fist - Dragon,Effect Monster,FIRE,Beast-Warrior,1800
46241344,Brotherhood of the Fire Fist - Eagle,Link Monster,FIRE,Beast-Warrior,1700
61472381,Brotherhood of the Fire Fist - Eland,Ritual Effect Monster,FIRE,Beast-Warrior,2400
98093548,Brotherhood of the Fire Fist - Elephant,Effect Monster,FIRE,Beast-Warrior,1000
70355994,Brotherhood of the Fire Fist - Gorilla,Effect Monster,FIRE,Beast-Warrior,1600
17475251,Brotherhood of the Fire Fist - Hawk,Effect Monster,FIRE,Beast-Warrior,200
74168099,Brotherhood of the Fire Fist - Horse Prince,Synchro Monster,FIRE,Beast-Warrior,2200
89856523,Brotherhood of the Fire Fist - Kirin,Synchro Monster,FIRE,Beast-Warrior,2000
39699564,Brotherhood of the Fire Fist - Leopard,Effect Monster,FIRE,Beast-Warrior,0
37057743,Brotherhood of the Fire Fist - Lion Emperor,XYZ Monster,FIRE,Beast-Warrior,2200
35488287,Brotherhood of the Fire Fist - Panda,Effect Monster,FIRE,Beast-Warrior,2100
20265095,Brotherhood of the Fire Fist - Peacock,Link Monster,FIRE,Beast-Warrior,1000
62694833,Brotherhood of the Fire Fist - Ram,Effect Monster,FIRE,Beast-Warrior,800
44860890,Brotherhood of the Fire Fist - Raven,Effect Monster,FIRE,Beast-Warrior,200
66084673,Brotherhood of the Fire Fist - Rhino,Effect Monster,FIRE,Beast-Warrior,1700
30929786,Brotherhood of the Fire Fist - Rooster,Effect Monster,FIRE,Beast-Warrior,1500
75132317,Brotherhood of the Fire Fist - Snake,Effect Monster,FIRE,Beast-Warrior,1800
1662004,Brotherhood of the Fire Fist - Spirit,Tuner Monster,FIRE,Beast-Warrior,500
2521011,Brotherhood of the Fire Fist - Swallow,Effect Monster,FIRE,Beast-Warrior,2000
93877990,Brotherhood of the Fire Fist - Swan,Fusion Monster,FIRE,Beast-Warrior,2600
96381979,Brotherhood of the Fire Fist - Tiger King,XYZ Monster,FIRE,Beast-Warrior,2200
93294869,Brotherhood of the Fire Fist - Wolf,Effect Monster,FIRE,Beast-Warrior,0
79126789,"Broww, Huntsman of Dark World",Effect Monster,DARK,Fiend,1400
6214884,"Brron, Mad King of Dark World",Effect Monster,DARK,Fiend,1800
36569343,Brushfire Knight,Effect Monster,FIRE,Warrior,1400
63503850,Brute Enforcer,Link Monster,DARK,Cyberse,1600
6104968,Bubonic Vermin,Flip Effect Monster,EARTH,Beast,900
26223582,Buerillabaisse de Nouvelles,Ritual Effect Monster,DARK,Beast-Warrior,400
19000848,Buio the Dawn's Light,Effect Monster,DARK,Fiend,1000
23979249,Bujin Arasuda,Effect Monster,LIGHT,Beast-Warrior,1600
70026064,Bujin Hiruko,Pendulum Normal Monster,LIGHT,Beast-Warrior,1000
9418365,Bujin Hirume,Effect Monster,LIGHT,Beast-Warrior,2000
92586237,Bujin Mahitotsu,Effect Monster,LIGHT,Beast-Warrior,0
53678698,Bujin Mikazuchi,Effect Monster,LIGHT,Beast-Warrior,1900
29981935,Bujin Torifune,Effect Monster,LIGHT,Beast-Warrior,1500
32339440,Bujin Yamato,Effect Monster,LIGHT,Beast-Warrior,1800
42551040,Bujingi Boar,Effect Monster,LIGHT,Beast,1100
88940154,Bujingi Centipede,Effect Monster,LIGHT,Beast,1700
68601507,Bujingi Crane,Effect Monster,LIGHT,Winged Beast,1600
89662736,Bujingi Crow,Effect Monster,LIGHT,Winged Beast,1700
23857661,Bujingi Fox,Effect Monster,LIGHT,Beast,200
59251766,Bujingi Hare,Effect Monster,LIGHT,Beast,1700
16157341,Bujingi Ibis,Effect Monster,LIGHT,Winged Beast,1600
94096616,Bujingi Ophidian,Effect Monster,LIGHT,Winged Beast,1700
10860121,Bujingi Pavo,Effect Monster,LIGHT,Winged Beast,1700
50474354,Bujingi Peacock,Effect Monster,LIGHT,Winged Beast,1800
69723159,Bujingi Quilin,Effect Monster,LIGHT,Beast,1600
11958188,Bujingi Raven,Effect Monster,LIGHT,Winged Beast,1600
56574543,Bujingi Sinyou,Effect Monster,LIGHT,Beast,1500
86868952,Bujingi Swallow,Effect Monster,LIGHT,Winged Beast,1700
5818294,Bujingi Turtle,Effect Monster,LIGHT,Beast,1700
80555062,Bujingi Warg,Effect Monster,LIGHT,Beast,1200
32202803,Bujingi Wolf,Effect Monster,LIGHT,Beast,1100
71095768,Bujinki Ahashima,Link Monster,LIGHT,Beast-Warrior,1500
68618157,Bujinki Amaterasu,XYZ Monster,LIGHT,Beast-Warrior,2600
1855932,Bujintei Kagutsuchi,XYZ Monster,LIGHT,Beast-Warrior,2500
75840616,Bujintei Susanowo,XYZ Monster,LIGHT,Beast-Warrior,2400
73289035,Bujintei Tsukuyomi,XYZ Monster,LIGHT,Beast-Warrior,1800
36088082,Bull Blader,Effect Monster,EARTH,Warrior,1600
69380702,Bunilla,Normal Monster,EARTH,Beast,150
39643167,Bunny Ear Enthusiast,Effect Monster,EARTH,Beast-Warrior,200
6297941,Burglar,Normal Monster,EARTH,Beast,850
89974735,Burgundy the Magic Elf,Effect Monster,DARK,Spellcaster,1600
53797637,"Burner, Dragon Ruler of Sparks",Effect Monster,FIRE,Dragon,1000
41859700,Burning Algae,Effect Monster,FIRE,Pyro,500
59364406,Burning Beast,Union Effect Monster,FIRE,Pyro,1500
8085950,Burning Dragon,Effect Monster,FIRE,Dragon,2500
26293219,Burning Skull Head,Effect Monster,FIRE,Zombie,1000
42429678,Bururu @Ignister,Tuner Monster,WIND,Cyberse,600
78193831,Buster Blader,Effect Monster,EARTH,Warrior,2600
3428069,"Buster Blader, the Destruction Swordmaster",Effect Monster,EARTH,Warrior,2600
86240887,"Buster Blader, the Dragon Destroyer Swordsman",Fusion Monster,LIGHT,Warrior,2800
63676256,Buster Blaster,Union Effect Monster,EARTH,Machine,0
11790356,Buster Dragon,Synchro Monster,DARK,Dragon,1200
4998619,Buster Gundil the Cubic Behemoth,Effect Monster,LIGHT,Beast,0
49823708,Buster Whelp of the Destruction Swordsman,Tuner Monster,LIGHT,Dragon,400
83991690,Buten,Tuner Monster,LIGHT,Fairy,200
58288565,Butterfly Fish,Effect Monster,WATER,Fish,700
7150545,Buzzsaw Shark,Effect Monster,WATER,Fish,1600
17597059,Byser Shock,Effect Monster,DARK,Fiend,800
72656408,Bystial Baldrake,Effect Monster,DARK,Dragon,2500
27572350,Bystial Dis Pater,Synchro Monster,DARK,Dragon,3500
6637331,Bystial Druiswurm,Effect Monster,DARK,Dragon,2500
33854624,Bystial Magnamhut,Effect Monster,DARK,Dragon,2500
60242223,Bystial Saronir,Effect Monster,DARK,Dragon,2500
3405259,C-Crush Wyvern,Union Effect Monster,LIGHT,Machine,1200
91449144,"Caam, Serenity of Gusto",Effect Monster,WIND,Psychic,1700
84384943,Cabrera Stone,Effect Monster,EARTH,Rock,0
31615285,Cactus Bouncer,Effect Monster,EARTH,Plant,1800
74440055,Cactus Fighter,Effect Monster,EARTH,Plant,1900
9342162,"Cagna, Malebranche of the Burning Abyss",Effect Monster,DARK,Fiend,1500
21501505,"Cairngorgon, Antiluminescent Knight",XYZ Monster,DARK,Rock,2450
87288189,Caius the Mega Monarch,Effect Monster,DARK,Fiend,2800
9748752,Caius the Shadow Monarch,Effect Monster,DARK,Fiend,2400
73213494,"Calcab, Malebranche of the Burning Abyss",Effect Monster,DARK,Fiend,1400
67692580,Caligo Claw Crow,Effect Monster,DARK,Winged Beast,900
5244497,Cameraclops,Effect Monster,LIGHT,Warrior,1400
47695416,Candle of Fate,Normal Monster,DARK,Fiend,600
91754175,Caninetaur,Effect Monster,FIRE,Beast-Warrior,1500
11384280,Cannon Soldier,Effect Monster,DARK,Machine,1400
14702066,Cannon Soldier MK-2,Effect Monster,EARTH,Machine,1900
95614612,Cannonball Spear Shellfish,Effect Monster,WATER,Aqua,1000
16021142,Canon the Melodious Diva,Effect Monster,LIGHT,Fairy,1400
29716911,Capacitor Stalker,Effect Monster,LIGHT,Cyberse,2000
55289183,Capricious Darklord,Effect Monster,DARK,Fairy,0
76722334,Capshell,Effect Monster,DARK,Fiend,0
37806313,Caravan of the Ice Barrier,Effect Monster,WATER,Sea Serpent,500
15981690,Carboneddon,Effect Monster,EARTH,Dinosaur,800
42256406,Card Blocker,Effect Monster,EARTH,Warrior,400
51047350,Card Breaker,Effect Monster,LIGHT,Warrior,100
26701483,Card Ejector,Effect Monster,EARTH,Spellcaster,400
4694209,Card Guard,Effect Monster,DARK,Fiend,1600
85087012,Card Trooper,Effect Monster,EARTH,Machine,400
45812361,Cardcar D,Effect Monster,EARTH,Machine,800
13567610,Carnot the Eternal Machine,Effect Monster,LIGHT,Machine,3000
85055821,"Carpiponica, Mystical Beast of the Forest",Effect Monster,EARTH,Beast,1000
46848859,Carrierroid,Effect Monster,WATER,Machine,1000
94076521,Cartorhyn the Hidden Gem of the Seafront,Effect Monster,WATER,Rock,500
12527118,Cassimolar,Effect Monster,DARK,Fiend,1000
82633039,"Castel, the Skyblaster Musketeer",XYZ Monster,WIND,Winged Beast,2000
36931229,Castle Gate,Effect Monster,EARTH,Rock,0
62121,Castle of Dark Illusions,Flip Effect Monster,DARK,Fiend,920
84224627,Cat Shark,XYZ Monster,WATER,Beast,500
95841282,Cat's Ear Tribe,Effect Monster,EARTH,Beast-Warrior,200
62850093,Cataclysmic Circumpolar Chilblainia,Effect Monster,WATER,Fairy,2600
9028399,Cataclysmic Crusted Calcifida,Effect Monster,EARTH,Fairy,2600
19420830,Cataclysmic Cryonic Coldo,Effect Monster,WIND,Fairy,2600
39505816,Cataclysmic Scorching Sunburner,Effect Monster,FIRE,Fairy,2600
95727991,Catapult Turtle,Effect Monster,WATER,Aqua,1000
37474917,Catapult Warrior,Synchro Monster,EARTH,Warrior,1000
50690129,Catche Eve L2,Effect Monster,LIGHT,Cyberse,800
96501677,Catnipped Kitty,Effect Monster,EARTH,Beast,0
54360049,Catoblepas and the Witch of Fate,Effect Monster,EARTH,Spellcaster,1800
45955628,"Catoblepas, Familiar of the Evil Eye",Effect Monster,DARK,Fiend,600
61245403,Cattycorn,Effect Monster,EARTH,Plant,1500
93220472,Cave Dragon,Effect Monster,WIND,Dragon,2000
94381039,"Celestia, Lightsworn Angel",Effect Monster,LIGHT,Fairy,2300
54092240,Celestial Apparatus Tesea,Effect Monster,EARTH,Fairy,1000
25472513,Celestial Double Star Shaman,Synchro Tuner Monster,LIGHT,Fairy,100
48589580,Celestial Knightlord Parshath,Link Monster,LIGHT,Fairy,2400
32995007,"Celestial Wolf Lord, Blue Sirius",Synchro Monster,DARK,Beast-Warrior,2400
45531624,Celtic Guard of Noble Arms,Effect Monster,EARTH,Warrior,2100
91152256,Celtic Guardian,Normal Monster,EARTH,Warrior,1400
33129626,Centaur Mina,Fusion Monster,LIGHT,Beast-Warrior,2200
47346782,Centerfrog,Effect Monster,WATER,Aqua,100
96030710,Centur-Ion Atrii,Tuner Monster,DARK,Dragon,1800
71858682,Centur-Ion Auxila,Synchro Monster,DARK,Dragon,3000
81696879,Centur-Ion Chimerea,Effect Monster,DARK,Pyro,1200
78888899,Centur-Ion Emeth VI,Effect Monster,EARTH,Machine,2000
97698279,Centur-Ion Gargoyle II,Effect Monster,DARK,Dragon,2000
15982593,Centur-Ion Legatia,Synchro Monster,LIGHT,Machine,3500
15005145,Centur-Ion Primera,Tuner Monster,LIGHT,Spellcaster,1600
8841431,Centur-Ion Primera Primus,Synchro Tuner Monster,LIGHT,Spellcaster,2600
42493140,Centur-Ion Trudea,Effect Monster,DARK,Pyro,1000
20228463,Ceremonial Bell,Effect Monster,LIGHT,Spellcaster,0
24175232,Cerulean Sacred Phoenix of Nephthys,Ritual Effect Monster,FIRE,Winged Beast,3000
7623640,"Ceruli, Guru of Dark World",Effect Monster,DARK,Fiend,100
83021423,Chachaka Archer,Effect Monster,WIND,Warrior,1200
96930127,Chain Dog,Effect Monster,EARTH,Beast,1600
13764881,Chain Resonator,Tuner Monster,LIGHT,Fiend,100
88190453,Chain Thrasher,Effect Monster,WIND,Warrior,1000
77252217,Chainsaw Insect,Effect Monster,EARTH,Insect,2400
65393205,Chakra,Ritual Monster,DARK,Fiend,2450
32600024,Chamber Dragonmaid,Effect Monster,DARK,Dragon,500
44430454,Chamberlain of the Six Samurai,Normal Monster,EARTH,Warrior,200
18914778,Change Slime,Normal Monster,WATER,Aqua,400
25652655,Changer Synchron,Tuner Monster,DARK,Machine,0
76352503,Changshi the Spiridao,Effect Monster,DARK,Zombie,2000
19048328,"Chaofeng, Phantom of the Yang Zing",Synchro Monster,LIGHT,Wyrm,2800
29925614,Chaos Allure Queen,Effect Monster,LIGHT,Spellcaster,1500
51788412,Chaos Ancient Gear Giant,Fusion Monster,DARK,Machine,4500
22850702,Chaos Angel,Synchro Monster,DARK,Fiend,3500
13076804,Chaos Archfiend,Synchro Monster,DARK,Fiend,2500
49565413,Chaos Beast,Synchro Monster,DARK,Fiend,2000
34966096,Chaos Betrayer,Effect Monster,DARK,Fiend,2000
72630549,Chaos Command Magician,Effect Monster,LIGHT,Spellcaster,2400
54040484,Chaos Core,Effect Monster,DARK,Fiend,0
26873574,Chaos Daedalus,Effect Monster,DARK,Sea Serpent,2600
55878038,Chaos Dragon Levianeer,Effect Monster,DARK,Dragon,3000
82301904,Chaos Emperor Dragon - Envoy of the End,Effect Monster,DARK,Dragon,3000
4538826,"Chaos Emperor, the Dragon of Armageddon",Pendulum Effect Monster,DARK,Dragon,3000
31385077,Chaos Goddess,Synchro Monster,LIGHT,Fairy,2500
18859369,Chaos Grepher,Effect Monster,LIGHT,Warrior,1700
97940434,Chaos Hunter,Effect Monster,DARK,Fiend,2500
36407615,Chaos King Archfiend,Synchro Monster,DARK,Fiend,2600
66699781,Chaos Mirage Dragon,Tuner Monster,LIGHT,Wyrm,1600
1434352,Chaos Necromancer,Effect Monster,DARK,Fiend,0
24226942,Chaos Nephthys,Effect Monster,DARK,Winged Beast,2400
3040496,"Chaos Ruler, the Chaotic Magical Dragon",Synchro Monster,DARK,Dragon,3000
9596126,Chaos Sorcerer,Effect Monster,DARK,Spellcaster,2300
27439792,Chaos Summoning Beast,Effect Monster,DARK,Fiend,0
53871273,Chaos Valkyria,Effect Monster,LIGHT,Fairy,1800
30327674,Chaos Witch,Effect Monster,DARK,Spellcaster,1500
46609443,Chaos-End Master,Tuner Monster,LIGHT,Warrior,1500
47829960,Chaosrider Gustaph,Effect Monster,WIND,Warrior,1400
13179332,Charcoal Inpachi,Normal Monster,FIRE,Pyro,100
7841921,Charging Gaia the Fierce Knight,Effect Monster,LIGHT,Warrior,2300
49191560,Charioteer of Prophecy,Effect Monster,WIND,Spellcaster,1800
50412166,Charm of Shabti,Effect Monster,EARTH,Rock,100
64753157,Charming Resort Staff,Effect Monster,LIGHT,Fairy,300
37421579,Charubin the Fire Knight,Fusion Monster,FIRE,Pyro,1100
4965193,"Chasma, Dragon Ruler of Auroras",XYZ Monster,LIGHT,Dragon,3000
94136469,Checksum Dragon,Effect Monster,DARK,Dragon,400
27189308,Cheepcheepcheep,Effect Monster,WIND,Winged Beast,300
29251488,Chef de Nouvelles,Pendulum Effect Monster,LIGHT,Fiend,1000
81599449,Chemicritter Carbo Crab,Gemini Monster,FIRE,Aqua,700
55100740,Chemicritter Hydron Hawk,Gemini Monster,WATER,Winged Beast,1400
18993198,Chemicritter Oxy Ox,Gemini Monster,WIND,Beast,0
525110,Cherry Inmato,Tuner Monster,DARK,Plant,700
58699500,"Cherubini, Ebon Angel of the Burning Abyss",Link Monster,DARK,Fairy,500
45037489,Chevalier de Fleur,Synchro Monster,WIND,Warrior,2700
7392745,Chewbone,Flip Effect Monster,EARTH,Zombie,300
4796100,Chimera the Flying Mythical Beast,Fusion Monster,WIND,Beast,2100
38264974,Chimera the Illusion Beast,Fusion Monster,DARK,Illusion,3100
1769875,Chimera the King of Phantom Beasts,Fusion Monster,WIND,Beast,2100
79229522,Chimeratech Fortress Dragon,Fusion Monster,DARK,Machine,0
87116928,Chimeratech Megafleet Dragon,Fusion Monster,DARK,Machine,0
64599569,Chimeratech Overdragon,Fusion Monster,DARK,Machine,-1
84058253,Chimeratech Rampage Dragon,Fusion Monster,DARK,Machine,2100
16956455,Chiron the Mage,Effect Monster,EARTH,Beast-Warrior,1800
87294988,"Chirubimé, Princess of Autumn Leaves",Effect Monster,EARTH,Plant,1800
61488417,"Chiwen, Light of the Yang Zing",Tuner Monster,LIGHT,Wyrm,0
27352108,Chobham Armor Dragon,Effect Monster,DARK,Dragon,0
7198399,Chocolate Magician Girl,Effect Monster,WATER,Spellcaster,1600
90027012,Choju of the Trillion Hands,Effect Monster,LIGHT,Fairy,1400
40884383,Chopman the Desperate Outlaw,Effect Monster,DARK,Zombie,1100
22916281,Chosen by the World Chalice,Normal Monster,FIRE,Psychic,1600
99902789,Chow Chow Chan,Effect Monster,EARTH,Beast,800
95905259,Chow Len the Prophet,Effect Monster,FIRE,Spellcaster,1800
38412161,Chow Sai the Ghost Stopper,Effect Monster,DARK,Spellcaster,1900
60948488,Chronicle Magician,Effect Monster,DARK,Spellcaster,2500
54878729,Chronicle Sorceress,Effect Monster,DARK,Spellcaster,1250
25397880,Chronicler of Nephthys,Effect Monster,WIND,Spellcaster,300
12289247,Chronograph Sorcerer,Pendulum Effect Monster,DARK,Spellcaster,2000
24506253,Chronomaly Acambaro Figures,Effect Monster,EARTH,Rock,1000
94766498,Chronomaly Aztec Mask Golem,Effect Monster,EARTH,Rock,1500
20154092,Chronomaly Cabrera Trebuchet,Effect Monster,EARTH,Rock,0
52158283,Chronomaly Colossal Head,Effect Monster,EARTH,Rock,800
15941690,Chronomaly Crystal Bones,Effect Monster,LIGHT,Rock,1300
93730230,Chronomaly Crystal Chrononaut,XYZ Monster,LIGHT,Psychic,2100
51435705,Chronomaly Crystal Skull,Effect Monster,LIGHT,Rock,900
88552992,Chronomaly Golden Jet,Effect Monster,LIGHT,Machine,1300
72837335,Chronomaly Gordian Knot,Effect Monster,EARTH,Rock,300
97112505,Chronomaly Magella Globe,Effect Monster,LIGHT,Machine,1500
25163248,Chronomaly Mayan Machine,Effect Monster,EARTH,Machine,1500
87430304,Chronomaly Moai,Effect Monster,EARTH,Rock,1800
38007744,Chronomaly Moai Carrier,Effect Monster,EARTH,Rock,900
67559101,Chronomaly Mud Golem,Effect Monster,EARTH,Rock,1700
24861088,Chronomaly Nebra Disk,Effect Monster,LIGHT,Machine,1800
93543806,Chronomaly Sol Monolith,Effect Monster,EARTH,Rock,600
5291803,Chronomaly Tula Guardian,Effect Monster,EARTH,Rock,1800
2089016,Chronomaly Tuspa Rocket,Effect Monster,EARTH,Rock,1000
2609443,Chronomaly Vimana,XYZ Monster,LIGHT,Machine,2300
65591858,Chronomaly Winged Sphinx,Effect Monster,EARTH,Rock,1600
17363041,Chrysalis Chicky,Effect Monster,WIND,Winged Beast,600
42682609,Chrysalis Dolphin,Effect Monster,WATER,Fish,400
16241441,Chrysalis Larva,Effect Monster,FIRE,Insect,300
42239546,Chrysalis Mole,Effect Monster,EARTH,Rock,700
43751755,Chrysalis Pantail,Effect Monster,DARK,Beast,800
29246354,Chrysalis Pinny,Effect Monster,LIGHT,Plant,100
95888876,Chthonian Emperor Dragon,Gemini Monster,FIRE,Dragon,2400
50916353,Chthonian Soldier,Effect Monster,DARK,Warrior,1200
8508055,Chu-Ske the Mouse Fighter,Normal Monster,EARTH,Beast,1200
29092121,Cipher Biplane,Effect Monster,LIGHT,Machine,1000
79094383,Cipher Etranger,Effect Monster,LIGHT,Spellcaster,0
58383100,Cipher Mirror Knight,Effect Monster,LIGHT,Warrior,0
79853073,Cipher Soldier,Effect Monster,EARTH,Machine,1350
21999001,Cipher Twin Raptor,Effect Monster,LIGHT,Machine,1600
81974607,Cipher Wing,Effect Monster,LIGHT,Machine,1400
57143342,"Cir, Malebranche of the Burning Abyss",Effect Monster,DARK,Fiend,1600
12954226,Circle of the Fairies,Synchro Monster,WIND,Plant,2200
46290741,Citadel Whale,Effect Monster,WATER,Fish,2350
1482001,"Clara & Rushka, the Ventriloduo",Link Monster,EARTH,Spellcaster,0
98234196,"Clavkiys, the Magikey Skyblaster",Normal Monster,DARK,Warrior,1900
41218256,Claw Reacher,Normal Monster,DARK,Fiend,1000
33506331,Clear Cube,Effect Monster,DARK,Machine,0
58518520,Clear Effector,Effect Monster,LIGHT,Spellcaster,0
46613515,Clear Kuriboh,Effect Monster,LIGHT,Fairy,300
70717628,Clear Phantom,Effect Monster,DARK,Fiend,1200
7102732,Clear Rage Golem,Effect Monster,DARK,Rock,1600
97811903,Clear Vice Dragon,Effect Monster,DARK,Dragon,-1
70095046,Clear Vicious Knight,Effect Monster,DARK,Warrior,2300
90036274,Clear Wing Fast Dragon,Synchro Pendulum Effect Monster,WIND,Dragon,2500
82044280,Clear Wing Synchro Dragon,Synchro Monster,WIND,Dragon,2500
45778242,Cliant,Effect Monster,LIGHT,Cyberse,1500
2992467,Click & Echo,Effect Monster,WATER,Sea Serpent,300
87468732,Clock Arc,Pendulum Effect Monster,DARK,Machine,600
51476410,Clock Lizard,Link Monster,DARK,Cyberse,1200
77087109,Clock Resonator,Tuner Monster,EARTH,Fiend,1200
4478086,Clock Spartoi,Link Monster,DARK,Cyberse,800
21830679,Clock Wyvern,Effect Monster,WIND,Cyberse,1800
41739381,Clockwork Knight,Link Monster,EARTH,Machine,500
22723778,"Clorless, Chaos King of Dark World",Fusion Monster,DARK,Fiend,-1
9348522,Cloudcastle,Synchro Monster,WIND,Machine,0
17810268,Cloudian - Acid Cloud,Effect Monster,WATER,Fairy,500
79703905,Cloudian - Altus,Effect Monster,WATER,Fairy,1300
43318266,Cloudian - Cirrostratus,Effect Monster,WATER,Fairy,900
57610714,Cloudian - Eye of the Typhoon,Effect Monster,WIND,Aqua,3000
83604828,Cloudian - Ghost Fog,Effect Monster,WATER,Fiend,0
20003527,Cloudian - Nimbusman,Effect Monster,WATER,Fairy,1000
83982270,Cloudian - Poison Cloud,Effect Monster,WATER,Fiend,0
56597272,Cloudian - Sheep Cloud,Effect Monster,WATER,Fairy,0
80825553,Cloudian - Smoke Ball,Normal Monster,WATER,Fairy,200
13474291,Cloudian - Storm Dragon,Effect Monster,WATER,Fairy,1000
16197610,Cloudian - Turbulence,Effect Monster,WATER,Fairy,800
92667214,Clown Zombie,Normal Monster,DARK,Zombie,1350
94703021,Cluster Congester,Effect Monster,LIGHT,Cyberse,1000
67136033,Coach Captain Bearman,Effect Monster,FIRE,Beast-Warrior,2600
42541548,Coach Goblin,Effect Monster,EARTH,Fiend,1200
30741334,Coach King Giantrainer,XYZ Monster,FIRE,Warrior,2800
3534077,Coach Soldier Wolfbark,Effect Monster,FIRE,Beast-Warrior,1600
86801871,Cobra Jar,Flip Effect Monster,EARTH,Reptile,600
75109441,Cobraman Sakuzy,Effect Monster,EARTH,Reptile,800
94395649,Cocatorium the Heavy Metal Avian,Effect Monster,WIND,Winged Beast,1300
42338879,Cockadoodledoo,Tuner Monster,WIND,Winged Beast,1600
33413638,Cockroach Knight,Effect Monster,EARTH,Insect,800
40240595,Cocoon of Evolution,Effect Monster,EARTH,Insect,0
65496056,Codarus,Effect Monster,WATER,Sea Serpent,1400
37119142,Code Exporter,Effect Monster,WIND,Cyberse,500
30114823,Code Generator,Effect Monster,EARTH,Cyberse,1300
5088741,Code Igniter,XYZ Monster,DARK,Cyberse,2300
74652966,Code of Soul,Effect Monster,FIRE,Cyberse,500
75130221,Code Radiator,Effect Monster,WATER,Cyberse,1600
53413628,Code Talker,Link Monster,DARK,Cyberse,1300
45462149,Code Talker Inverted,Link Monster,LIGHT,Cyberse,1300
48736598,Codebreaker Virus Berserker,Link Monster,DARK,Warrior,2800
84121193,Codebreaker Virus Swordsman,Link Monster,DARK,Warrior,2300
8662794,Codebreaker Zero Day,Effect Monster,DARK,Warrior,1800
24661486,Cold Enchanter,Effect Monster,WATER,Aqua,1600
54656181,Colonel on C-String,Effect Monster,LIGHT,Warrior,1400
23693634,Colossal Fighter,Synchro Monster,DARK,Warrior,2800
38898779,Colossal Fighter/Assault Mode,Effect Monster,DARK,Warrior,3300
12501230,Combat Wheel,Synchro Monster,EARTH,Machine,2500
17217034,Combined Maneuver - Engage Zero!,Link Monster,LIGHT,Machine,1500
8806072,Combo Fighter,Effect Monster,WIND,Warrior,1600
44800181,Combo Master,Effect Monster,WIND,Warrior,2200
77631175,Comics Hero King Arthur,XYZ Monster,EARTH,Warrior,2400
10375182,Command Knight,Effect Monster,FIRE,Warrior,1200
22666164,Commander Covington,Effect Monster,EARTH,Machine,1000
53388413,"Commander Gottoms, Swordmaster",Effect Monster,EARTH,Beast-Warrior,2100
83602069,Comrade Swordsman of Landstar,Tuner Monster,EARTH,Warrior,500
79627627,Conbirdable,Flip Effect Monster,EARTH,Winged Beast,1400
35306215,Condemned Darklord,Link Monster,DARK,Fairy,1600
68018709,Condemned Maiden,Effect Monster,LIGHT,Fairy,100
44656450,Condemned Witch,Effect Monster,DARK,Fairy,100
44839512,Conduction Warrior Linear Magnum Plus Minus,Effect Monster,EARTH,Rock,2700
47247792,Conduction Warrior Plasma Magnum,Fusion Monster,EARTH,Rock,2300
8454126,Conductor of Nephthys,Ritual Effect Monster,WIND,Spellcaster,2000
53618197,Confiras de Nouvelles,Ritual Effect Monster,DARK,Warrior,800
15721123,"Confronting the ""C""",Effect Monster,EARTH,Insect,1100
2980764,Consecrated Light,Effect Monster,LIGHT,Fairy,0
43513897,Constellar Acubens,Effect Monster,LIGHT,Machine,800
15871676,Constellar Aldebaran,Effect Monster,LIGHT,Beast-Warrior,1300
41269771,Constellar Algiedi,Effect Monster,LIGHT,Spellcaster,1600
16906241,Constellar Alrescha,Effect Monster,LIGHT,Warrior,2200
42391240,Constellar Antares,Effect Monster,LIGHT,Machine,2400
82913020,Constellar Caduceus,Effect Monster,LIGHT,Spellcaster,1600
47579719,Constellar Hyades,XYZ Monster,LIGHT,Beast-Warrior,1900
70908596,Constellar Kaus,Effect Monster,LIGHT,Beast-Warrior,1800
17129783,Constellar Leonis,Effect Monster,LIGHT,Beast,1000
26329679,Constellar Omega,XYZ Monster,LIGHT,Beast-Warrior,2400
73964868,Constellar Pleiades,XYZ Monster,LIGHT,Warrior,2500
78364470,Constellar Pollux,Effect Monster,LIGHT,Warrior,1700
2091298,Constellar Praesepe,XYZ Monster,LIGHT,Machine,2400
38495396,Constellar Ptolemy M7,XYZ Monster,LIGHT,Machine,2700
70624184,Constellar Rasalhague,Effect Monster,LIGHT,Spellcaster,900
78486968,Constellar Sheratan,Effect Monster,LIGHT,Beast,700
44635489,Constellar Siat,Effect Monster,LIGHT,Fairy,100
78358521,Constellar Sombre,Effect Monster,LIGHT,Fairy,1550
40143123,Constellar Virgo,Effect Monster,LIGHT,Fairy,2300
14759024,Constellar Zubeneschamali,Effect Monster,LIGHT,Machine,2100
34475451,Construction Train Signal Red,Effect Monster,EARTH,Machine,1000
87170768,"Contact ""C""",Effect Monster,EARTH,Insect,1500
23204029,Contrast HERO Chaos,Fusion Monster,DARK,Warrior,3000
291414,Converging Wills Dragon,Tuner Monster,LIGHT,Dragon,0
67098897,Cooky★Yummy Way,Synchro Tuner Monster,LIGHT,Beast,1600
68810435,Cooky☆Yummy,Effect Monster,LIGHT,Beast,1000
83819309,Cooling Embers,Effect Monster,FIRE,Pyro,500
70219023,Coordius the Triphasic Dealmon,Fusion Monster,DARK,Fiend,3000
66457407,Copy Plant,Tuner Monster,WIND,Plant,0
26376390,Copycat,Effect Monster,LIGHT,Spellcaster,0
42566602,Coral Dragon,Synchro Tuner Monster,WATER,Dragon,2400
3806388,Core of Chaos,Tuner Monster,LIGHT,Thunder,0
92565383,Cornfield Coatl,Effect Monster,WIND,Illusion,500
34290067,Corroding Shark,Normal Monster,DARK,Zombie,1100
21123811,Cosmic Blazar Dragon,Synchro Monster,WIND,Dragon,4000
27450400,Cosmic Compass,Effect Monster,EARTH,Machine,100
68319538,Cosmic Fortress Gol'gar,Synchro Monster,LIGHT,Reptile,2600
51192573,Cosmic Horror Gangi'el,Effect Monster,LIGHT,Reptile,2600
37442336,Cosmic Quasar Dragon,Synchro Monster,LIGHT,Dragon,4000
1487805,Cosmic Slicer Zer'oll,Link Monster,LIGHT,Reptile,2600
74139959,Cosmic Tree Irmistil,Link Monster,EARTH,Plant,2000
85679527,Cosmo Brain,Effect Monster,DARK,Spellcaster,1500
38999506,Cosmo Queen,Normal Monster,DARK,Spellcaster,2900
85314178,Cosmo Queen the Queen of Prayers,Effect Monster,DARK,Spellcaster,2900
5519829,Counselor Lily,Tuner Monster,EARTH,Fairy,400
26259179,Couple of Aces,Effect Monster,EARTH,Fairy,100
90276649,Couplet the Melodious Songstress,Pendulum Effect Monster,LIGHT,Fairy,1200
91479482,Courageous Crimson Chevalier Bradamante,Tuner Monster,FIRE,Warrior,500
91782219,Crab Turtle,Ritual Monster,WATER,Aqua,2550
60349525,Cracking Dragon,Effect Monster,DARK,Machine,3000
28637168,Crane Crane,Effect Monster,EARTH,Winged Beast,300
18828179,Cranium Fish,Effect Monster,WATER,Fish,2400
87526784,Crashbug X,Effect Monster,DARK,Fiend,0
23915499,Crashbug Y,Effect Monster,DARK,Fiend,1400
50319138,Crashbug Z,Effect Monster,DARK,Fiend,0
93889755,Crass Clown,Effect Monster,DARK,Fiend,1350
67494157,Crawling Dragon,Normal Monster,EARTH,Dragon,1600
38289717,Crawling Dragon #2,Normal Monster,EARTH,Dinosaur,1600
53713014,Crazy Fish,Normal Monster,WATER,Fish,1600
96915510,"Crealtar, the Impcantation Originator",Ritual Effect Monster,LIGHT,Fiend,3000
5780210,Creation Resonator,Tuner Monster,WIND,Fiend,800
52571838,Creeping Doom Manta,Effect Monster,WATER,Fish,1300
49144107,Creepy Coney,Flip Effect Monster,EARTH,Beast,1000
80321197,Crimson Blader,Synchro Monster,FIRE,Warrior,2800
50604072,Crimson Blader/Assault Mode,Effect Monster,FIRE,Warrior,3300
63436931,Crimson Dragon,Synchro Monster,LIGHT,Dragon,0
18861006,Crimson Firewing Pegasus,Effect Monster,FIRE,Beast,2250
38250531,Crimson Knight Vampire Bram,XYZ Monster,DARK,Zombie,2500
14618326,Crimson Ninja,Flip Effect Monster,EARTH,Warrior,300
30270176,Crimson Nova the Dark Cubic Lord,Effect Monster,DARK,Fiend,3000
72664875,Crimson Nova Trinity the Dark Cubic Lord,Fusion Monster,DARK,Fiend,4500
34761841,Crimson Resonator,Tuner Monster,DARK,Fiend,800
28358902,Crimson Sentry,Effect Monster,FIRE,Warrior,1500
46696593,Crimson Sunbird,Fusion Monster,FIRE,Winged Beast,2300
18654201,Criosphinx,Effect Monster,EARTH,Rock,1200
9097866,Cross Debug,Effect Monster,DARK,Cyberse,900
40740224,Cross Keeper,Effect Monster,DARK,Warrior,400
73146473,Cross Porter,Effect Monster,DARK,Warrior,400
50277355,Cross-Sheep,Link Monster,EARTH,Beast,700
74976215,Cross-Sword Beetle,Effect Monster,WIND,Insect,1800
52644170,Crossmind Archfiend,Synchro Monster,DARK,Psychic,2500
80054655,Crossroad Sonic Chick,Effect Monster,EARTH,Winged Beast,300
72218246,Crossrose Dragon,Link Monster,DARK,Dragon,800
77998771,Crow Goblin,Normal Monster,WIND,Winged Beast,1850
64806765,Crow Tengu,Effect Monster,EARTH,Zombie,1400
50756327,"Crowley, the First Propheseer",Link Monster,DARK,Spellcaster,1000
875572,"Crowley, the Gifted Magistus",Effect Monster,DARK,Spellcaster,1800
9505425,"Crowley, the Magistus of Grimoires",Effect Monster,DARK,Spellcaster,1800
95511642,Crowned by the World Chalice,Normal Monster,WATER,Spellcaster,0
73853830,Crusader of Endymion,Gemini Monster,LIGHT,Spellcaster,1900
91646304,Crusadia Arboria,Tuner Monster,WATER,Warrior,800
54525057,Crusadia Draco,Effect Monster,WIND,Dragon,600
45002991,Crusadia Equimax,Link Monster,LIGHT,Cyberse,2000
28031913,Crusadia Leonis,Effect Monster,EARTH,Beast,1200
72228247,Crusadia Magius,Link Monster,LIGHT,Spellcaster,100
81524756,Crusadia Maximus,Effect Monster,LIGHT,Psychic,1600
55241609,Crusadia Reclusia,Effect Monster,FIRE,Spellcaster,400
9617996,Crusadia Regulex,Link Monster,LIGHT,Beast,1000
39528955,Crusadia Spatha,Link Monster,LIGHT,Warrior,500
23950192,Cryomancer of the Ice Barrier,Tuner Monster,WATER,Aqua,1300
69937550,Crystal Beast Amber Mammoth,Effect Monster,EARTH,Beast,1700
32933942,Crystal Beast Amethyst Cat,Effect Monster,EARTH,Beast,1200
21698716,Crystal Beast Cobalt Eagle,Effect Monster,WIND,Winged Beast,1400
68215963,Crystal Beast Emerald Tortoise,Effect Monster,WATER,Aqua,600
36795102,Crystal Beast Rainbow Dragon,Effect Monster,LIGHT,Dragon,3000
32710364,Crystal Beast Ruby Carbuncle,Effect Monster,LIGHT,Fairy,300
7093411,Crystal Beast Sapphire Pegasus,Effect Monster,WIND,Beast,1800
95600067,Crystal Beast Topaz Tiger,Effect Monster,EARTH,Beast,1600
84343351,Crystal Clear Wing Over Synchro Dragon,Synchro Monster,WIND,Dragon,3500
59765225,Crystal Clear Wing Synchro Dragon,Synchro Monster,WIND,Dragon,3000
93169863,Crystal Girl,Effect Monster,WATER,Spellcaster,200
86999951,Crystal God Tistina,Effect Monster,LIGHT,Aqua,2000
14469229,Crystal Keeper,Pendulum Effect Monster,FIRE,Warrior,1500
87475570,Crystal Master,Pendulum Effect Monster,DARK,Spellcaster,1300
79531196,Crystal Rose,Effect Monster,LIGHT,Rock,500
82099401,Crystal Seer,Flip Effect Monster,WATER,Spellcaster,100
98881700,Crystal Shark,Effect Monster,WATER,Fish,1100
7903368,Crystal Skull,Effect Monster,WATER,Rock,0
50954680,Crystal Wing Synchro Dragon,Synchro Monster,WIND,Dragon,3000
76359406,Crystron Ametrix,Synchro Monster,WATER,Machine,2500
20050865,Crystron Citree,Tuner Monster,WATER,Machine,500
47736165,Crystron Eleskeletus,Synchro Monster,WATER,Machine,2600
50588353,Crystron Halqifibrax,Link Monster,WATER,Machine,1500
2743001,Crystron Phoenix,Synchro Monster,WATER,Machine,2800
56049970,Crystron Prasiortle,Effect Monster,WATER,Machine,500
93665266,Crystron Quan,Tuner Monster,WATER,Machine,500
39964797,Crystron Quandax,Synchro Tuner Monster,WATER,Machine,1800
13455674,Crystron Quariongandrax,Synchro Monster,WATER,Machine,3000
66938505,Crystron Rion,Tuner Monster,WATER,Machine,500
55326322,Crystron Rosenix,Effect Monster,WATER,Machine,1800
83443619,Crystron Smiger,Effect Monster,WATER,Machine,1000
25865565,Crystron Sulfador,Effect Monster,WATER,Machine,1900
3422200,Crystron Sulfefnir,Effect Monster,WATER,Machine,2000
29838323,Crystron Thystvern,Effect Monster,WATER,Machine,1500
99471856,Crystron Tristaros,Tuner Monster,WATER,Machine,800
10789972,Cu Chulainn the Awakened,Ritual Effect Monster,LIGHT,Warrior,500
17530001,Cuben,Effect Monster,LIGHT,Thunder,600
89552119,Cucumber Horse,Effect Monster,DARK,Plant,100
69526976,Cupid Dunk,Effect Monster,LIGHT,Fairy,1800
35960413,Cupid Fore,Effect Monster,LIGHT,Fairy,2200
21915012,Cupid Pitch,Synchro Tuner Monster,LIGHT,Fairy,0
1566817,Cupid Serve,Effect Monster,LIGHT,Fairy,1000
11851647,Cupid Volley,Effect Monster,LIGHT,Fairy,600
31603289,Cupsy★Yummy Way,Synchro Tuner Monster,LIGHT,Beast,0
31425736,Cupsy☆Yummy,Effect Monster,LIGHT,Beast,0
85802526,Cure Mermaid,Effect Monster,WATER,Fish,1500
98095162,"Curious, the Lightsworn Dominion",Link Monster,LIGHT,Warrior,2400
14509651,Curse Necrofear,Effect Monster,DARK,Fiend,2800
28279543,Curse of Dragon,Normal Monster,DARK,Dragon,2000
61525276,"Curse of Dragon, the Cursed Dragon",Effect Monster,DARK,Dragon,2000
72064891,"Curse of Dragon, the Magical Knight Dragon",Fusion Monster,DARK,Dragon,2000
7241272,Curse of Dragonfire,Effect Monster,DARK,Dragon,2000
71545247,Cursed Bride Doll,Tuner Monster,EARTH,Spellcaster,0
18489208,Cursed Fig,Effect Monster,WATER,Plant,200
26857786,Cursed Fire King Doom Burst,Effect Monster,FIRE,Fiend,1600
22026707,Curtain of the Dark Ones,Normal Monster,DARK,Spellcaster,600
68756810,Cutter Shark,Effect Monster,WATER,Fish,0
67926903,CXyz Barian Hope,XYZ Monster,LIGHT,Warrior,0
76419637,CXyz Battleship Cherry Blossom,XYZ Monster,EARTH,Plant,2400
88754763,CXyz Coach Lord Ultimatrainer,XYZ Monster,FIRE,Warrior,3800
13030280,CXyz Comics Hero Legend Arthur,XYZ Monster,EARTH,Warrior,3000
23454876,CXyz Dark Fairy Cheer Girl,XYZ Monster,DARK,Fairy,2500
3685372,CXyz Gimmick Puppet Fanatix Machinix,XYZ Monster,DARK,Machine,3100
41309158,CXyz Mechquipped Djinn Angeneral,XYZ Monster,DARK,Fairy,2600
61374414,CXyz N.As.Ch. Knight,XYZ Monster,WATER,Aqua,2000
41147577,CXyz Simon the Great Moral Leader,XYZ Monster,LIGHT,Spellcaster,3000
49202331,CXyz Skypalace Babylon,XYZ Monster,WIND,Machine,3800
77235086,Cyber Angel Benten,Ritual Effect Monster,LIGHT,Fairy,1800
39618799,Cyber Angel Dakini,Ritual Effect Monster,LIGHT,Fairy,2700
3629090,Cyber Angel Idaten,Ritual Effect Monster,LIGHT,Fairy,1600
91668401,Cyber Angel Izana,Ritual Effect Monster,LIGHT,Fairy,2500
99427357,Cyber Angel Natasha,Ritual Effect Monster,LIGHT,Fairy,1000
78316184,Cyber Angel Vrash,Ritual Effect Monster,LIGHT,Fairy,3000
59907935,Cyber Archfiend,Effect Monster,DARK,Fiend,1000
68774379,Cyber Barrier Dragon,Effect Monster,LIGHT,Machine,800
10248389,Cyber Blader,Fusion Monster,EARTH,Warrior,2100
6400512,Cyber Commander,Normal Monster,DARK,Machine,750
39439590,Cyber Dinosaur,Effect Monster,LIGHT,Machine,2500
70095154,Cyber Dragon,Effect Monster,LIGHT,Machine,2100
23893227,Cyber Dragon Core,Effect Monster,LIGHT,Machine,400
59281922,Cyber Dragon Drei,Effect Monster,LIGHT,Machine,1800
56364287,Cyber Dragon Herz,Effect Monster,LIGHT,Machine,100
10443957,Cyber Dragon Infinity,XYZ Monster,LIGHT,Machine,2100
1142880,Cyber Dragon Nachster,Effect Monster,LIGHT,Machine,200
58069384,Cyber Dragon Nova,XYZ Monster,LIGHT,Machine,2100
46724542,Cyber Dragon Sieger,Link Monster,LIGHT,Machine,2100
29975188,Cyber Dragon Vier,Effect Monster,LIGHT,Machine,1100
5373478,Cyber Dragon Zwei,Effect Monster,LIGHT,Machine,1500
28053106,Cyber Egg Angel,Effect Monster,LIGHT,Fairy,200
33093439,Cyber Eltanin,Effect Monster,LIGHT,Machine,-1
1546123,Cyber End Dragon,Fusion Monster,LIGHT,Machine,4000
91663373,Cyber Esper,Effect Monster,FIRE,Machine,1200
82315403,Cyber Eternity Dragon,Fusion Monster,LIGHT,Machine,2800
30655537,Cyber Falcon,Normal Monster,WIND,Machine,1400
76763417,Cyber Gymnast,Effect Monster,EARTH,Warrior,800
80316585,Cyber Harpie Lady,Effect Monster,WIND,Winged Beast,1800
34124316,Cyber Jar,Flip Effect Monster,DARK,Rock,900
19715246,Cyber Jormungardr,Effect Monster,LIGHT,Machine,1000
76986005,Cyber Kirin,Effect Monster,LIGHT,Machine,300
35050257,Cyber Larva,Effect Monster,LIGHT,Machine,400
4162088,Cyber Laser Dragon,Effect Monster,LIGHT,Machine,2400
64268668,Cyber Ogre,Effect Monster,EARTH,Machine,1900
37057012,Cyber Ogre 2,Fusion Monster,EARTH,Machine,2600
30042158,Cyber Ouroboros,Effect Monster,DARK,Machine,100
76103404,Cyber Petit Angel,Effect Monster,LIGHT,Fairy,300
29719112,Cyber Pharos,Effect Monster,LIGHT,Machine,0
3370104,Cyber Phoenix,Effect Monster,FIRE,Machine,1200
2158562,Cyber Prima,Effect Monster,LIGHT,Warrior,2300
39978267,Cyber Raider,Effect Monster,DARK,Machine,1400
89112729,Cyber Saurus,Fusion Monster,EARTH,Machine,1800
32393580,Cyber Shark,Effect Monster,WATER,Fish,2100
63261835,Cyber Slash Harpie Lady,Synchro Monster,WIND,Winged Beast,2600
44865098,Cyber Soldier,Normal Monster,DARK,Machine,1500
75559356,Cyber Soldier of Darkworld,Normal Monster,DARK,Machine,1400
49375719,Cyber Tutu,Effect Monster,EARTH,Warrior,1000
42600274,Cyber Tutubon,Effect Monster,EARTH,Warrior,1800
74157028,Cyber Twin Dragon,Fusion Monster,LIGHT,Machine,2800
3657444,Cyber Valley,Effect Monster,LIGHT,Machine,0
69015963,Cyber-Stein,Effect Monster,DARK,Machine,700
48766543,Cyber-Tech Alligator,Normal Monster,WIND,Machine,2500
45078193,Cyberdark Cannon,Effect Monster,DARK,Dragon,1600
5370235,Cyberdark Chimera,Effect Monster,DARK,Machine,800
82562802,Cyberdark Claw,Effect Monster,DARK,Dragon,1600
40418351,Cyberdark Dragon,Fusion Monster,DARK,Machine,1000
77625948,Cyberdark Edge,Effect Monster,DARK,Machine,800
37542782,Cyberdark End Dragon,Fusion Monster,DARK,Machine,5000
41230939,Cyberdark Horn,Effect Monster,DARK,Machine,800
3019642,Cyberdark Keel,Effect Monster,DARK,Machine,800
56100345,Cyberdark Wurm,Effect Monster,DARK,Machine,800
18967507,Cyberdarkness Dragon,Fusion Monster,DARK,Machine,2000
96428622,Cybernetic Cyclopean,Effect Monster,EARTH,Beast-Warrior,1400
59023523,Cybernetic Magician,Effect Monster,LIGHT,Spellcaster,2400
89238128,Cyberse Accelerator,Link Monster,LIGHT,Cyberse,2000
42717221,Cyberse Clock Dragon,Fusion Monster,DARK,Cyberse,2500
14505685,Cyberse Converter,Effect Monster,LIGHT,Cyberse,1000
92422871,Cyberse Desavewurm,Fusion Monster,DARK,Cyberse,2300
60279710,Cyberse Enchanter,Link Monster,LIGHT,Cyberse,2400
645087,Cyberse Gadget,Effect Monster,LIGHT,Cyberse,1400
25200959,Cyberse Integrator,Synchro Monster,LIGHT,Cyberse,1000
24731391,Cyberse Magician,Ritual Effect Monster,DARK,Cyberse,2500
63533837,Cyberse Quantum Dragon,Synchro Monster,DARK,Cyberse,2500
56337500,Cyberse Reminder,XYZ Monster,LIGHT,Cyberse,1800
65037172,Cyberse Sage,Ritual Effect Monster,DARK,Cyberse,0
86784733,Cyberse Synchron,Tuner Monster,DARK,Cyberse,100
46104361,Cyberse White Hat,Effect Monster,LIGHT,Cyberse,1800
52698008,Cyberse Wicckid,Link Monster,DARK,Cyberse,800
11674673,Cyberse Witch,Link Monster,DARK,Cyberse,800
36033786,Cyberse Wizard,Effect Monster,LIGHT,Cyberse,1800
51020079,Cyborg Doctor,Effect Monster,EARTH,Spellcaster,1500
34614910,Cyclamen the Rikka Fairy,Effect Monster,WATER,Plant,1800
21036656,Cyclos the Circular Sprite,Tuner Monster,WIND,Plant,1000
45945685,Cycroid,Normal Monster,EARTH,Machine,800
99357565,D Cubed,Effect Monster,DARK,Machine,0
79279397,D-Boyz,Flip Effect Monster,DARK,Fiend,100
81057959,D. Human,Normal Monster,EARTH,Warrior,1300
9910360,D.3.S. Frog,Fusion Monster,WATER,Aqua,2500
70074904,D.D. Assailant,Effect Monster,EARTH,Warrior,1700
56790702,D.D. Assault Carrier,Effect Monster,DARK,Machine,2500
48148828,D.D. Crazy Beast,Effect Monster,EARTH,Beast,1400
24508238,D.D. Crow,Effect Monster,DARK,Winged Beast,100
44792253,D.D. Destroyer,Effect Monster,EARTH,Warrior,1000
80208158,D.D. Esper Star Sparrow,Effect Monster,LIGHT,Warrior,3000
52702748,D.D. Guide,Effect Monster,DARK,Warrior,1400
15574615,D.D. Jet Iron,Effect Monster,LIGHT,Machine,4000
75991479,D.D. Patrol Plane,Effect Monster,DARK,Machine,1200
3773196,D.D. Scout Plane,Effect Monster,DARK,Machine,800
89015998,D.D. Seeker,Effect Monster,DARK,Psychic,1500
16638212,D.D. Sprite,Tuner Monster,LIGHT,Fairy,0
48092532,D.D. Survivor,Effect Monster,DARK,Warrior,1800
51701885,D.D. Telepon,Effect Monster,EARTH,Psychic,500
86498013,D.D. Trainer,Normal Monster,DARK,Fiend,100
95291684,D.D. Unicorn Knight,Effect Monster,LIGHT,Warrior,1800
37043180,D.D. Warrior,Effect Monster,EARTH,Warrior,1200
7572887,D.D. Warrior Lady,Effect Monster,LIGHT,Warrior,1500
82112775,D.D.M. - Different Dimension Master,Effect Monster,LIGHT,Spellcaster,1700
36614113,D/D Ark,Pendulum Effect Monster,DARK,Fiend,0
19808608,D/D Berfomet,Effect Monster,DARK,Fiend,1400
39153655,D/D Cerberus,Pendulum Effect Monster,DARK,Fiend,1800
5997110,D/D Count Surveyor,Pendulum Effect Monster,DARK,Fiend,2000
93317313,D/D Defense Soldier,Effect Monster,DARK,Fiend,0
32349062,D/D Dog,Pendulum Effect Monster,DARK,Fiend,2000
55415564,D/D Evil,Pendulum Effect Monster,DARK,Fiend,2000
74387963,D/D Extra Surveyor,Pendulum Effect Monster,DARK,Fiend,1000
33334269,D/D Ghost,Tuner Monster,DARK,Fiend,600
28406301,D/D Gryphon,Pendulum Effect Monster,DARK,Fiend,1200
19580308,D/D Lamia,Tuner Monster,DARK,Fiend,100
67322708,D/D Lance Soldier,Tuner Monster,DARK,Fiend,400
12822541,D/D Lilith,Effect Monster,DARK,Fiend,100
72291412,D/D Necro Slime,Effect Monster,DARK,Fiend,300
48210156,D/D Nighthowl,Tuner Monster,DARK,Fiend,300
72181263,D/D Orthros,Pendulum Tuner Effect Monster,DARK,Fiend,600
32146097,D/D Pandora,Effect Monster,DARK,Fiend,1700
17979378,D/D Proud Chevalier,Pendulum Effect Monster,DARK,Fiend,2000
81571633,D/D Proud Ogre,Pendulum Effect Monster,DARK,Fiend,2300
46796664,D/D Savant Copernicus,Pendulum Effect Monster,DARK,Fiend,0
74605254,D/D Savant Galilei,Pendulum Effect Monster,DARK,Fiend,0
11609969,D/D Savant Kepler,Pendulum Effect Monster,DARK,Fiend,0
19302550,D/D Savant Newton,Pendulum Effect Monster,DARK,Fiend,0
46035545,D/D Savant Nikola,Pendulum Effect Monster,DARK,Fiend,2000
41546,D/D Savant Thomas,Pendulum Effect Monster,DARK,Fiend,1800
42382265,D/D Scale Surveyor,Pendulum Effect Monster,DARK,Fiend,0
45206713,D/D Swirl Slime,Effect Monster,DARK,Fiend,200
59123937,D/D Vice Typhon,Effect Monster,DARK,Fiend,2300
9024198,D/D/D Abyss King Gilgamesh,Link Monster,DARK,Fiend,1800
11852093,D/D/D Alfred the Divine Sage King,Fusion Monster,DARK,Fiend,1500
83303851,D/D/D Chaos King Apocalypse,Pendulum Effect Monster,DARK,Fiend,2700
44852429,D/D/D Cursed King Siegfried,Synchro Monster,DARK,Fiend,2800
21686473,D/D/D Destiny King Zero Laplace,Pendulum Effect Monster,DARK,Fiend,-1
46593546,D/D/D Deviser King Deus Machinex,XYZ Pendulum Effect Monster,DARK,Fiend,3000
47198668,D/D/D Doom King Armageddon,Pendulum Effect Monster,DARK,Fiend,3000
56619314,D/D/D Dragon King Pendragon,Effect Monster,DARK,Fiend,2600
8463720,D/D/D Dragonbane King Beowulf,Fusion Monster,DARK,Fiend,3000
15939229,D/D/D Duo-Dawn King Kali Yuga,XYZ Monster,DARK,Fiend,3500
70576413,D/D/D First King Clovis,Synchro Monster,DARK,Fiend,2100
16006416,D/D/D Flame High King Genghis,Fusion Monster,FIRE,Fiend,2800
74583607,D/D/D Flame King Genghis,Fusion Monster,FIRE,Fiend,2000
6766208,D/D/D Gust High King Alexander,Synchro Monster,WIND,Fiend,3000
987311,D/D/D Gust King Alexander,Synchro Monster,WIND,Fiend,2500
71612253,D/D/D Marksman King Tell,XYZ Monster,DARK,Fiend,2300
74069667,D/D/D Oblivion King Abyss Ragnarok,Pendulum Effect Monster,DARK,Fiend,2200
82956492,D/D/D Oracle King d'Arc,Fusion Monster,DARK,Fiend,2800
92536468,D/D/D Rebel King Leonidas,Pendulum Effect Monster,DARK,Fiend,2600
30998403,D/D/D Sky King Zeus Ragnarok,Link Monster,DARK,Fiend,2200
51497409,D/D/D Stone King Darius,XYZ Monster,EARTH,Fiend,1900
72402069,D/D/D Super Doom King Bright Armageddon,Synchro Pendulum Effect Monster,DARK,Fiend,3500
18897163,D/D/D Super Doom King Dark Armageddon,XYZ Pendulum Effect Monster,DARK,Fiend,3500
84569886,D/D/D Super Doom King Purple Armageddon,Pendulum Effect Fusion Monster,DARK,Fiend,3500
76029419,D/D/D Supersight King Zero Maxwell,Pendulum Effect Monster,DARK,Fiend,2800
44186624,D/D/D Supreme King Kaiser,Effect Monster,DARK,Fiend,2800
25857977,D/D/D Vice King Requiem,Pendulum Effect Monster,DARK,Fiend,2800
79559912,D/D/D Wave High King Caesar,XYZ Monster,WATER,Fiend,2800
3758046,D/D/D Wave King Caesar,XYZ Monster,WATER,Fiend,2400
27873305,D/D/D Wave Oblivion King Caesar Ragnarok,Fusion Monster,DARK,Fiend,3200
32232538,D/D/D Wise King Solomon,XYZ Monster,DARK,Fiend,1800
20715411,D/D/D Zero Doom Queen Machinex,Pendulum Effect Monster,DARK,Fiend,3000
71398055,D/D/D/D Dimensional King Arc Crisis,Pendulum Effect Fusion Monster,DARK,Fiend,4000
97417863,D/D/D/D Super-Dimensional Sovereign Emperor Zero Paradox,Pendulum Effect Monster,DARK,Fiend,3000
41090784,Dai-sojo of the Ice Barrier,Effect Monster,WATER,Spellcaster,1600
69133798,Daidara-Bocchi,Effect Monster,EARTH,Zombie,2900
39943352,Daidaratant the Ooze Giant,XYZ Pendulum Effect Monster,WATER,Zombie,2400
10755984,Daigusto Eguls,Synchro Monster,WIND,Psychic,2600
581014,Daigusto Emeral,XYZ Monster,WIND,Rock,1800
34109611,Daigusto Falcos,Synchro Monster,WIND,Psychic,1400
84766279,Daigusto Gulldos,Synchro Monster,WIND,Psychic,2200
76937326,Daigusto Laplampilica,Synchro Monster,WIND,Psychic,1900
2766877,Daigusto Phoenix,XYZ Monster,WIND,Pyro,1500
29552709,Daigusto Sphreez,Synchro Monster,WIND,Psychic,2000
42542842,"Dakki, the Graceful Mayakashi",Tuner Monster,FIRE,Zombie,1000
60741115,Damage Eater,Effect Monster,DARK,Fiend,100
50613779,Damage Mage,Effect Monster,DARK,Spellcaster,600
59546528,Dance Princess of the Ice Barrier,Effect Monster,WATER,Spellcaster,1700
52738610,Dance Princess of the Nekroz,Effect Monster,WATER,Spellcaster,1600
59983499,Dancing Elf,Normal Monster,WIND,Fairy,300
90925163,Dancing Fairy,Effect Monster,WIND,Fairy,1700
36629635,Dandy Whitelion,Effect Monster,EARTH,Plant,300
15341821,Dandylion,Effect Monster,EARTH,Plant,300
43316238,Danger! Bigfoot!,Effect Monster,DARK,Beast,3000
16209941,Danger! Chupacabra!,Effect Monster,DARK,Fiend,1500
26302107,Danger! Dogman!,Effect Monster,DARK,Beast-Warrior,2400
52350806,Danger! Mothman!,Effect Monster,DARK,Insect,1800
70711847,Danger! Nessie!,Effect Monster,DARK,Aqua,1600
83518674,Danger! Ogopogo!,Effect Monster,DARK,Sea Serpent,1200
90807199,Danger! Thunderbird!,Effect Monster,DARK,Winged Beast,2800
43694650,Danger!? Jackalope?,Effect Monster,DARK,Beast,500
99745551,Danger!? Tsuchinoko?,Effect Monster,DARK,Reptile,1300
58468105,Dangerous Frightfur Nightmary,Fusion Monster,DARK,Fiend,2000
48588176,Danipon,Effect Monster,EARTH,Insect,600
66192538,Danmari @Ignister,Effect Monster,DARK,Cyberse,2300
18386170,"Dante, Pilgrim of the Burning Abyss",Fusion Monster,LIGHT,Fairy,2800
83531441,"Dante, Traveler of the Burning Abyss",XYZ Monster,LIGHT,Warrior,1000
34479658,Dark Alligator,Effect Monster,DARK,Reptile,2500
28593329,Dark Angel,Effect Monster,DARK,Fairy,0
95685352,Dark Anthelion Dragon,XYZ Pendulum Effect Monster,DARK,Dragon,3000
65192027,Dark Armed Dragon,Effect Monster,DARK,Dragon,2800
78144171,"Dark Armed, the Dragon of Annihilation",XYZ Monster,DARK,Dragon,2800
72520073,Dark Artist,Effect Monster,DARK,Fiend,600
41949033,Dark Assailant,Normal Monster,DARK,Zombie,1200
80071763,Dark Balter the Terrible,Fusion Monster,DARK,Fiend,2000
67049542,Dark Bat,Normal Monster,WIND,Winged Beast,1000
81034083,Dark Beckoning Beast,Effect Monster,DARK,Fiend,0
11321183,Dark Blade,Normal Monster,DARK,Warrior,1800
57784563,Dark Blade the Captain of the Evil World,Effect Monster,DARK,Warrior,1800
86805855,Dark Blade the Dragon Knight,Fusion Monster,DARK,Warrior,2200
44341034,Dark Bug,Effect Monster,DARK,Insect,100
8634636,Dark Cat with White Tail,Flip Effect Monster,EARTH,Beast,800
33875961,Dark Catapulter,Effect Monster,EARTH,Machine,1000
73452089,Dark Cavalry,Fusion Monster,DARK,Spellcaster,2800
32344688,Dark Chimera,Normal Monster,DARK,Fiend,1610
91596726,Dark Crusader,Effect Monster,DARK,Warrior,1600
70187958,Dark Desertapir,Effect Monster,EARTH,Beast,1100
109401,Dark Dimension Soldier,Synchro Monster,DARK,Warrior,1200
31919988,Dark Diviner,Synchro Monster,DARK,Fiend,2000
62312469,Dark Doriado,Pendulum Effect Monster,DARK,Spellcaster,1800
65287621,Dark Driceratops,Effect Monster,EARTH,Dinosaur,2400
89111398,Dark Dust Spirit,Spirit Monster,EARTH,Zombie,2200
81755371,Dark Effigy,Effect Monster,DARK,Fiend,1500
21417692,Dark Elf,Effect Monster,DARK,Spellcaster,2000
88643579,Dark End Dragon,Synchro Monster,DARK,Dragon,2600
62002838,Dark End Evaporation Dragon,Effect Monster,DARK,Dragon,2600
29436665,Dark Eradicator Warlock,Effect Monster,DARK,Spellcaster,2500
88685329,Dark Eye Nightmare,Effect Monster,DARK,Fiend,1700
13722870,Dark Flare Knight,Fusion Monster,DARK,Warrior,2200
94979322,Dark Flare Swordsman,Effect Monster,FIRE,Warrior,2200
67904682,Dark Flattop,Synchro Monster,DARK,Machine,0
41114306,Dark Garnex the Cubic Beast,Effect Monster,EARTH,Beast,0
70676581,Dark General Freed,Effect Monster,DARK,Warrior,2300
9159938,Dark Gray,Normal Monster,EARTH,Beast,800
14536035,Dark Grepher,Effect Monster,DARK,Warrior,1700
26746975,Dark Guardian,Effect Monster,DARK,Warrior,3800
75326861,Dark Highlander,Synchro Monster,DARK,Fiend,2800
72880377,Dark Hole Dragon,Effect Monster,DARK,Dragon,3000
26914168,Dark Honest,Effect Monster,DARK,Fairy,1100
66214679,Dark Horus,Effect Monster,DARK,Dragon,3000
19357125,Dark Hunter,Effect Monster,DARK,Fiend,1600
74567889,Dark Infant @Ignister,Link Monster,DARK,Cyberse,500
90980792,Dark Jeroid,Effect Monster,DARK,Fiend,1200
53375573,Dark King of the Abyss,Normal Monster,DARK,Fiend,1200
85313220,Dark Lucius LV4,Effect Monster,EARTH,Fiend,1000
12817939,Dark Lucius LV6,Effect Monster,EARTH,Fiend,1700
58206034,Dark Lucius LV8,Effect Monster,EARTH,Fiend,2800
46986414,Dark Magician,Normal Monster,DARK,Spellcaster,2500
38033121,Dark Magician Girl,Effect Monster,DARK,Spellcaster,2000
43892408,Dark Magician Girl the Dragon Knight,Fusion Monster,DARK,Dragon,2600
2501624,Dark Magician Girl the Magician's Apprentice,Effect Monster,DARK,Spellcaster,2000
50725996,Dark Magician Knight,Effect Monster,DARK,Warrior,2500
40737112,Dark Magician of Chaos,Effect Monster,DARK,Spellcaster,2800
59400890,Dark Magician of Destruction,Fusion Monster,DARK,Spellcaster,2800
41721210,Dark Magician the Dragon Knight,Fusion Monster,DARK,Dragon,3000
5829717,Dark Magician the Knight of Dragon Magic,Fusion Monster,DARK,Dragon,2900
342673,Dark Magician the Magician of Black Magic,Effect Monster,DARK,Spellcaster,2500
97642679,Dark Master - Zorc,Ritual Effect Monster,DARK,Fiend,2700
74713516,Dark Mimic LV1,Flip Effect Monster,DARK,Fiend,100
1102515,Dark Mimic LV3,Effect Monster,DARK,Fiend,1000
31829185,Dark Necrofear,Effect Monster,DARK,Fiend,2200
21960890,Dark Necromancer,Effect Monster,DARK,Zombie,1000
38107923,Dark Nephthys,Effect Monster,DARK,Winged Beast,2400
98502113,Dark Paladin,Fusion Monster,DARK,Spellcaster,2900
13193642,Dark Plant,Normal Monster,DARK,Plant,300
89558090,Dark Prisoner,Normal Monster,DARK,Fiend,600
99261403,Dark Rabbit,Normal Monster,DARK,Beast,1100
16195942,Dark Rebellion Xyz Dragon,XYZ Monster,DARK,Dragon,2500
45462639,Dark Red Enchanter,Effect Monster,DARK,Spellcaster,1700
1621413,Dark Requiem Xyz Dragon,XYZ Monster,DARK,Dragon,3000
97021916,Dark Resonator,Tuner Monster,DARK,Fiend,1300
90724272,Dark Rose Fairy,Effect Monster,DARK,Fairy,800
53982768,Dark Ruler Ha Des,Effect Monster,DARK,Fiend,2450
92377303,Dark Sage,Effect Monster,DARK,Spellcaster,2800
61587183,Dark Scorpion - Chick the Yellow,Effect Monster,DARK,Warrior,1000
6967870,Dark Scorpion - Cliff the Trap Remover,Effect Monster,DARK,Warrior,1200
48768179,Dark Scorpion - Gorg the Strong,Effect Monster,DARK,Warrior,1800
74153887,Dark Scorpion - Meanae the Thorn,Effect Monster,DARK,Warrior,1000
40933924,Dark Scorpion Burglars,Effect Monster,DARK,Warrior,1000
40196604,Dark Shade,Normal Monster,WIND,Fiend,1000
11366199,Dark Simorgh,Effect Monster,DARK,Winged Beast,2700
81759748,Dark Spider,Effect Monster,DARK,Insect,0
51993760,Dark Spirit of Banishment,Effect Monster,DARK,Fiend,1600
87988305,Dark Spirit of Malice,Effect Monster,DARK,Fiend,1600
32646477,Dark Strike Fighter,Synchro Monster,DARK,Machine,2600
87917187,Dark Summoning Beast,Effect Monster,DARK,Fiend,0
97383507,Dark Templar @Ignister,Link Monster,DARK,Cyberse,2300
76614003,Dark Tinker,Tuner Monster,DARK,Fiend,1000
89494469,Dark Titan of Terror,Normal Monster,DARK,Fiend,1300
83269557,Dark Valkyria,Gemini Monster,DARK,Fairy,1800
50164989,Dark Verger,Effect Monster,EARTH,Plant,0
65282484,Dark Voltanis,Effect Monster,DARK,Fairy,2800
35565537,Dark Witch,Normal Monster,LIGHT,Fairy,1800
59784896,Dark Zebra,Effect Monster,EARTH,Beast,1800
38247752,Dark-Eyes Illusionist,Flip Effect Monster,DARK,Spellcaster,0
35798491,Darkbishop Archfiend,Effect Monster,WATER,Fiend,300
39343610,Darkblaze Dragon,Effect Monster,FIRE,Dragon,1200
50383626,"Darkest Diabolos, Lord of the Lair",Effect Monster,DARK,Dragon,3000
17881964,Darkfire Dragon,Fusion Monster,DARK,Dragon,1500
5388481,Darkfire Soldier #1,Normal Monster,FIRE,Pyro,1700
78861134,Darkfire Soldier #2,Normal Monster,FIRE,Pyro,1700
25460258,Darkflare Dragon,Effect Monster,DARK,Dragon,2400
76202610,Darklon,Effect Monster,DARK,Fiend,100
51728779,Darklord Amdusc,Effect Monster,DARK,Fairy,1800
85771019,Darklord Asmodeus,Effect Monster,DARK,Fairy,3000
55690251,Darklord Desire,Effect Monster,DARK,Fairy,3000
47664723,Darklord Edeh Arae,Effect Monster,DARK,Fairy,2300
52840267,Darklord Ixchel,Effect Monster,DARK,Fairy,2500
57579381,Darklord Marie,Effect Monster,DARK,Fiend,1700
25451652,Darklord Morningstar,Effect Monster,DARK,Fairy,3000
25339070,Darklord Nasten,Effect Monster,DARK,Fairy,2600
18168997,Darklord Nergal,Effect Monster,DARK,Fairy,2700
67316075,Darklord Nurse Reficule,Effect Monster,DARK,Fairy,1400
11260714,Darklord Superbia,Effect Monster,DARK,Fairy,2900
88234365,Darklord Tezcatlipoca,Effect Monster,DARK,Fairy,2800
92807548,Darklord Ukoback,Effect Monster,DARK,Fairy,700
40921744,Darklord Zerato,Effect Monster,DARK,Fairy,2800
93709215,Darkness Destroyer,Effect Monster,DARK,Fiend,2300
79266769,"Darkness Metal, the Dragon of Dark Steel",Link Monster,DARK,Dragon,2800
60417395,Darkness Neosphere,Effect Monster,DARK,Fiend,4000
76925842,Darknight Parshath,Effect Monster,DARK,Fairy,1900
70054514,Darksea Float,Effect Monster,DARK,Machine,0
34659866,Darksea Rescue,Effect Monster,DARK,Machine,0
57662975,Darkstorm Dragon,Gemini Monster,DARK,Dragon,2700
64414267,Darktellarknight Batlamyus,XYZ Monster,DARK,Warrior,2600
1035143,Darkuriboh,Effect Monster,DARK,Fiend,300
43500484,Darkworld Thorns,Normal Monster,EARTH,Plant,1200
86271510,Darton the Mechanical Monstrosity,Effect Monster,DARK,Machine,-1
35394356,Daruma Dropper,Effect Monster,EARTH,Warrior,700
34257001,Dash Warrior,Effect Monster,WIND,Warrior,600
84816244,Datacorn,Effect Monster,DARK,Cyberse,0
12500059,Dawn Angel Kambi,Effect Monster,LIGHT,Fairy,500
6351548,Dawn Knight,Effect Monster,LIGHT,Warrior,1400
57549932,Dawnbreak Gardna,Gemini Monster,LIGHT,Warrior,1500
91336701,Day-Breaker the Shining Magical Warrior,Link Monster,LIGHT,Spellcaster,1600
29116732,Daybreaker,Effect Monster,LIGHT,Warrior,1700
14943837,Debris Dragon,Tuner Monster,WIND,Dragon,1000
10209545,Decayed Commander,Effect Monster,EARTH,Zombie,1000
1861629,Decode Talker,Link Monster,DARK,Cyberse,2300
30822527,Decode Talker Extended,Link Monster,DARK,Cyberse,2300
61245672,Decode Talker Heatsoul,Link Monster,FIRE,Cyberse,2300
2732323,Decoy Dragon,Effect Monster,FIRE,Dragon,300
25034083,Decoyroid,Effect Monster,WIND,Machine,300
17559367,Deep Diver,Effect Monster,WATER,Aqua,1000
8495780,Deep Sea Artisan,Effect Monster,WATER,Sea Serpent,0
78868119,Deep Sea Diva,Tuner Monster,WATER,Sea Serpent,200
71978434,Deep Sea Minstrel,Tuner Monster,WATER,Sea Serpent,1200
50793215,Deep Sea Prima Donna,Synchro Tuner Monster,WATER,Sea Serpent,1500
33467872,Deep Sea Repetiteur,Synchro Tuner Monster,WATER,Sea Serpent,1800
45483489,Deep Sea Sentry,Effect Monster,WATER,Sea Serpent,400
8649148,Deep Sweeper,Effect Monster,WATER,Fish,1600
22804410,Deep-Eyes White Dragon,Effect Monster,LIGHT,Dragon,0
1586457,Deep-Space Cruiser IX,Effect Monster,LIGHT,Machine,900
13314457,Deepsea Macrotrema,Effect Monster,WATER,Fish,600
28593363,Deepsea Shark,Fusion Monster,WATER,Fish,1900
24128274,Deepsea Warrior,Effect Monster,WATER,Warrior,1600
76353872,Defcon Bird,Effect Monster,WIND,Cyberse,100
92327802,Defect Compiler,Effect Monster,LIGHT,Cyberse,1000
51782995,Defender of Nephthys,Effect Monster,WIND,Spellcaster,1400
82498947,Defender of the Ice Barrier,Tuner Monster,WATER,Aqua,200
31897444,Defender of the Labyrinth,Link Monster,EARTH,Warrior,1400
2525268,"Defender, the Magical Knight",Effect Monster,LIGHT,Spellcaster,1600
58582979,Defrag Dragon,Effect Monster,DARK,Dragon,1000
92171126,"Deftero Enneacraft - ""alazoneIA""",Pendulum Flip Effect Monster,EARTH,Machine,100
50426119,Degrade Buster,Effect Monster,FIRE,Cyberse,2500
87621407,Dekoichi the Battlechanted Locomotive,Flip Effect Monster,DARK,Machine,1400
85718645,Delg the Dark Monarch,Effect Monster,DARK,Spellcaster,2400
57568840,Delta Flyer,Tuner Monster,WIND,Dragon,1500
12262393,Delta The Magnet Warrior,Effect Monster,EARTH,Rock,1600
12079734,Delta Tri,Effect Monster,LIGHT,Machine,1200
59504256,Demigod of the Tistina,Effect Monster,LIGHT,Aqua,2000
86124104,"Demise, Agent of Armageddon",Ritual Effect Monster,DARK,Fiend,1800
72426662,"Demise, King of Armageddon",Ritual Effect Monster,DARK,Fiend,2400
59913418,"Demise, Supreme King of Armageddon",Ritual Effect Monster,DARK,Fiend,3000
65536818,"Denglong, First of the Yang Zing",Synchro Tuner Monster,LIGHT,Wyrm,0
12890860,Denial Deity Dotan,Fusion Monster,LIGHT,Warrior,3000
13974207,Denko Sekka,Effect Monster,LIGHT,Thunder,1700
10474647,Depresspard,Effect Monster,LIGHT,Beast,100
37798171,Depth Shark,Effect Monster,WATER,Fish,1400
12965761,Des Dendle,Union Effect Monster,EARTH,Plant,300
81985784,Des Feral Imp,Flip Effect Monster,DARK,Reptile,1600
84451804,Des Frog,Effect Monster,WATER,Aqua,1900
78613627,Des Kangaroo,Effect Monster,DARK,Beast,1500
69579761,Des Koala,Flip Effect Monster,DARK,Beast,1100
2326738,Des Lacooda,Effect Monster,EARTH,Zombie,500
33695750,Des Mosquito,Effect Monster,DARK,Insect,500
81059524,Des Volstgalph,Effect Monster,EARTH,Dragon,2200
9637706,Des Wombat,Effect Monster,EARTH,Beast,1600
63410069,Desert Locusts,Synchro Tuner Monster,EARTH,Insect,1500
38981606,Desert Protector,Effect Monster,EARTH,Insect,800
81977953,Desert Twister,Effect Monster,WIND,Fiend,2300
13409151,Desertapir,Flip Effect Monster,EARTH,Beast,900
94693857,Deskbot 001,Tuner Monster,EARTH,Machine,500
59368956,Deskbot 002,Effect Monster,EARTH,Machine,500
75944053,Deskbot 003,Effect Monster,EARTH,Machine,500
22227683,Deskbot 004,Effect Monster,EARTH,Machine,500
10117149,Deskbot 005,Pendulum Effect Monster,EARTH,Machine,500
55106249,Deskbot 006,Pendulum Effect Monster,EARTH,Machine,500
97588916,Deskbot 007,Pendulum Effect Monster,EARTH,Machine,500
24573625,Deskbot 008,Pendulum Effect Monster,EARTH,Machine,500
25494711,Deskbot 009,Effect Monster,EARTH,Machine,500
89544521,Deskbot Jet,Synchro Monster,EARTH,Machine,500
42908201,Desmanian Devil,Effect Monster,EARTH,Beast,1700
71200730,Despair from the Dark,Effect Monster,DARK,Zombie,2800
76728962,Desperado Barrel Dragon,Effect Monster,DARK,Machine,2800
90179822,Despian Comedy,Effect Monster,DARK,Fairy,0
53971455,Despian Luluwalilith,Synchro Monster,LIGHT,Spellcaster,2500
18666161,Despian Proskenion,Fusion Monster,LIGHT,Fiend,3200
72272462,Despian Quaeritis,Fusion Monster,LIGHT,Fiend,2500
36577931,Despian Tragedy,Effect Monster,DARK,Fairy,400
72192100,Desrook Archfiend,Effect Monster,LIGHT,Fiend,1100
76263644,Destiny End Dragoon,Fusion Monster,DARK,Warrior,3000
55461064,Destiny HERO - Blade Master,Effect Monster,DARK,Warrior,300
77608643,Destiny HERO - Captain Tenacious,Effect Monster,DARK,Warrior,800
63362460,Destiny HERO - Celestial,Effect Monster,DARK,Warrior,1600
30757127,Destiny HERO - Dangerous,Fusion Monster,DARK,Warrior,2000
26964762,Destiny HERO - Dark Angel,Effect Monster,DARK,Warrior,0
81866673,Destiny HERO - Dasher,Effect Monster,DARK,Warrior,2100
64184058,Destiny HERO - Decider,Effect Monster,DARK,Warrior,1600
54749427,Destiny HERO - Defender,Effect Monster,DARK,Warrior,100
16605586,Destiny HERO - Denier,Effect Monster,DARK,Warrior,1100
39829561,Destiny HERO - Departed,Effect Monster,DARK,Warrior,1000
60461804,Destiny HERO - Destroyer Phoenix Enforcer,Fusion Monster,DARK,Warrior,2500
13093792,Destiny HERO - Diamond Dude,Effect Monster,DARK,Warrior,1400
56570271,Destiny HERO - Disk Commander,Effect Monster,DARK,Warrior,300
17132130,Destiny HERO - Dogma,Effect Monster,DARK,Warrior,3400
69394324,Destiny HERO - Dominance,Fusion Monster,DARK,Warrior,2900
41613948,Destiny HERO - Doom Lord,Effect Monster,DARK,Warrior,600
28355718,Destiny HERO - Double Dude,Effect Monster,DARK,Warrior,1000
48150362,Destiny HERO - Drawhand,Effect Monster,DARK,Warrior,1600
36625827,Destiny HERO - Dread Servant,Effect Monster,DARK,Warrior,400
40591390,Destiny HERO - Dreadmaster,Effect Monster,DARK,Warrior,-1
66262416,Destiny HERO - Dreamer,Effect Monster,DARK,Warrior,0
91691605,Destiny HERO - Drilldark,Effect Monster,DARK,Warrior,1600
93431862,Destiny HERO - Dunker,Effect Monster,DARK,Warrior,1200
93657021,Destiny HERO - Dusktopia,Fusion Monster,DARK,Warrior,3000
37780349,Destiny HERO - Dynatag,Effect Monster,DARK,Warrior,1000
90579153,Destiny HERO - Dystopia,Fusion Monster,DARK,Warrior,2800
80744121,Destiny HERO - Fear Monger,Effect Monster,DARK,Warrior,1000
9411399,Destiny HERO - Malicious,Effect Monster,DARK,Warrior,800
83965310,Destiny HERO - Plasma,Effect Monster,DARK,Warrior,1900
73481154,Destroyer Golem,Normal Monster,EARTH,Rock,1500
80186010,Destroyersaurus,Effect Monster,EARTH,Dinosaur,1800
59235795,Destruction Cyclone,Effect Monster,WIND,Reptile,2000
44373896,Destruction Dragon,Fusion Monster,FIRE,Dragon,2000
11232355,Destructotron,Effect Monster,EARTH,Psychic,1600
5560911,Destrudo the Lost Dragon's Frisson,Tuner Monster,DARK,Dragon,1000
24487411,Detonate Deleter,Link Monster,DARK,Cyberse,2100
46789706,Detonating Kuriboh,Effect Monster,DARK,Fiend,300
62587693,Deus X-Krawler,Flip Effect Monster,EARTH,Insect,2000
88176533,Devotee of Nephthys,Ritual Effect Monster,WIND,Spellcaster,1200
30037118,Devouring Sarcoughagus,Effect Monster,DARK,Zombie,0
90311614,Dewdark of the Ice Barrier,Tuner Monster,WATER,Aqua,1200
70583986,"Dewloren, Tiger King of the Ice Barrier",Synchro Monster,WATER,Beast,2000
32302078,Dhampir Vampire Sheridan,XYZ Monster,DARK,Zombie,2600
19327348,Dharc the Dark Charmer,Flip Effect Monster,DARK,Spellcaster,500
8264361,"Dharc the Dark Charmer, Gloomy",Link Monster,DARK,Spellcaster,1850
96967123,Dharma Cannon,Normal Monster,DARK,Machine,900
88757791,Dharma-Eye Magician,Pendulum Effect Monster,LIGHT,Spellcaster,2000
14307929,"Diabell, Queen of the White Forest",Synchro Monster,LIGHT,Illusion,2500
72270339,Diabellstar the Black Witch,Effect Monster,DARK,Spellcaster,2500
23151193,Diabellstar Vengeance,Effect Monster,DARK,Fiend,2500
53765052,Diabellze the Original Sinkeeper,Effect Monster,LIGHT,Illusion,2500
60145298,Diabellze the White Witch,Effect Monster,LIGHT,Illusion,2500
24634594,Diabolantis the Menacing Mantis,Synchro Monster,DARK,Insect,2500
78077209,Diabolica the Draconique General,Effect Monster,DARK,Fiend,2300
29424328,"Diabolos, King of the Abyss",Effect Monster,DARK,Dragon,2800
51644030,Diabound Kernel,Effect Monster,DARK,Fiend,1800
95169481,Diamond Dire Wolf,XYZ Monster,EARTH,Beast,2000
17257342,Diana the Light Spirit,Effect Monster,LIGHT,Thunder,1700
69893315,Dice Armadillo,Normal Monster,EARTH,Machine,1650
3549275,Dice Jar,Flip Effect Monster,LIGHT,Rock,200
62893810,Dicelops,Effect Monster,FIRE,Machine,1800
66961194,Dictator of D.,Effect Monster,DARK,Spellcaster,1200
50939127,Different Dimension Dragon,Effect Monster,LIGHT,Dragon,1200
29948642,Dig Beak,Normal Monster,EARTH,Beast,500
68950538,Digital Bug Centibit,Effect Monster,LIGHT,Insect,1500
32465539,Digital Bug Cocoondenser,Effect Monster,LIGHT,Insect,0
58600555,Digital Bug Corebage,XYZ Monster,LIGHT,Insect,2200
83048208,Digital Bug LEDybug,Effect Monster,LIGHT,Insect,500
19301729,Digital Bug Registrider,Effect Monster,LIGHT,Insect,1000
85004150,Digital Bug Rhinosebus,XYZ Monster,LIGHT,Insect,2600
12615446,Digital Bug Scaradiator,XYZ Monster,LIGHT,Insect,1800
94344242,Digital Bug Websolder,Effect Monster,LIGHT,Insect,500
32295838,Digitron,Normal Monster,EARTH,Cyberse,1500
29515122,"Digvorzhak, King of Heavy Industry",XYZ Monster,EARTH,Machine,3200
23732205,Dillingerous Dragon,Link Monster,DARK,Dragon,1600
77683371,Dimension Conjurer,Effect Monster,DARK,Spellcaster,500
1596508,Dimension Fortress Weapon,Effect Monster,DARK,Machine,1700
73414375,Dimension Jar,Flip Effect Monster,DARK,Machine,200
91800273,Dimension Shifter,Effect Monster,DARK,Spellcaster,1200
62107612,Dimension Wanderer,Effect Monster,LIGHT,Spellcaster,0
36733451,Dimensional Alchemist,Effect Monster,LIGHT,Fairy,1300
52254878,Dimensional Allotrope Varis,Tuner Monster,LIGHT,Psychic,0
30432463,Dimonno Vaalmonica,Pendulum Effect Monster,LIGHT,Fiend,1200
93854893,"Dingirsu, the Orcust of the Evening Star",XYZ Monster,DARK,Machine,2600
27143874,Dino-Sewing,Effect Monster,EARTH,Fiend,0
58984738,"Dinomight Knight, the True Dracofighter",Effect Monster,WATER,Wyrm,2500
28720123,"Dinomight Powerload, the Dracoslayer",Pendulum Effect Monster,WATER,Machine,1700
32134638,Dinomist Ankylos,Pendulum Effect Monster,WATER,Machine,1500
368382,Dinomist Brachion,Pendulum Effect Monster,WATER,Machine,2000
37752990,Dinomist Ceratops,Pendulum Effect Monster,WATER,Machine,2100
38988538,Dinomist Plesios,Pendulum Effect Monster,WATER,Machine,1700
64973287,Dinomist Pteran,Pendulum Effect Monster,WATER,Machine,1800
63251695,Dinomist Rex,Pendulum Effect Monster,WATER,Machine,2400
5067884,Dinomist Spinos,Pendulum Effect Monster,WATER,Machine,2500
1580833,Dinomist Stegosaur,Pendulum Effect Monster,WATER,Machine,1600
38628859,Dinomorphia Diplos,Effect Monster,DARK,Dinosaur,1000
48832775,Dinomorphia Kentregina,Fusion Monster,DARK,Dinosaur,4000
92798873,Dinomorphia Rexterm,Fusion Monster,DARK,Dinosaur,3000
74936480,Dinomorphia Stealthbergia,Fusion Monster,DARK,Dinosaur,0
92133240,Dinomorphia Therizia,Effect Monster,DARK,Dinosaur,1500
22638495,"Dinoster Power, the Mighty Dracoslayer",Fusion Monster,WATER,Dragon,2000
84631951,Dinovatus Docus,Effect Monster,EARTH,Dinosaur,1500
93507434,Dinowrestler Capaptera,Effect Monster,WIND,Dinosaur,1600
29996433,Dinowrestler Capoeiraptor,Effect Monster,EARTH,Dinosaur,1800
22900219,Dinowrestler Chimera T Wrextle,Fusion Monster,EARTH,Dinosaur,3500
75366958,Dinowrestler Coelasilat,Tuner Monster,EARTH,Dinosaur,100
48372950,Dinowrestler Eskrimamenchi,Effect Monster,EARTH,Dinosaur,2200
58672736,Dinowrestler Giga Spinosavate,Synchro Monster,EARTH,Dinosaur,3000
61269611,Dinowrestler Iguanodraka,Effect Monster,EARTH,Dinosaur,2000
77967790,Dinowrestler King T Wrextle,Link Monster,EARTH,Dinosaur,3000
54446813,Dinowrestler Martial Ampelo,Effect Monster,EARTH,Dinosaur,600
11755663,Dinowrestler Martial Anga,Effect Monster,EARTH,Dinosaur,1600
35770983,Dinowrestler Martial Ankylo,Effect Monster,EARTH,Dinosaur,1000
82385847,Dinowrestler Pankratops,Effect Monster,EARTH,Dinosaur,2600
61764082,Dinowrestler Rambrachio,Effect Monster,EARTH,Dinosaur,1600
56980148,Dinowrestler Systegosaur,Effect Monster,EARTH,Dinosaur,1900
69121954,Dinowrestler Terra Parkourio,Link Monster,EARTH,Dinosaur,1000
80831552,Dinowrestler Valeonyx,Effect Monster,EARTH,Dinosaur,1600
46533533,Dipity,Normal Monster,LIGHT,Fiend,0
78084378,Diplexer Chimera,Fusion Monster,LIGHT,Cyberse,2000
66472129,Dipsea Fiend,Effect Monster,WATER,Fiend,1500
58707981,Disablaster the Negation Fortress,Pendulum Effect Monster,LIGHT,Machine,500
67359907,"Disaster, Dragon Ruler of All Apocalypses",XYZ Monster,LIGHT,Dragon,0
19612721,Disc Fighter,Effect Monster,EARTH,Warrior,1000
98999181,Disciple of Nephthys,Effect Monster,WIND,Spellcaster,0
15595052,Disciple of the Forbidden Spell,Effect Monster,LIGHT,Warrior,1700
76137614,Disenchanter,Effect Monster,LIGHT,Spellcaster,2000
76446915,Disk Magician,Normal Monster,DARK,Machine,1350
41113025,Diskblade Rider,Effect Monster,WIND,Fiend,1700
64966519,Dispatchparazzi,Link Monster,DARK,Fiend,100
40826495,Dissolverock,Normal Monster,EARTH,Rock,900
90448279,Divine Arsenal AA-ZEUS - Sky Thunder,XYZ Monster,LIGHT,Machine,3000
10032958,Divine Dragon - Excelion,Effect Monster,LIGHT,Dragon,1500
20277376,Divine Dragon Apocralyph,Effect Monster,DARK,Dragon,1000
67964209,Divine Dragon Aquabizarre,Effect Monster,WATER,Sea Serpent,2100
1639384,Divine Dragon Knight Felgrand,XYZ Monster,LIGHT,Warrior,2800
60681103,Divine Dragon Lord Felgrand,Effect Monster,LIGHT,Dragon,2800
62113340,Divine Dragon Ragnarok,Normal Monster,LIGHT,Dragon,1500
32975247,Divine Dragon Titanomakhia,Effect Monster,LIGHT,Dragon,3000
44698398,Divine Golden Shadow Dragon Dragluxion,XYZ Monster,LIGHT,Dragon,2500
61757117,Divine Grace - Northwemko,Ritual Effect Monster,LIGHT,Spellcaster,2700
57902462,Divine Knight Ishzark,Effect Monster,LIGHT,Warrior,2300
23804920,Divine Scorpion Beast of Serket,Fusion Monster,EARTH,Fairy,3000
97800311,Divine Serpent Apophis,Fusion Monster,EARTH,Reptile,2800
82103466,Divine Serpent Geh,Effect Monster,DARK,Reptile,-1
92919429,Diviner of the Herald,Tuner Monster,LIGHT,Fairy,500
42427230,Division,Effect Monster,FIRE,Machine,200
77153811,Djinn Cursenchanter of Rituals,Effect Monster,DARK,Fiend,1700
33145233,Djinn Demolisher of Rituals,Effect Monster,DARK,Fiend,1500
30492798,Djinn Disserere of Rituals,Effect Monster,DARK,Fiend,200
34358408,Djinn Presider of Rituals,Effect Monster,DARK,Fiend,1800
4141820,Djinn Prognosticator of Rituals,Effect Monster,DARK,Fiend,400
8903700,Djinn Releaser of Rituals,Effect Monster,DARK,Fiend,1200
97843505,Djinn the Watcher of the Wind,Normal Monster,WIND,Spellcaster,700
98371278,DMZ Dragon,Effect Monster,DARK,Dragon,0
22171591,Doctor Cranium,Effect Monster,EARTH,Psychic,100
47013502,Dodger Dragon,Effect Monster,WIND,Dragon,1900
19700943,Dododo Bot,Effect Monster,EARTH,Machine,1800
57996334,Dododo Buster,Effect Monster,EARTH,Warrior,1900
85310252,Dododo Driver,Effect Monster,EARTH,Warrior,1800
75421661,Dododo Swordsman,Effect Monster,EARTH,Warrior,0
83274244,Dododo Warrior,Effect Monster,EARTH,Warrior,2300
39432962,Dododo Witch,Effect Monster,EARTH,Warrior,1200
62880279,Dodododo Warrior,Effect Monster,EARTH,Warrior,2300
59724555,Dodododwarf Gogogoglove,Effect Monster,EARTH,Rock,0
1003028,Doggy Diver,Effect Monster,DARK,Warrior,1000
33296432,"Dogmatika Adin, the Enlightened",Effect Monster,LIGHT,Spellcaster,1000
51522296,Dogmatika Alba Zoa,Ritual Effect Monster,LIGHT,Spellcaster,4000
13694209,Dogmatika Ashiyan,Effect Monster,LIGHT,Spellcaster,2000
60303688,"Dogmatika Ecclesia, the Virtuous",Effect Monster,LIGHT,Spellcaster,1500
69680031,"Dogmatika Fleurdelis, the Knighted",Effect Monster,LIGHT,Spellcaster,2500
73355772,"Dogmatika Fleurdelis, the Thunderbolt",Effect Monster,LIGHT,Spellcaster,2500
30394645,Dogmatika Lawbringer,Effect Monster,LIGHT,Spellcaster,2000
95679145,Dogmatika Maximus,Effect Monster,LIGHT,Spellcaster,1500
22073844,Dogmatika Nexus,Effect Monster,LIGHT,Spellcaster,3200
96891787,"Dogmatika Theo, the Iron Punch",Effect Monster,LIGHT,Spellcaster,1800
93332803,"Dogoran, the Mad Flame Kaiju",Effect Monster,FIRE,Dinosaur,3000
95816395,Dogu,Effect Monster,EARTH,Rock,1900
42021064,"Dogurad, the Stonetrooper",Link Monster,EARTH,Rock,1000
57062206,Doitsu,Union Effect Monster,EARTH,Fairy,100
42143067,Doki Doki,Effect Monster,EARTH,Rock,500
25882881,Dokuroizo the Grim Reaper,Normal Monster,DARK,Zombie,900
99721536,Dokurorider,Ritual Monster,DARK,Zombie,1900
30325729,Dokuroyaiba,Normal Monster,FIRE,Fiend,1000
18106132,Doll Monster Bear-Bear,Normal Monster,WIND,Beast,0
72717433,Doll Monster Miss Mädchen,Normal Monster,LIGHT,Fairy,0
16972957,Doma The Angel of Silence,Normal Monster,DARK,Fairy,1600
3493978,Don Turtle,Effect Monster,WATER,Reptile,1100
76922029,Don Zaloog,Effect Monster,DARK,Warrior,1400
8728498,"Donner, Dagger Fur Hire",Link Monster,EARTH,Beast-Warrior,1600
94073244,"Donpa, Marksman Fur Hire",Effect Monster,WIND,Beast,500
14146794,Donyoribo @Ignister,Effect Monster,DARK,Cyberse,300
31230289,Doodle Beast - Stego,Effect Monster,EARTH,Dinosaur,1200
67725394,Doodle Beast - Tyranno,Effect Monster,EARTH,Dinosaur,2400
10389794,Doom Donuts,Flip Effect Monster,DARK,Fiend,0
76039636,Doom Dozer,Effect Monster,EARTH,Insect,2800
69436288,Doom Kraken,Effect Monster,WATER,Aqua,1400
94944637,Doom Shaman,Gemini Monster,DARK,Spellcaster,2400
22804644,Doom Virus Dragon,Fusion Monster,DARK,Dragon,1900
83116692,Doombearer Psychopompos,Tuner Monster,EARTH,Zombie,0
78700060,Doomcaliber Knight,Effect Monster,DARK,Fiend,1900
58616392,Doomdog Octhros,Effect Monster,DARK,Fiend,800
6021033,Doomkaiser Dragon,Synchro Monster,FIRE,Zombie,2400
1764972,Doomkaiser Dragon/Assault Mode,Effect Monster,FIRE,Zombie,2900
39185163,Doomking Balerdroch,Effect Monster,DARK,Zombie,2800
64379430,Doomsday Horror,Effect Monster,DARK,Fiend,-1
58369990,Doomstar Magician,Effect Monster,DARK,Spellcaster,1800
49109013,Doomstar Ulka,Effect Monster,WIND,Beast,1500
31010081,DoomZ Break - Diactorus,XYZ Monster,WIND,Machine,2400
28877382,DoomZ V Five - Amalthe,Effect Monster,DARK,Dragon,1600
54265980,DoomZ VII Seven - Elara,Effect Monster,DARK,Dragon,1400
95626382,DoomZ XII End - Drastrius,XYZ Monster,WIND,Machine,2700
92472273,DoomZ XII Zero - Drastea,Effect Monster,DARK,Dragon,2400
53855409,Doppelwarrior,Effect Monster,DARK,Warrior,800
11590299,Dora Dora,Effect Monster,FIRE,Dragon,400
84916669,Doriado,Normal Monster,EARTH,Spellcaster,1200
756652,Doron,Normal Monster,EARTH,Warrior,900
24194033,Dorover,Normal Monster,WATER,Aqua,900
78751195,Doshin @Ignister,Effect Monster,EARTH,Cyberse,100
80776622,DoSolfachord Coolia,Pendulum Effect Monster,WIND,Fairy,2700
55226153,DoSolfachord Cutia,Pendulum Effect Monster,EARTH,Fairy,100
82050203,Dotedotengu,Effect Monster,WIND,Fiend,0
18789533,Dotscaper,Effect Monster,EARTH,Cyberse,0
44436472,Double Coston,Effect Monster,DARK,Zombie,1700
93612434,Double Disruptor Dragon,Effect Monster,DARK,Dragon,2500
64319467,Double Fin Shark,Effect Monster,WATER,Fish,1000
146746,Double Headed Anger Knuckle,Link Monster,EARTH,Machine,1500
49684352,Double Iris Magician,Pendulum Effect Monster,DARK,Spellcaster,1500
60832978,Double Resonator,Tuner Monster,FIRE,Fiend,0
17643265,Double Shark,Effect Monster,WATER,Fish,1200
55349196,Double-Headed Dino King Rex,Effect Monster,EARTH,Dinosaur,1600
23971061,Doublebyte Dragon,Link Monster,DARK,Cyberse,1500
76382116,"Dovelgus, Generaider Boss of Iron",Effect Monster,EARTH,Machine,1500
72167543,Downerd Magician,XYZ Monster,DARK,Spellcaster,2100
88413677,Doyon @Ignister,Effect Monster,DARK,Cyberse,400
40702028,DPH Gendamoore,Synchro Tuner Monster,FIRE,Cyberse,2000
27995943,Dr. Frankenderp,Effect Monster,DARK,Psychic,300
5041348,Draco Berserker of the Tenyi,Synchro Monster,DARK,Wyrm,3000
23935886,Draco Masters of the Tenyi,Link Monster,LIGHT,Wyrm,2600
62706865,Draconnet,Effect Monster,DARK,Cyberse,1400
42596828,Dracoon Lamp,Effect Monster,FIRE,Wyrm,500
33760966,Dracotail Arthalion,Fusion Monster,EARTH,Dragon,3000
1498449,Dracotail Faimena,Effect Monster,WATER,Spellcaster,1300
79755671,Dracotail Gulamel,Fusion Monster,WATER,Spellcaster,2800
75003700,Dracotail Lukias,Effect Monster,EARTH,Spellcaster,1800
7375867,Dracotail Mululu,Effect Monster,DARK,Dragon,1100
44482554,Dracotail Pan,Effect Monster,WIND,Dragon,2700
84477320,Dracotail Phryxul,Effect Monster,LIGHT,Spellcaster,800
70871153,Dracotail Urgula,Effect Monster,FIRE,Dragon,2400
65737274,Dragard,Effect Monster,DARK,Dragon,1300
45593826,"Draghig, Malebranche of the Burning Abyss",Effect Monster,DARK,Fiend,1100
21435914,Dragocytos Corrupted Nethersoul Dragon,Synchro Monster,DARK,Dragon,4000
65472618,"Dragodies, the Empowered Warrior",Pendulum Effect Monster,LIGHT,Warrior,1500
48705086,Dragolithia Kunzite,Effect Monster,EARTH,Dragon,0
76218313,Dragon Buster Destruction Sword,Tuner Monster,DARK,Dragon,400
38955728,Dragon Core Hexer,Normal Tuner Monster,DARK,Dragon,2300
76066541,Dragon Dowser,Effect Monster,EARTH,Wyrm,1500
9567495,Dragon Gate,XYZ Monster,EARTH,Zombie,1100
21970285,Dragon Horn Hunter,Pendulum Normal Monster,DARK,Warrior,2300
64262809,Dragon Ice,Effect Monster,WATER,Dragon,1800
14017402,Dragon Knight Draco-Equiste,Fusion Monster,WIND,Dragon,3200
87835759,Dragon Knight of Creation,Effect Monster,LIGHT,Dragon,1800
63018132,Dragon Manipulator,Flip Effect Monster,EARTH,Warrior,700
62873545,Dragon Master Knight,Fusion Monster,LIGHT,Dragon,5000
12381100,Dragon Master Magia,Fusion Monster,LIGHT,Dragon,5000
96823189,Dragon of Pride and Soul,Effect Monster,DARK,Dragon,2500
55763552,Dragon Piper,Flip Effect Monster,FIRE,Pyro,200
80513550,Dragon Queen of Tragic Endings,Effect Monster,DARK,Dragon,1900
28563545,Dragon Seeker,Effect Monster,DARK,Fiend,2000
45467446,Dragon Spirit of White,Effect Monster,LIGHT,Dragon,2500
9197735,Dragon Statue,Normal Monster,EARTH,Warrior,1100
66672569,Dragon Zombie,Normal Monster,DARK,Zombie,1600
84462118,Dragonbite,Tuner Monster,DARK,Insect,1000
45667991,Dragoncaller Magician,Pendulum Effect Monster,DARK,Spellcaster,2400
8198620,Dragonecro Nethersoul Dragon,Fusion Monster,DARK,Dragon,3000
70681994,Dragoness the Wicked Knight,Fusion Monster,WIND,Warrior,1200
83980492,Dragong,Pendulum Normal Monster,EARTH,Machine,500
78009994,Dragonic Guard,Effect Monster,FIRE,Dragon,1500
38109772,Dragonic Knight,Effect Monster,FIRE,Dragon,2800
3837261,Dragonic Warrior,Effect Monster,FIRE,Dragon,1500
75083197,Dragonlark Pairen,XYZ Monster,WIND,Wyrm,2700
12163590,Dragonmaid Cehrmba,Effect Monster,DARK,Dragon,2800
76782778,Dragonmaid Ernus,Effect Monster,EARTH,Dragon,2600
15848542,Dragonmaid Lorpar,Effect Monster,WIND,Dragon,2700
49575521,Dragonmaid Nudyarl,Effect Monster,WATER,Dragon,2600
24799107,Dragonmaid Sheou,Fusion Monster,LIGHT,Dragon,3500
42055234,Dragonmaid Tinkhec,Effect Monster,FIRE,Dragon,2700
92870717,"Dragonox, the Empowered Warrior",Pendulum Effect Monster,DARK,Warrior,1500
51531505,Dragonpit Magician,Pendulum Normal Monster,WATER,Spellcaster,900
15146890,Dragonpulse Magician,Pendulum Normal Monster,EARTH,Spellcaster,1800
9069157,Dragonroid,Effect Monster,WIND,Machine,2900
73779005,Dragoons of Draconia,Pendulum Normal Monster,FIRE,Beast-Warrior,1800
36870345,Dragunity Aklys,Tuner Monster,WIND,Dragon,1000
88361177,Dragunity Angusticlavii,Effect Monster,WIND,Winged Beast,2100
53184342,Dragunity Arma Gram,Effect Monster,WIND,Dragon,2900
63487632,Dragunity Arma Leyvaten,Effect Monster,WIND,Dragon,2600
876330,Dragunity Arma Mystletainn,Effect Monster,WIND,Dragon,2100
54455664,Dragunity Brandistock,Tuner Monster,WIND,Dragon,600
99594764,Dragunity Corsesca,Tuner Monster,WIND,Dragon,800
29253591,Dragunity Couse,Tuner Monster,WIND,Dragon,1000
13361027,Dragunity Darkspear,Tuner Monster,WIND,Dragon,1000
28183605,Dragunity Dux,Effect Monster,WIND,Winged Beast,1500
8039562,Dragunity Falchion,Tuner Monster,WIND,Dragon,1300
69975751,Dragunity Guisarme,Tuner Monster,WIND,Dragon,600
80549379,Dragunity Javelin,Tuner Monster,WIND,Dragon,1200
88234821,Dragunity Knight - Areadbhair,Synchro Monster,WIND,Dragon,3300
34528176,Dragunity Knight - Areus,Synchro Monster,WIND,Dragon,2900
48891960,Dragunity Knight - Ascalon,Synchro Monster,WIND,Dragon,3300
25682811,Dragunity Knight - Barcha,Synchro Monster,WIND,Dragon,2000
900787,Dragunity Knight - Gae Bulg,Synchro Monster,WIND,Dragon,2000
34116027,Dragunity Knight - Gae Dearg,Synchro Monster,WIND,Dragon,2400
36556781,Dragunity Knight - Gormfaobhar,Synchro Monster,WIND,Dragon,2600
12496261,Dragunity Knight - Luin,Synchro Tuner Monster,WIND,Dragon,1200
11969228,Dragunity Knight - Romulus,Link Monster,WIND,Dragon,1200
80159717,Dragunity Knight - Trident,Synchro Monster,WIND,Dragon,2400
21249921,Dragunity Knight - Vajrayana,Synchro Monster,WIND,Dragon,1900
89172051,Dragunity Legatus,Effect Monster,WIND,Winged Beast,1800
54578613,Dragunity Legionnaire,Effect Monster,WIND,Winged Beast,1200
70522875,Dragunity Lord - Georgius,Link Monster,WIND,Dragon,2400
81661951,Dragunity Militum,Effect Monster,WIND,Winged Beast,1700
25988873,Dragunity Partisan,Tuner Monster,WIND,Dragon,1200
59755122,Dragunity Phalanx,Tuner Monster,WIND,Dragon,500
52977572,Dragunity Pilum,Tuner Monster,WIND,Dragon,1400
18060565,Dragunity Primus Pilus,Effect Monster,WIND,Winged Beast,2200
71645463,Dragunity Quirinus,Effect Monster,WIND,Winged Beast,1200
26577155,Dragunity Remus,Tuner Monster,WIND,Dragon,800
92868896,Dragunity Senatus,Effect Monster,WIND,Winged Beast,1800
81962318,Dragunity Tribus,Effect Monster,WIND,Winged Beast,500
81096431,Drake Shark,Effect Monster,WATER,Fish,1400
99456344,Dramaturge of Despia,Effect Monster,DARK,Fairy,3000
51925772,Dread Dragon,Tuner Monster,FIRE,Dragon,1100
66973070,Dreadscythe Harvester,Effect Monster,WIND,Insect,2300
5068132,Dream Cicada,Effect Monster,WIND,Insect,300
13215230,Dream Clown,Effect Monster,EARTH,Warrior,1200
6180710,Dream Shark,Effect Monster,WATER,Fish,0
70155677,Dreaming Nemleria,Pendulum Effect Monster,LIGHT,Fairy,0
16893370,"Dreaming Reality of Nemleria, Realized",Effect Monster,LIGHT,Fairy,1500
8687195,Dreamsprite,Effect Monster,LIGHT,Plant,300
94982447,"Dreiath III, the True Dracocavalry General",Effect Monster,EARTH,Wyrm,2100
98248208,"Driangle, Dragon of the Dark Deep",Effect Monster,WATER,Sea Serpent,2100
46221535,Drill Armed Dragon,Effect Monster,WIND,Dragon,1100
24137081,Drill Barnacle,Effect Monster,WATER,Aqua,300
88733579,Drill Bug,Effect Monster,EARTH,Insect,1100
39317553,Drill Driver Vespenato,XYZ Monster,EARTH,Machine,2500
56286179,Drill Synchron,Tuner Monster,EARTH,Machine,800
3429238,Drill Warrior,Synchro Monster,EARTH,Warrior,2400
99050989,Drillago,Effect Monster,DARK,Machine,1600
71218746,Drillroid,Effect Monster,EARTH,Machine,1600
93353691,Driven Daredevil,Synchro Monster,EARTH,Warrior,2400
94145021,Droll & Lock Bird,Effect Monster,WIND,Spellcaster,0
97973387,Droll Bird,Normal Monster,WIND,Winged Beast,600
16353197,Drooling Lizard,Normal Monster,EARTH,Reptile,900
97148796,Drytron Alpha Thuban,Effect Monster,LIGHT,Machine,2000
33543890,Drytron Beta Rastaban,Effect Monster,LIGHT,Machine,2000
22420202,Drytron Delta Altais,Effect Monster,LIGHT,Machine,2000
60037599,Drytron Gamma Eltanin,Effect Monster,LIGHT,Machine,2000
56863746,Drytron Meteonis DA Draconids,Ritual Effect Monster,LIGHT,Machine,5000
69815951,Drytron Meteonis Draconids,Ritual Effect Monster,LIGHT,Machine,4000
95209656,Drytron Meteonis Quadrantids,Ritual Effect Monster,LIGHT,Machine,4000
1174075,Drytron Mu Beta Fafnir,XYZ Monster,LIGHT,Machine,2000
22435424,Drytron Nu II,Effect Monster,LIGHT,Machine,2000
96026108,Drytron Zeta Aldhibah,Effect Monster,LIGHT,Machine,2000
7445307,Dual Assembwurm,Effect Monster,DARK,Cyberse,2800
33026283,Dual Avatar - Empowered Kon-Gyo,Fusion Monster,LIGHT,Warrior,3000
284224,Dual Avatar - Empowered Mitsu-Jaku,Fusion Monster,LIGHT,Warrior,2000
28798938,Dual Avatar - Manifested A-Un,Fusion Monster,LIGHT,Warrior,0
7631534,Dual Avatar Feet - Armored Un-Gyo,Fusion Monster,LIGHT,Warrior,1700
11759079,Dual Avatar Feet - Kokoku,Effect Monster,LIGHT,Warrior,800
60237530,Dual Avatar Fists - Armored Ah-Gyo,Fusion Monster,LIGHT,Warrior,2100
85360035,Dual Avatar Fists - Yuhi,Effect Monster,LIGHT,Warrior,1800
11335209,"Duamutef, Blessing of Horus",Effect Monster,WATER,Beast,0
43803845,Duck Dummy,Gemini Monster,WATER,Winged Beast,0
54813225,Duck Fighter,Effect Monster,WIND,Machine,1300
14506878,DUCKER Mobile Cannon,Flip Effect Monster,LIGHT,Machine,500
60025883,"Duel Link Dragon, the Duel Dragon",Link Monster,DARK,Dragon,0
37880706,Duelittle Chimera,Link Monster,FIRE,Beast,1400
85154941,Duke Archfiend,Effect Monster,WATER,Fiend,0
12766474,"Duke Shade, the Sinister Shadow Lord",Effect Monster,DARK,Fiend,500
13532663,Dummy Golem,Flip Effect Monster,EARTH,Rock,800
12493482,Dunames Dark Witch,Normal Monster,LIGHT,Fairy,1800
51228280,Dungeon Worm,Normal Monster,EARTH,Insect,1800
43017476,Duoterion,Effect Monster,WATER,Dinosaur,2000
46239604,Dupe Frog,Effect Monster,WATER,Aqua,100
76821171,"Duralume, Vaalmonican Heathen Hallow",Link Monster,DARK,Fairy,2500
35195612,Dust Knight,Flip Effect Monster,EARTH,Warrior,1400
20137754,Duza the Meteor Cubic Vessel,Effect Monster,LIGHT,Machine,1600
13455953,Dverg of the Nordic Alfar,Effect Monster,EARTH,Warrior,100
67310848,Dwarf Star Dragon Planeter,Effect Monster,LIGHT,Dragon,1700
46508640,Dweller in the Depths,Effect Monster,EARTH,Dragon,1500
39396763,Dyna Base,Effect Monster,EARTH,Machine,0
73898890,Dyna Mondo,Link Monster,EARTH,Cyberse,2200
75780818,Dyna Tank,Fusion Monster,EARTH,Machine,-1
25123713,"Dyna, Hero Fur Hire",Effect Monster,EARTH,Beast-Warrior,2500
7409792,Dynatherium,Effect Monster,WIND,Beast,1600
52085072,Dystopia the Despondent,Effect Monster,DARK,Fiend,5000
6330307,DZW - Chimera Clad,Effect Monster,DARK,Fiend,0
49139666,E Stranger Big Bang,Effect Monster,LIGHT,Warrior,2100
53693416,Eagle Eye,Effect Monster,WIND,Winged Beast,1300
7500772,Eagle Shark,Effect Monster,WATER,Fish,1000
9416697,"Eanoc, Sentry of the Ghoti",Effect Monster,WATER,Fish,2100
22812068,Earth Armor Ninja,Effect Monster,EARTH,Warrior,1600
53461122,Earth Effigy,Effect Monster,EARTH,Rock,100
62111090,Earth Golem @Ignister,Fusion Monster,EARTH,Cyberse,2300
45836982,Earthbound Greater Linewalker,Effect Monster,DARK,Fiend,2900
10875327,Earthbound Immortal Aslla piscu,Effect Monster,DARK,Winged Beast,2500
46263076,Earthbound Immortal Ccapac Apu,Effect Monster,DARK,Fiend,3000
79798060,Earthbound Immortal Ccarayhua,Effect Monster,DARK,Reptile,2800
69931927,Earthbound Immortal Chacu Challhua,Effect Monster,DARK,Fish,2900
33537328,Earthbound Immortal Cusillu,Effect Monster,DARK,Beast,2800
5267507,Earthbound Immortal Red Nova,Effect Monster,DARK,Fiend,3500
15187079,Earthbound Immortal Uru,Effect Monster,DARK,Insect,3000
41181774,Earthbound Immortal Wiraqocha Rasca,Effect Monster,DARK,Winged Beast,100
67987302,Earthbound Linewalker,Effect Monster,DARK,Fiend,1200
46939151,Earthbound Prisoner Ground Keeper,Tuner Monster,DARK,Fiend,300
19322865,Earthbound Prisoner Line Walker,Tuner Monster,DARK,Fiend,800
72323266,Earthbound Prisoner Stone Sweeper,Effect Monster,DARK,Fiend,1600
71101678,Earthbound Servant Geo Grasha,Fusion Monster,DARK,Fiend,3000
8690387,Earthbound Servant Geo Gremlin,Synchro Monster,DARK,Fiend,2000
33202303,Earthbound Servant Geo Gremlina,Fusion Monster,DARK,Fiend,2000
44094981,Earthbound Servant Geo Gryphon,Synchro Monster,DARK,Fiend,2500
45716579,Earthbound Servant Geo Kraken,Fusion Monster,DARK,Fiend,2800
67105242,Earthbound Spirit,Normal Monster,EARTH,Fiend,500
61864793,Earthquake Giant,Effect Monster,EARTH,Rock,1600
63845230,Eater of Millions,Effect Monster,DARK,Fiend,-1
85551711,Ebon High Magician,XYZ Monster,DARK,Spellcaster,2300
96471335,Ebon Illusion Magician,XYZ Monster,DARK,Spellcaster,2500
46128076,Ebon Magician Curran,Effect Monster,DARK,Spellcaster,1200
16825874,Eccentric Boy,Tuner Monster,WIND,Spellcaster,800
78397661,Ecclesia and the Dark Dragon,Synchro Monster,LIGHT,Spellcaster,2500
45852939,Eclipse Twins,XYZ Monster,LIGHT,Warrior,2500
51858306,Eclipse Wyvern,Effect Monster,LIGHT,Dragon,1600
30350202,"Eclipse, Dragon Ruler of Catastrophes",XYZ Monster,DARK,Dragon,2700
4192696,"Eco, Mystical Spirit of the Forest",Effect Monster,EARTH,Plant,1700
96352326,Eda the Sun Magician,Effect Monster,EARTH,Spellcaster,1500
95457011,Edea the Heavenly Squire,Effect Monster,LIGHT,Warrior,800
61173621,Edge Imp Chain,Effect Monster,DARK,Fiend,1200
73240432,Edge Imp Cotton Eater,Pendulum Effect Monster,DARK,Fiend,2400
34566435,Edge Imp Frightfuloid,Effect Monster,DARK,Fiend,1300
30068120,Edge Imp Sabres,Effect Monster,DARK,Fiend,1200
34688023,Edge Imp Saw,Effect Monster,DARK,Fiend,500
29280589,Edge Imp Scythe,Effect Monster,DARK,Fiend,1000
97567736,Edge Imp Tomahawk,Effect Monster,DARK,Fiend,1800
97268402,Effect Veiler,Tuner Monster,LIGHT,Spellcaster,0
96914272,Egotistical Ape,Tuner Monster,EARTH,Beast,1200
42166000,Egyptian God Slime,Fusion Monster,WATER,Aqua,3000
44178886,"Ehren, Lightsworn Monk",Effect Monster,LIGHT,Warrior,1600
96570609,Ehther the Heavenly Monarch,Effect Monster,LIGHT,Fairy,2800
31596518,Eidos the Underworld Monarch,Effect Monster,DARK,Spellcaster,2400
59463312,Eidos the Underworld Squire,Effect Monster,DARK,Spellcaster,800
88039509,Einroid,Effect Monster,EARTH,Machine,200
35283277,Eka the Flame Buddy,Effect Monster,FIRE,Warrior,1500
29570824,"Ekto Enneacraft - ""tromarIA""",Pendulum Flip Effect Monster,EARTH,Machine,100
19261966,El Shaddoll Anoyatyllis,Fusion Monster,WATER,Fiend,2700
50907446,El Shaddoll Apkallone,Fusion Monster,DARK,Spellcaster,2500
20366274,El Shaddoll Construct,Fusion Monster,LIGHT,Fairy,2800
48424886,El Shaddoll Grysta,Fusion Monster,FIRE,Rock,2450
74822425,El Shaddoll Shekhinaga,Fusion Monster,EARTH,Machine,2600
74009824,El Shaddoll Wendigo,Fusion Monster,WIND,Psychic,200
94977269,El Shaddoll Winda,Fusion Monster,DARK,Spellcaster,2200
6367785,Eldeen,Normal Monster,LIGHT,Spellcaster,950
80532587,Elder Entity N'tss,Fusion Monster,LIGHT,Fairy,2500
17412721,Elder Entity Norden,Fusion Monster,WATER,Fairy,2000
61737116,Elder of the Six Samurai,Effect Monster,EARTH,Warrior,400
95440946,Eldlich the Golden Lord,Effect Monster,LIGHT,Zombie,2500
74889525,Eldlich the Mad Golden Lord,Fusion Monster,LIGHT,Zombie,3800
95824983,Electric Jellyfish,Effect Monster,WATER,Aqua,1400
55875323,Electric Lizard,Effect Monster,EARTH,Thunder,850
11324436,Electric Snake,Effect Monster,LIGHT,Thunder,800
24725825,Electric Virus,Effect Monster,LIGHT,Thunder,1000
9107531,Electro Blaster,Effect Monster,FIRE,Machine,1800
58680635,Electrode Beast Anion,Effect Monster,LIGHT,Thunder,300
21291696,Electrode Beast Cation,Effect Monster,LIGHT,Thunder,300
7914843,Electromagnetic Bagworm,Flip Effect Monster,LIGHT,Insect,200
34710660,Electromagnetic Turtle,Effect Monster,LIGHT,Machine,0
79514956,Elegy the Melodious Diva,Effect Monster,LIGHT,Fairy,2000
23118924,Element Doom,Effect Monster,DARK,Fiend,1500
30314994,Element Dragon,Effect Monster,LIGHT,Dragon,1500
65260293,Element Magician,Effect Monster,LIGHT,Spellcaster,1500
92755808,Element Saurus,Effect Monster,DARK,Dinosaur,1500
66712593,Element Soldier,Effect Monster,DARK,Fiend,1500
97623219,Element Valkyrie,Effect Monster,LIGHT,Fairy,1500
32965616,Elemental Grace Doriado,Effect Monster,LIGHT,Spellcaster,0
40854197,Elemental HERO Absolute Zero,Fusion Monster,WATER,Warrior,2500
55171412,Elemental HERO Aqua Neos,Fusion Monster,WATER,Warrior,2500
21844576,Elemental HERO Avian,Normal Monster,WIND,Warrior,1000
59793705,Elemental HERO Bladedge,Effect Monster,EARTH,Warrior,2600
63060238,Elemental HERO Blazeman,Effect Monster,FIRE,Warrior,1200
64655485,Elemental HERO Brave Neos,Fusion Monster,LIGHT,Warrior,2500
79979666,Elemental HERO Bubbleman,Effect Monster,WATER,Warrior,800
58932615,Elemental HERO Burstinatrix,Normal Monster,FIRE,Warrior,1200
80908502,Elemental HERO Captain Gold,Effect Monster,LIGHT,Warrior,2100
17032740,Elemental HERO Chaos Neos,Fusion Monster,DARK,Warrior,3000
84327329,Elemental HERO Clayman,Normal Monster,EARTH,Warrior,800
95486586,Elemental HERO Core,Fusion Monster,EARTH,Warrior,2700
90050480,Elemental HERO Cosmo Neos,Fusion Monster,LIGHT,Warrior,3500
28677304,Elemental HERO Dark Neos,Fusion Monster,DARK,Warrior,2500
41517968,Elemental HERO Darkbright,Fusion Monster,DARK,Warrior,2000
31111109,Elemental HERO Divine Neos,Fusion Monster,LIGHT,Warrior,2500
29343734,Elemental HERO Electrum,Fusion Monster,LIGHT,Warrior,2900
33574806,Elemental HERO Escuridao,Fusion Monster,DARK,Warrior,2500
35809262,Elemental HERO Flame Wingman,Fusion Monster,WIND,Warrior,2100
93347961,Elemental HERO Flame Wingman - Infernal Rage,Fusion Monster,WIND,Warrior,2100
81566151,Elemental HERO Flare Neos,Fusion Monster,FIRE,Warrior,2500
69572169,Elemental HERO Flash,Effect Monster,LIGHT,Warrior,1100
16304628,Elemental HERO Gaia,Fusion Monster,EARTH,Warrior,2200
85507811,Elemental HERO Glow Neos,Fusion Monster,LIGHT,Warrior,2500
48996569,Elemental HERO Grand Neos,Fusion Monster,EARTH,Warrior,2500
36841733,Elemental HERO Grandmerge,Fusion Monster,LIGHT,Warrior,0
3642509,Elemental HERO Great Tornado,Fusion Monster,WIND,Warrior,2800
98266377,Elemental HERO Heat,Effect Monster,FIRE,Pyro,1600
14124483,Elemental HERO Honest Neos,Effect Monster,LIGHT,Warrior,2500
41077745,Elemental HERO Ice Edge,Effect Monster,WATER,Warrior,800
68745629,Elemental HERO Inferno,Fusion Monster,FIRE,Pyro,2300
62107981,Elemental HERO Knospe,Effect Monster,EARTH,Plant,600
95362816,Elemental HERO Lady Heat,Effect Monster,FIRE,Pyro,1300
59392529,Elemental HERO Liquid Soldier,Effect Monster,WATER,Warrior,1400
78512663,Elemental HERO Magma Neos,Fusion Monster,FIRE,Warrior,3000
5128859,Elemental HERO Marine Neos,Fusion Monster,WATER,Warrior,2800
14225239,Elemental HERO Mariner,Fusion Monster,WATER,Warrior,1400
52031567,Elemental HERO Mudballman,Fusion Monster,EARTH,Warrior,1900
40080312,Elemental HERO Nebula Neos,Fusion Monster,EARTH,Warrior,3000
81003500,Elemental HERO Necroid Shaman,Fusion Monster,DARK,Warrior,1900
89252153,Elemental HERO Necroshade,Effect Monster,DARK,Warrior,1600
5285665,Elemental HERO Neo Bubbleman,Effect Monster,WATER,Warrior,800
89943723,Elemental HERO Neos,Normal Monster,LIGHT,Warrior,2500
69884162,Elemental HERO Neos Alius,Gemini Monster,LIGHT,Warrior,1900
90307498,Elemental HERO Neos Kluger,Fusion Monster,LIGHT,Spellcaster,3000
72926163,Elemental HERO Neos Knight,Fusion Monster,LIGHT,Warrior,2500
1945387,Elemental HERO Nova Master,Fusion Monster,FIRE,Warrior,2600
37195861,Elemental HERO Ocean,Effect Monster,WATER,Warrior,1500
41436536,Elemental HERO Phoenix Enforcer,Fusion Monster,FIRE,Warrior,2100
60493189,Elemental HERO Plasma Vice,Fusion Monster,EARTH,Warrior,2600
51085303,Elemental HERO Poison Rose,Effect Monster,EARTH,Plant,1900
89312388,Elemental HERO Prisma,Effect Monster,LIGHT,Warrior,1700
47737087,Elemental HERO Rampart Blaster,Fusion Monster,EARTH,Warrior,2000
50720316,Elemental HERO Shadow Mist,Effect Monster,DARK,Warrior,1000
25366484,Elemental HERO Shining Flare Wingman,Fusion Monster,LIGHT,Warrior,2500
56733747,Elemental HERO Shining Neos Wingman,Fusion Monster,LIGHT,Warrior,3100
88820235,Elemental HERO Shining Phoenix Enforcer,Fusion Monster,FIRE,Warrior,2500
45195443,Elemental HERO Solid Soldier,Effect Monster,EARTH,Warrior,1300
20721928,Elemental HERO Sparkman,Normal Monster,LIGHT,Warrior,1600
13256226,Elemental HERO Spirit of Neos,Effect Monster,LIGHT,Warrior,2500
81197327,Elemental HERO Steam Healer,Fusion Monster,WATER,Warrior,1800
49352945,Elemental HERO Storm Neos,Fusion Monster,WIND,Warrior,3000
40044918,Elemental HERO Stratos,Effect Monster,WIND,Warrior,1800
22908820,Elemental HERO Sunrise,Fusion Monster,LIGHT,Warrior,2500
83121692,Elemental HERO Tempest,Fusion Monster,WIND,Warrior,2800
74711057,Elemental HERO Terra Firma,Fusion Monster,EARTH,Warrior,2500
22061412,Elemental HERO The Shining,Fusion Monster,LIGHT,Warrior,2600
61204971,Elemental HERO Thunder Giant,Fusion Monster,LIGHT,Warrior,2400
19222426,Elemental HERO Thunder Giant - Voltic Thunder,Fusion Monster,LIGHT,Warrior,2400
9327502,Elemental HERO Voltic,Effect Monster,LIGHT,Thunder,1000
55615891,Elemental HERO Wild Wingman,Fusion Monster,EARTH,Warrior,1900
10526791,Elemental HERO Wildedge,Fusion Monster,EARTH,Warrior,2600
86188410,Elemental HERO Wildheart,Effect Monster,EARTH,Warrior,1500
75434695,Elemental HERO Woodsman,Effect Monster,EARTH,Warrior,1000
99414168,Elemental Mistress Doriado,Ritual Effect Monster,LIGHT,Spellcaster,1200
83032858,Elementsaber Aina,Effect Monster,EARTH,Warrior,900
18214905,Elementsaber Lapauila,Effect Monster,LIGHT,Warrior,400
71797713,Elementsaber Lapauila Mana,Effect Monster,LIGHT,Warrior,2400
19036557,Elementsaber Makani,Effect Monster,WIND,Warrior,1300
72819261,Elementsaber Malo,Effect Monster,FIRE,Warrior,1700
45702014,Elementsaber Molehu,Effect Monster,DARK,Warrior,1900
46425662,Elementsaber Nalu,Effect Monster,WATER,Warrior,1500
85166216,Elephant Statue of Blessing,Effect Monster,EARTH,Rock,1500
12160911,Elephant Statue of Disaster,Effect Monster,EARTH,Rock,1500
88845345,Elephun,Tuner Monster,EARTH,Beast,500
85976588,Elfnote Fortuna,Effect Monster,LIGHT,Spellcaster,2200
13597785,Elfnote Lucina,Effect Monster,FIRE,Spellcaster,2500
12375297,Elfnote Power Patron,Tuner Monster,FIRE,Fiend,300
56651978,Elfnote Regina,Effect Monster,WIND,Spellcaster,2000
42302563,Elfnote Seraphim Strelitzia,Synchro Monster,FIRE,Plant,-1
59581480,Elfnote Tinia,Effect Monster,WATER,Spellcaster,2400
60292055,Elphase,Link Monster,WIND,Cyberse,2000
61980241,Elzette of the White Forest,Effect Monster,LIGHT,Spellcaster,0
38648860,"Elzette, Azamina of the White Forest",Effect Monster,LIGHT,Illusion,0
48017189,EM:P Meowmine,Effect Monster,DARK,Cyberse,800
35035985,Embers of the Ashened,Fusion Monster,DARK,Pyro,2900
64154377,Embryonic Beast,Normal Monster,DARK,Fiend,500
43580269,Emes the Infinity,Effect Monster,LIGHT,Machine,2500
87003671,"Emilia, Dance Priestess of the Nekroz",Effect Monster,WATER,Spellcaster,1600
42685062,Emissary from Pandemonium,Tuner Monster,EARTH,Fiend,2600
87462901,Emissary from the House of Wax,Effect Monster,FIRE,Illusion,800
75043725,Emissary of the Afterlife,Effect Monster,DARK,Fiend,1600
6103294,Emissary of the Oasis,Effect Monster,LIGHT,Spellcaster,600
97864322,Emperor Charles the Great,Link Monster,FIRE,Warrior,3000
33022867,Emperor Maju Garzett,Effect Monster,DARK,Fiend,0
53136004,Emperor of Prophecy,Effect Monster,DARK,Spellcaster,2300
11250655,Emperor of the Land and Sea,Normal Monster,WATER,Reptile,1800
21672573,Emperor Sem,Effect Monster,LIGHT,Fiend,1300
20560620,Emperor Tanuki's Critter Count,Effect Monster,DARK,Fiend,0
15237615,Empress Judge,Fusion Monster,EARTH,Warrior,2100
58818411,Empress Mantis,Normal Monster,WIND,Insect,2200
770365,Empress of Prophecy,XYZ Monster,LIGHT,Spellcaster,2000
55965529,"Enato Enneacraft - ""oknirIA""",Pendulum Flip Effect Monster,EARTH,Machine,100
75376965,Enchanting Mermaid,Normal Monster,WATER,Fish,1200
6622715,Encode Talker,Link Monster,LIGHT,Cyberse,2300
7845138,Endless Decay,Effect Monster,DARK,Zombie,-1
20714553,"Endymion, the Crescent Magistus",Link Monster,LIGHT,Spellcaster,1850
9482987,"Endymion, the Magistus of Mastery",Effect Monster,WATER,Spellcaster,1300
40732515,"Endymion, the Master Magician",Effect Monster,DARK,Spellcaster,2700
3611830,"Endymion, the Mighty Master of Magic",Pendulum Effect Monster,DARK,Spellcaster,2800
72631243,Energy Bravery,Effect Monster,LIGHT,Warrior,1700
50078320,Engraver of the Mark,Effect Monster,DARK,Spellcaster,1800
72444406,Enigmaster Packbit,Synchro Monster,WATER,Cyberse,2900
38280762,"Enishi, Shien's Chancellor",Effect Monster,LIGHT,Warrior,2200
46186135,Enlightenment Dragon,Fusion Monster,LIGHT,Dragon,3000
59123194,Enlightenment Paladin,Synchro Monster,DARK,Spellcaster,2500
74820316,"Enlilgirsu, the Orcust Mekk-Knight",Link Monster,DARK,Machine,2600
82359538,Enneacraft - Aiza.LEON,Pendulum Flip Effect Monster,LIGHT,Machine,3000
81237046,Enneacraft - Archa.TAIL,Pendulum Flip Effect Monster,LIGHT,Machine,3000
28454232,Enneacraft - Asta.PIXEA,Pendulum Flip Effect Monster,LIGHT,Machine,3000
71801447,Enneacraft - Atil.SPIA,Pendulum Flip Effect Monster,LIGHT,Machine,3000
54842941,Enneacraft - Atori.MAR,Pendulum Flip Effect Monster,LIGHT,Machine,3000
76909279,Enraged Battle Ox,Effect Monster,EARTH,Beast-Warrior,1700
91862578,Enraged Muka Muka,Effect Monster,EARTH,Rock,1200
38695361,Envoy of Chaos,Effect Monster,DARK,Warrior,1500
51611041,"Epigonen, the Impersonation Invader",Effect Monster,LIGHT,Rock,2000
52566270,Epsilon The Magnet Warrior,Effect Monster,EARTH,Rock,1300
98049934,Epurrely Beauty,XYZ Monster,WATER,Fairy,1600
52645235,Epurrely Happiness,XYZ Monster,LIGHT,Fairy,2000
62592805,Epurrely Noir,XYZ Monster,DARK,Fairy,1000
24434049,Epurrely Plump,XYZ Monster,EARTH,Fairy,200
23064604,Erebus the Underworld Monarch,Effect Monster,DARK,Zombie,2800
15746348,Eria the Water Channeler,Effect Monster,WATER,Spellcaster,1850
74364659,Eria the Water Charmer,Flip Effect Monster,WATER,Spellcaster,500
73309655,"Eria the Water Charmer, Gentle",Link Monster,WATER,Spellcaster,1850
7407724,Erica the Rikka Fairy,Effect Monster,WATER,Plant,2400
24326617,Escher the Frost Vassal,Effect Monster,WATER,Aqua,800
99070951,Esper Girl,Tuner Monster,EARTH,Psychic,500
11460577,Etoile Cyber,Effect Monster,EARTH,Warrior,1200
71228611,Eucalyptus Mole,Effect Monster,EARTH,Plant,300
40177746,Eva,Effect Monster,LIGHT,Fairy,500
32013448,Evening Twilight Knight,Effect Monster,DARK,Warrior,500
45222299,Evigishki Gustkraken,Ritual Effect Monster,WATER,Aqua,2400
71203602,Evigishki Levianima,Ritual Effect Monster,WATER,Aqua,2700
76372778,Evigishki Merrowgeist,XYZ Monster,WATER,Aqua,2100
11877465,Evigishki Mind Augus,Ritual Effect Monster,WATER,Aqua,2500
88926295,Evigishki Neremanas,Ritual Effect Monster,WATER,Spellcaster,3000
57272170,Evigishki Soul Ogre,Ritual Effect Monster,WATER,Aqua,2800
21496848,Evigishki Tetrogre,Ritual Effect Monster,WATER,Aqua,2600
8400623,Evil Dragon Ananta,Effect Monster,DARK,Reptile,-1
13650422,Evil HERO Adusted Gold,Effect Monster,LIGHT,Fiend,2100
58332301,Evil HERO Dark Gaia,Fusion Monster,EARTH,Fiend,-1
86282581,Evil HERO Darkest Knight,Fusion Monster,EARTH,Fiend,1600
30583090,Evil HERO Dead-End Prison,Effect Monster,LIGHT,Rock,1700
95943058,Evil HERO Infernal Gainer,Effect Monster,EARTH,Fiend,1600
50304345,Evil HERO Infernal Prodigy,Effect Monster,DARK,Fiend,300
76978105,Evil HERO Infernal Rider,Effect Monster,WIND,Fiend,2100
50282757,Evil HERO Infernal Sniper,Fusion Monster,FIRE,Fiend,2000
22160245,Evil HERO Inferno Wing,Fusion Monster,FIRE,Fiend,2100
59893882,Evil HERO Inferno Wing - Backfire,Fusion Monster,FIRE,Fiend,2100
21947653,Evil HERO Lightning Golem,Fusion Monster,LIGHT,Fiend,2400
86165817,Evil HERO Malicious Bane,Fusion Monster,DARK,Fiend,3000
58554959,Evil HERO Malicious Edge,Effect Monster,EARTH,Fiend,2600
86676862,Evil HERO Malicious Fiend,Fusion Monster,FIRE,Fiend,3500
13708888,Evil HERO Neos Lord,Fusion Monster,DARK,Fiend,2500
45659520,Evil HERO Sinister Necrom,Effect Monster,DARK,Fiend,1600
3598351,Evil HERO Toxic Bubble,Effect Monster,WATER,Fiend,800
35095329,Evil HERO Vicious Claws,Effect Monster,DARK,Fiend,2500
13293158,Evil HERO Wild Cyclone,Fusion Monster,EARTH,Fiend,1900
85431040,Evil Thorn,Effect Monster,DARK,Plant,100
9205573,Evil★Twin Ki-sikil,Link Monster,LIGHT,Fiend,1100
6636319,Evil★Twin Ki-sikil Deal,Link Monster,LIGHT,Fiend,100
36609518,Evil★Twin Lil-la,Link Monster,DARK,Fiend,1100
93672138,Evil★Twin's Trouble Sunny,Link Monster,LIGHT,Fiend,3300
62098216,Evil★Twins Ki-sikil & Lil-la,Effect Monster,DARK,Fiend,2200
42679662,Evilswarm Azzathoth,Flip Effect Monster,DARK,Reptile,750
36757171,Evilswarm Bahamut,XYZ Monster,DARK,Dragon,2350
79785958,Evilswarm Castor,Effect Monster,DARK,Warrior,1750
77841719,Evilswarm Coppelia,Effect Monster,DARK,Machine,2450
46772449,Evilswarm Exciton Knight,XYZ Monster,LIGHT,Fiend,1900
31456110,Evilswarm Golem,Effect Monster,DARK,Rock,2150
77542832,Evilswarm Heliotrope,Normal Monster,DARK,Rock,1950
35209994,Evilswarm Hraesvelg,Flip Effect Monster,DARK,Winged Beast,1150
4756629,Evilswarm Kerykeion,Effect Monster,DARK,Spellcaster,1600
40921545,Evilswarm Ketos,Effect Monster,DARK,Aqua,1750
8814959,Evilswarm Mandragora,Effect Monster,DARK,Plant,1550
359563,Evilswarm Nightmare,XYZ Monster,DARK,Fiend,950
72429240,Evilswarm O'lantern,Effect Monster,DARK,Pyro,1650
5284653,Evilswarm Obliviwisp,Effect Monster,DARK,Pyro,450
91279700,Evilswarm Ophion,XYZ Monster,DARK,Dragon,2550
38273745,Evilswarm Ouroboros,XYZ Monster,DARK,Dragon,2750
4058065,Evilswarm Salamandra,Effect Monster,DARK,Dinosaur,1850
65884091,Evilswarm Thanatos,XYZ Monster,DARK,Fiend,2350
78663366,Evilswarm Thunderbird,Effect Monster,DARK,Thunder,1650
3536537,Evilswarm Zahak,Effect Monster,DARK,Dragon,1850
96872283,Evocator Chevalier,Gemini Monster,FIRE,Warrior,1900
16146511,Evocator Eveque,Gemini Monster,FIRE,Warrior,1500
80651316,Evolsaur Cerato,Effect Monster,FIRE,Dinosaur,1900
39672388,Evolsaur Darwino,Effect Monster,FIRE,Dinosaur,2200
17045014,Evolsaur Diplo,Effect Monster,FIRE,Dinosaur,1600
23234094,Evolsaur Elias,Effect Monster,FIRE,Dinosaur,100
15171722,Evolsaur Lios,Effect Monster,FIRE,Dinosaur,1600
16480084,Evolsaur Pelta,Effect Monster,FIRE,Dinosaur,1100
69633792,Evolsaur Terias,Effect Monster,FIRE,Dinosaur,2400
54266211,Evolsaur Vulcano,Effect Monster,FIRE,Dinosaur,1200
56240989,Evoltile Casinerio,Effect Monster,FIRE,Reptile,1600
91903221,Evoltile Elginero,Effect Monster,FIRE,Reptile,0
55488859,Evoltile Gephyro,Effect Monster,FIRE,Reptile,200
3283679,Evoltile Lagosucho,Effect Monster,FIRE,Reptile,1200
13046291,Evoltile Megachirella,Effect Monster,FIRE,Reptile,0
88095331,Evoltile Najasho,Effect Monster,FIRE,Reptile,100
28877602,Evoltile Odonto,Effect Monster,FIRE,Reptile,500
89776023,Evoltile Pholis,Effect Monster,FIRE,Reptile,900
20855340,Evoltile Pleuro,Effect Monster,FIRE,Reptile,200
81873903,Evoltile Westlo,Flip Effect Monster,FIRE,Reptile,700
42752141,Evolzar Dolkka,XYZ Monster,FIRE,Dragon,2300
74294676,Evolzar Laggia,XYZ Monster,FIRE,Dragon,2400
35103106,Evolzar Lars,XYZ Monster,FIRE,Dragon,2500
18511599,Evolzar Solda,XYZ Monster,FIRE,Dragon,2600
53180020,"Exa, Enforcer of the Nekroz",Effect Monster,WATER,Dragon,2000
63749102,Exarion Universe,Effect Monster,DARK,Beast-Warrior,1800
92812851,Exceed the Pendulum,Link Monster,LIGHT,Spellcaster,2000
40669071,Excode Talker,Link Monster,WIND,Cyberse,2300
74131780,Exiled Force,Effect Monster,EARTH,Warrior,1000
12600382,Exodia Necross,Effect Monster,DARK,Spellcaster,1800
33396948,Exodia the Forbidden One,Effect Monster,DARK,Spellcaster,1000
13893596,Exodius the Ultimate Forbidden Lord,Effect Monster,DARK,Spellcaster,-1
41524885,Exosister Asophiel,XYZ Monster,LIGHT,Warrior,2100
16474916,Exosister Elis,Effect Monster,LIGHT,Spellcaster,500
5530780,Exosister Gibrine,XYZ Monster,LIGHT,Warrior,1400
79858629,Exosister Irene,Effect Monster,LIGHT,Spellcaster,400
77675029,Exosister Karmael,XYZ Monster,DARK,Fairy,2600
78135071,Exosister Kaspitell,XYZ Monster,LIGHT,Warrior,2300
37343995,Exosister Martha,Effect Monster,LIGHT,Spellcaster,1600
42741437,Exosister Mikailis,XYZ Monster,LIGHT,Warrior,2500
5352328,Exosister Sophia,Effect Monster,LIGHT,Spellcaster,100
43863925,Exosister Stella,Effect Monster,LIGHT,Spellcaster,300
59242457,Exosisters Magnifica,XYZ Monster,LIGHT,Warrior,2800
20586572,Exploder Dragon,Effect Monster,EARTH,Dragon,1000
40529384,Exploder Dragonwing,Synchro Monster,DARK,Dragon,2400
31353051,Exploderokket Dragon,Effect Monster,DARK,Dragon,2000
33413279,Explosive Magician,Synchro Monster,LIGHT,Spellcaster,2500
38210374,Explossum,Effect Monster,EARTH,Beast,100
7080743,Express Train Trolley Olley,Effect Monster,EARTH,Machine,1800
984114,Expressroid,Effect Monster,EARTH,Machine,400
51822687,Expurrely Happiness,XYZ Monster,LIGHT,Fairy,2500
83827392,Expurrely Noir,XYZ Monster,DARK,Fairy,1100
34022970,Ext Ryzeal,Effect Monster,LIGHT,Pyro,500
26050548,Extox Hydra,Fusion Monster,WATER,Reptile,2000
32391566,Extra Veiler,Effect Monster,LIGHT,Spellcaster,600
38383368,Extraceratops,Effect Monster,EARTH,Warrior,100
55737443,"Exxod, Master of The Guard",Effect Monster,EARTH,Rock,0
64511793,Eyearmor,Normal Monster,EARTH,Warrior,600
39271553,F.A. Auto Navigator,Tuner Monster,WIND,Machine,0
6764709,F.A. Dark Dragster,Effect Monster,DARK,Machine,0
33158448,F.A. Dawn Dragster,Synchro Monster,LIGHT,Machine,0
93449450,F.A. Hang On Mach,Effect Monster,WIND,Machine,0
75676192,F.A. Motorhome Transport,Synchro Monster,LIGHT,Machine,0
37414347,F.A. Shining Star GT,Link Monster,LIGHT,Machine,0
67045745,F.A. Sonic Meister,Effect Monster,WIND,Machine,0
75059201,F.A. Turbo Charger,Effect Monster,WIND,Machine,0
49655592,F.A. Whip Crosser,Effect Monster,WIND,Machine,0
9061682,Fabled Andwraith,Synchro Monster,LIGHT,Fiend,2400
12235475,Fabled Ashenveil,Effect Monster,LIGHT,Fiend,1600
53199020,Fabled Dianaira,Effect Monster,LIGHT,Fiend,2800
86840720,Fabled Dyf,Effect Monster,LIGHT,Fiend,1400
60434101,Fabled Gallabas,Effect Monster,LIGHT,Fiend,1500
94292987,Fabled Gammajin,Synchro Tuner Monster,LIGHT,Fiend,2000
24040093,Fabled Grimro,Effect Monster,LIGHT,Fiend,1700
19439119,Fabled Krus,Effect Monster,LIGHT,Fiend,1000
97439806,Fabled Kushano,Tuner Monster,LIGHT,Fiend,1100
39477584,Fabled Leviathan,Synchro Monster,LIGHT,Fiend,3000
21281085,Fabled Levilazebul,Synchro Monster,LIGHT,Fiend,3050
97651498,Fabled Lurrie,Effect Monster,LIGHT,Fiend,200
57630503,Fabled Marcosia,Effect Monster,LIGHT,Fiend,1700
8316661,Fabled Miztoji,Tuner Monster,LIGHT,Fiend,400
49633574,Fabled Oltro,Tuner Monster,LIGHT,Fiend,800
47395382,Fabled Ragin,Synchro Monster,LIGHT,Fiend,2300
47217354,Fabled Raven,Tuner Monster,LIGHT,Fiend,1300
72328962,Fabled Soulkius,Effect Monster,LIGHT,Fiend,2200
46833854,Fabled Topi,Effect Monster,LIGHT,Fiend,500
73040500,Fabled Urustos,Effect Monster,LIGHT,Fiend,1500
54048462,Fabled Valkyrus,Synchro Monster,LIGHT,Fiend,2900
48742406,Fairy Archer,Effect Monster,LIGHT,Fairy,1400
44451698,Fairy Archer Ingunar,Effect Monster,EARTH,Plant,2400
51960178,Fairy Cheer Girl,XYZ Monster,LIGHT,Fairy,1900
20315854,Fairy Dragon,Normal Monster,WIND,Dragon,1100
22419772,Fairy Guardian,Effect Monster,WIND,Fairy,1000
28290705,Fairy King Albverdich,XYZ Monster,EARTH,Plant,2300
45425051,Fairy King Truesdale,Effect Monster,WATER,Plant,2200
19684740,Fairy Knight Ingunar,XYZ Monster,EARTH,Plant,2200
81563416,Fairy of the Fountain,Normal Monster,WATER,Aqua,1600
86937530,Fairy Tail - Luna,Effect Monster,LIGHT,Spellcaster,1850
52022648,Fairy Tail - Rella,Effect Monster,LIGHT,Spellcaster,1850
65953423,Fairy Tail - Rochka,Effect Monster,LIGHT,Spellcaster,1850
42921475,Fairy Tail - Sleeper,Flip Effect Monster,LIGHT,Spellcaster,1850
55623480,Fairy Tail - Snow,Effect Monster,LIGHT,Spellcaster,1850
68401546,Fairy's Gift,Normal Monster,LIGHT,Spellcaster,1400
53416326,Fairyant the Circular Sorcerer,Tuner Monster,WIND,Insect,800
37160778,Fairywitch,Normal Monster,DARK,Spellcaster,800
75582395,Faith Bird,Normal Monster,WIND,Winged Beast,1500
86170989,Falchion Beta,Effect Monster,LIGHT,Machine,1200
49674183,Fallen Angel of Roses,Effect Monster,EARTH,Plant,2400
43143567,Fallen Angel of the Golden Land,Fusion Monster,DARK,Zombie,1800
68468459,Fallen of Albaz,Effect Monster,DARK,Dragon,1800
82090807,Fallen of Argyros,Effect Monster,DARK,Thunder,700
87498729,Fallen of the Tistina,Effect Monster,WATER,Aqua,200
73819701,Fallen of the White Dragon,Effect Monster,DARK,Dragon,1800
89731911,Familiar Knight,Effect Monster,DARK,Warrior,1200
31887905,Familiar-Possessed - Aussa,Effect Monster,EARTH,Spellcaster,1850
21390858,Familiar-Possessed - Dharc,Effect Monster,DARK,Spellcaster,1850
68881649,Familiar-Possessed - Eria,Effect Monster,WATER,Spellcaster,1850
4376658,Familiar-Possessed - Hiita,Effect Monster,FIRE,Spellcaster,1850
40542825,Familiar-Possessed - Lyna,Effect Monster,LIGHT,Spellcaster,1850
31764353,Familiar-Possessed - Wynn,Effect Monster,WIND,Spellcaster,1850
79176962,Fantastic Striborg,Effect Monster,WIND,Machine,2200
78661338,Fantastical Dragon Phantazmay,Effect Monster,DARK,Dragon,2400
36553319,"Farfa, Malebranche of the Burning Abyss",Effect Monster,DARK,Fiend,1000
54100561,FaSolfachord Fancia,Pendulum Effect Monster,FIRE,Fairy,1600
34193084,Fear from the Dark,Effect Monster,DARK,Zombie,1700
32271987,Featherizer,Effect Monster,WIND,Spellcaster,700
50785356,Feedback Warrior,Effect Monster,EARTH,Warrior,800
92597893,"Feedran, the Winds of Mischief",Effect Monster,WIND,Dragon,1700
3954901,Felgrand Dragon,Effect Monster,LIGHT,Dragon,2800
73176465,"Felis, Lightsworn Archer",Tuner Monster,LIGHT,Beast-Warrior,1100
97396380,Fencing Fire Ferret,Effect Monster,FIRE,Beast,1700
50866755,Fenghuang,Spirit Monster,FIRE,Winged Beast,2100
35311929,Fengli the Soldrapom,Tuner Monster,FIRE,Plant,800
218704,Fenrir,Effect Monster,WATER,Beast,1400
91697229,Fenrir the Nordic Wolf,Effect Monster,DARK,Beast,4000
41392891,Feral Imp,Normal Monster,DARK,Fiend,1300
98642179,Ferocious Flame Swordsman,Link Monster,FIRE,Warrior,1300
78706415,Fiber Jar,Flip Effect Monster,EARTH,Plant,500
89529919,Field-Commander Rahz,Effect Monster,EARTH,Warrior,1600
77456781,Fiend Kraken,Normal Monster,WATER,Aqua,1200
68870276,Fiend Reflection #1,Normal Monster,WIND,Winged Beast,1300
2863439,Fiend Reflection #2,Normal Monster,LIGHT,Winged Beast,1100
63947968,Fiend Reflection of the Millennium,Effect Monster,WIND,Illusion,1300
26566878,Fiend Scorpion,Normal Monster,EARTH,Insect,900
66235877,Fiend Skull Dragon,Fusion Monster,WIND,Dragon,2000
22855882,Fiend Sword,Normal Monster,DARK,Warrior,1400
52800428,Fiend's Hand,Normal Monster,DARK,Zombie,600
31890399,Fiend's Mirror,Ritual Monster,DARK,Fiend,2100
82556058,Fiendish Engine Omega,Effect Monster,DARK,Machine,2800
81035362,Fiendish Rhino Warrior,Effect Monster,EARTH,Fiend,1400
60764609,Fiendsmith Engraver,Effect Monster,LIGHT,Fiend,1800
32991300,Fiendsmith's Agnumday,Link Monster,LIGHT,Fiend,1800
82135803,Fiendsmith's Desirae,Fusion Monster,LIGHT,Fiend,2800
46640168,Fiendsmith's Lacrima,Fusion Monster,LIGHT,Fiend,2400
2463794,Fiendsmith's Requiem,Link Monster,LIGHT,Fiend,600
11464648,Fiendsmith's Rextremende,Fusion Monster,LIGHT,Fiend,3000
49867899,Fiendsmith's Sequence,Link Monster,LIGHT,Fiend,1200
27012717,Fierce Tiger Monghu,Effect Monster,EARTH,Beast,1700
36319131,Fighting Flame Dragon,Fusion Monster,FIRE,Dragon,1700
1047075,Fighting Flame Swordsman,Effect Monster,FIRE,Warrior,1800
70538272,Filia Regis,Fusion Monster,DARK,Dragon,3000
36205132,"Filo, Messenger Fur Hire",Effect Monster,WIND,Winged Beast,0
87622767,Final Psychic Ogre,Effect Monster,EARTH,Psychic,2200
51849482,"Finis Terrae, Tower of the Necroworld",Effect Monster,WATER,Zombie,1000
78275321,Fire Ant Ascator,Tuner Monster,EARTH,Insect,700
81109178,Fire Cracker,Effect Monster,FIRE,Fiend,1700
88435542,Fire Eye,Normal Monster,FIRE,Pyro,800
64514892,Fire Fighting Daruma Doll,Link Monster,FIRE,Beast-Warrior,1500
42052439,Fire Flint Lady,Effect Monster,FIRE,Warrior,100
68535320,Fire Hand,Effect Monster,FIRE,Pyro,1600
18621798,Fire King Avatar Arvata,Effect Monster,FIRE,Beast-Warrior,1800
69000994,Fire King Avatar Barong,Effect Monster,FIRE,Beast-Warrior,1800
54149433,Fire King Avatar Garunix,Effect Monster,FIRE,Winged Beast,700
96594609,Fire King Avatar Kirin,Effect Monster,FIRE,Beast,1000
38910263,Fire King Avatar Rangbali,Effect Monster,FIRE,Beast-Warrior,1600
66413481,Fire King Avatar Yaksha,Effect Monster,FIRE,Beast-Warrior,1800
44455560,Fire King Courtier Ulcanix,Effect Monster,FIRE,Winged Beast,800
23015896,Fire King High Avatar Garunix,Effect Monster,FIRE,Winged Beast,2700
2526224,Fire King High Avatar Kirin,Effect Monster,FIRE,Beast,2400
46534755,Fire Kraken,Normal Monster,FIRE,Aqua,1600
28363749,Fire Opal Head,Pendulum Normal Monster,FIRE,Dinosaur,2500
24882256,Fire Phoenix @Ignister,Link Monster,FIRE,Cyberse,2300
64752646,Fire Princess,Effect Monster,FIRE,Pyro,1300
53581214,Fire Reaper,Normal Monster,DARK,Zombie,700
27132350,Fire Sorcerer,Flip Effect Monster,FIRE,Spellcaster,1000
53927679,Fire Trooper,Effect Monster,FIRE,Warrior,1000
87473172,Firebird,Effect Monster,FIRE,Winged Beast,1000
373085,Firebrand Hymnist,Effect Monster,FIRE,Pyro,800
53293545,Firegrass,Normal Monster,EARTH,Plant,700
13846680,Firestorm Prominence,Effect Monster,FIRE,Reptile,2000
20455229,Firewall Defenser,Effect Monster,DARK,Cyberse,1200
5043010,Firewall Dragon,Link Monster,LIGHT,Cyberse,2500
68934651,Firewall Dragon Darkfluid,Link Monster,DARK,Cyberse,3000
64211118,Firewall Dragon Darkfluid - Neo Tempest Terahertz,Link Monster,DARK,Cyberse,3000
21637210,Firewall Dragon Singularity,Link Monster,DARK,Cyberse,3500
21065189,Firewall eXceed Dragon,XYZ Monster,DARK,Cyberse,2500
86605184,Firewall Guardian,Effect Monster,DARK,Cyberse,100
57940938,Firewall Phantom,Effect Monster,DARK,Cyberse,2000
16926971,Firewall Saber Dragon,Synchro Monster,DARK,Cyberse,2300
27054370,Firewing Pegasus,Normal Monster,FIRE,Beast,2250
71407486,Fireyarou,Normal Monster,FIRE,Pyro,1300
53466722,First of the Dragonlords,Fusion Monster,DARK,Dragon,3700
10817524,First of the Dragons,Fusion Monster,DARK,Dragon,2700
35834119,Fish Lamp,Synchro Tuner Monster,FIRE,Fish,1200
62023839,Fishborg Archer,Tuner Monster,WATER,Fish,300
93369354,Fishborg Blaster,Tuner Monster,WATER,Fish,100
10560119,Fishborg Doctor,Effect Monster,WATER,Fish,400
57420265,Fishborg Harpooner,Tuner Monster,WATER,Fish,400
66853752,Fishborg Launcher,Tuner Monster,WATER,Fish,200
51282878,Fishborg Planter,Effect Monster,WATER,Fish,200
49181828,Fist Armed Dragon,Effect Monster,WIND,Dragon,2400
99267150,Five-Headed Dragon,Fusion Monster,DARK,Dragon,5000
10669138,Five-Headed Link Dragon,Link Monster,DARK,Dragon,5000
49847524,Flame Administrator,Link Monster,FIRE,Cyberse,1200
33034646,Flame Armor Ninja,Effect Monster,FIRE,Warrior,1700
80794697,Flame Bufferlo,Effect Monster,FIRE,Cyberse,1400
60862676,Flame Cerebrus,Normal Monster,FIRE,Pyro,2100
42599677,Flame Champion,Normal Monster,FIRE,Pyro,1900
12883044,Flame Dancer,Normal Monster,FIRE,Pyro,550
58528964,Flame Ghost,Fusion Monster,DARK,Zombie,1000
34460851,Flame Manipulator,Normal Monster,FIRE,Spellcaster,900
58098303,Flame Ogre,Effect Monster,FIRE,Fiend,2400
41089128,Flame Ruler,Effect Monster,FIRE,Pyro,1500
79444933,Flame Spirit Ignis,Effect Monster,FIRE,Pyro,1500
45231177,Flame Swordsman,Fusion Monster,FIRE,Warrior,1800
66499018,Flame Tiger,Effect Monster,FIRE,Beast,1800
2830619,Flame Viper,Normal Monster,EARTH,Pyro,400
25577965,Flametongue the Burning Blade,Link Monster,FIRE,Warrior,1400
54326448,Flamvell Archer,Tuner Monster,FIRE,Pyro,1000
13761956,Flamvell Baby,Tuner Monster,FIRE,Pyro,800
40189917,Flamvell Commando,Effect Monster,FIRE,Pyro,2200
68226653,Flamvell Dragnov,Effect Monster,FIRE,Dragon,1100
91711547,Flamvell Fiend,Effect Monster,FIRE,Fiend,2100
23297235,Flamvell Firedog,Effect Monster,FIRE,Beast,1900
77372241,Flamvell Grunika,Effect Monster,FIRE,Dragon,1700
21615956,Flamvell Guard,Normal Tuner Monster,FIRE,Dragon,100
95621257,Flamvell Magician,Tuner Monster,FIRE,Spellcaster,1400
28332833,Flamvell Poun,Effect Monster,FIRE,Pyro,200
53714009,Flamvell Uruquizas,Synchro Monster,FIRE,Pyro,2100
13708425,Flare Resonator,Tuner Monster,FIRE,Fiend,300
96890582,Flash Assailant,Effect Monster,DARK,Fiend,2000
95372220,Flash Charge Dragon,Link Monster,DARK,Dragon,2300
17390179,Flash Knight,Pendulum Normal Monster,LIGHT,Warrior,1800
61807040,Flelf,Effect Monster,WIND,Spellcaster,800
19642774,Fleur Synchron,Tuner Monster,LIGHT,Machine,400
209710,Flick Clown,Effect Monster,DARK,Cyberse,1000
84778110,Flint Cragger,Effect Monster,EARTH,Rock,800
83812099,Flint Lock,Effect Monster,LIGHT,Machine,1500
81278754,Flip Flop Frog,Effect Monster,WATER,Aqua,500
32176662,Flip Frozen,Effect Monster,WATER,Cyberse,500
11024707,Flipping Feline,Flip Effect Monster,EARTH,Beast,200
9400127,"Flogos, the Ogdoadic Boundless",Effect Monster,LIGHT,Reptile,1800
54334420,Floowandereeze & Eglen,Effect Monster,WIND,Winged Beast,800
80611581,Floowandereeze & Empen,Effect Monster,WIND,Winged Beast,2700
18940725,Floowandereeze & Robina,Effect Monster,WATER,Winged Beast,600
53212882,Floowandereeze & Snowl,Effect Monster,WATER,Winged Beast,2900
80433039,Floowandereeze & Stri,Effect Monster,WATER,Winged Beast,700
17827173,Floowandereeze & Toccan,Effect Monster,WIND,Winged Beast,500
3966653,Flower Cardian Boardefly,Synchro Monster,DARK,Warrior,2000
30382214,Flower Cardian Cherry Blossom,Effect Monster,DARK,Warrior,100
5489987,Flower Cardian Cherry Blossom with Curtain,Effect Monster,DARK,Warrior,2000
94388754,Flower Cardian Clover with Boar,Effect Monster,DARK,Warrior,1000
87460579,Flower Cardian Lightflare,Synchro Monster,DARK,Warrior,5000
42291297,Flower Cardian Lightshower,Synchro Monster,DARK,Warrior,3000
21772453,Flower Cardian Maple with Deer,Effect Monster,DARK,Warrior,1000
33541430,Flower Cardian Moonflowerviewing,Synchro Tuner Monster,DARK,Warrior,2000
80630522,Flower Cardian Paulownia,Effect Monster,DARK,Warrior,100
16802689,Flower Cardian Paulownia with Phoenix,Effect Monster,DARK,Warrior,2000
57261568,Flower Cardian Peony with Butterfly,Tuner Monster,DARK,Warrior,1000
81752019,Flower Cardian Pine,Effect Monster,DARK,Warrior,100
16024176,Flower Cardian Pine with Crane,Effect Monster,DARK,Warrior,2000
54135423,Flower Cardian Willow,Effect Monster,DARK,Warrior,100
89818984,Flower Cardian Willow with Calligrapher,Tuner Monster,DARK,Warrior,2000
17141718,Flower Cardian Zebra Grass,Effect Monster,DARK,Warrior,100
43413875,Flower Cardian Zebra Grass with Moon,Effect Monster,DARK,Warrior,2000
95952802,Flower Wolf,Fusion Monster,EARTH,Beast,1800
45010690,Flowerbot,Effect Monster,EARTH,Plant,1500
10851853,Flowerdino,Effect Monster,EARTH,Dinosaur,2000
83793721,Flowering Etoile the Melodious Magnificat,Fusion Monster,LIGHT,Fairy,2800
45215225,Fluffal Angel,Pendulum Effect Monster,LIGHT,Fairy,600
3841833,Fluffal Bear,Effect Monster,EARTH,Fairy,1200
2729285,Fluffal Cat,Effect Monster,EARTH,Fairy,700
39246582,Fluffal Dog,Effect Monster,EARTH,Fairy,1700
82896870,Fluffal Dolphin,Effect Monster,WATER,Fairy,1600
66457138,Fluffal Leo,Effect Monster,EARTH,Fairy,1600
6142488,Fluffal Mouse,Effect Monster,EARTH,Fairy,100
87246309,Fluffal Octopus,Effect Monster,WATER,Fairy,800
65331686,Fluffal Owl,Effect Monster,EARTH,Fairy,1000
13241004,Fluffal Penguin,Effect Monster,WATER,Fairy,1600
38124994,Fluffal Rabbit,Effect Monster,EARTH,Fairy,300
98280324,Fluffal Sheep,Effect Monster,EARTH,Fairy,400
72413000,Fluffal Wings,Effect Monster,LIGHT,Fairy,100
21861412,Flux Ochsenfeld,Fusion Monster,EARTH,Rock,2600
11954712,Flyfang,Effect Monster,WIND,Fish,1600
80978111,"Flying ""C""",Effect Monster,EARTH,Insect,700
66765023,Flying Elephant,Effect Monster,WIND,Beast,1850
31987274,Flying Fish,Normal Monster,WIND,Fish,800
16898077,Flying Fortress SKY FIRE,Effect Monster,WIND,Machine,3000
84834865,Flying Kamakiri #1,Effect Monster,WIND,Insect,1400
3134241,Flying Kamakiri #2,Normal Monster,WIND,Insect,1500
95784714,"Flying Mary, the Wandering Ghost Ship",Link Monster,WATER,Zombie,0
88875132,Flying Pegasus Railroad Stampede,Effect Monster,EARTH,Machine,1800
5628232,Flying Penguin,Normal Monster,WATER,Aqua,1200
33314479,Flying Red Carp,Effect Monster,WATER,Fish,500
97697678,Flying Saucer Muusik'i,Effect Monster,LIGHT,Machine,1000
6614221,Fog King,Effect Monster,WATER,Spellcaster,0
15001940,Foie Glasya de Nouvelles,Ritual Effect Monster,DARK,Warrior,1600
66023650,"Folgo, Justice Fur Hire",Link Monster,DARK,Beast,2400
63175639,Fool of Prophecy,Effect Monster,EARTH,Spellcaster,1600
40583194,Force Resonator,Tuner Monster,WATER,Fiend,500
50366775,Formud Skipper,Effect Monster,LIGHT,Cyberse,0
50091196,Formula Synchron,Synchro Tuner Monster,LIGHT,Machine,200
66288028,Fortress Warrior,Effect Monster,EARTH,Warrior,600
62337487,Fortress Whale,Ritual Monster,WATER,Fish,2350
39299733,Fortune Chariot,Union Effect Monster,WIND,Fairy,1000
31683874,Fortune Fairy Ann,Effect Monster,DARK,Spellcaster,0
68078978,Fortune Fairy Chee,Effect Monster,EARTH,Spellcaster,0
32305461,Fortune Fairy En,Effect Monster,FIRE,Spellcaster,0
6311717,Fortune Fairy Hikari,Effect Monster,LIGHT,Spellcaster,0
79890560,Fortune Fairy Hu,Effect Monster,WIND,Spellcaster,0
5298175,Fortune Fairy Swee,Effect Monster,WATER,Spellcaster,0
55586621,Fortune Lady Dark,Effect Monster,DARK,Spellcaster,-1
82971335,Fortune Lady Earth,Effect Monster,EARTH,Spellcaster,-1
70252926,Fortune Lady Every,Synchro Monster,LIGHT,Spellcaster,-1
71870152,Fortune Lady Fire,Effect Monster,FIRE,Spellcaster,-1
34471458,Fortune Lady Light,Effect Monster,LIGHT,Spellcaster,-1
57869175,Fortune Lady Past,Tuner Monster,DARK,Spellcaster,-1
29088922,Fortune Lady Water,Effect Monster,WATER,Spellcaster,-1
82693917,Fortune Lady Wind,Effect Monster,WIND,Spellcaster,-1
12015000,Fossil Dragon Skullgar,Fusion Monster,EARTH,Rock,2500
21225115,Fossil Dragon Skullgios,Fusion Monster,EARTH,Rock,3500
42009836,Fossil Dyna Pachycephalo,Effect Monster,EARTH,Rock,1200
10040267,Fossil Machine Skull Buggy,Fusion Monster,EARTH,Rock,1400
57157964,Fossil Machine Skull Convoy,Fusion Monster,EARTH,Rock,2100
83656563,Fossil Machine Skull Wagon,Fusion Monster,EARTH,Rock,1700
17706537,Fossil Tusker,Effect Monster,EARTH,Rock,1800
86520461,Fossil Warrior Skull Bone,Fusion Monster,EARTH,Rock,2000
96897184,Fossil Warrior Skull King,Fusion Monster,EARTH,Rock,2800
59531356,Fossil Warrior Skull Knight,Fusion Monster,EARTH,Rock,2400
43785278,Foucault's Cannon,Pendulum Normal Monster,DARK,Spellcaster,2200
88753985,Fox Fire,Effect Monster,FIRE,Pyro,300
16556849,Freed the Brave Wanderer,Effect Monster,LIGHT,Warrior,1700
49681811,Freed the Matchless General,Effect Monster,EARTH,Warrior,2300
85359414,Freezing Beast,Union Effect Monster,WATER,Aqua,1500
47219274,Freki the Runick Fangs,Fusion Monster,DARK,Beast,2000
98818516,Frenzied Panda,Normal Monster,EARTH,Beast,1200
62154416,Frequency Magician,Tuner Monster,LIGHT,Spellcaster,800
12398280,"Freya, Spirit of Victory",Effect Monster,LIGHT,Fairy,100
85545073,Frightfur Bear,Fusion Monster,DARK,Fiend,2200
83866861,Frightfur Chimera,Fusion Monster,DARK,Fiend,2800
78778375,Frightfur Cruel Whale,Fusion Monster,WATER,Fiend,2600
91034681,Frightfur Daredevil,Fusion Monster,DARK,Fiend,3000
40636712,Frightfur Kraken,Fusion Monster,WATER,Fiend,2200
10383554,Frightfur Leo,Fusion Monster,DARK,Fiend,2400
77522571,Frightfur Meister,Pendulum Effect Monster,DARK,Fiend,0
80889750,Frightfur Sabre-Tooth,Fusion Monster,DARK,Fiend,2400
57477163,Frightfur Sheep,Fusion Monster,DARK,Fiend,2000
464362,Frightfur Tiger,Fusion Monster,DARK,Fiend,1900
11039171,Frightfur Wolf,Fusion Monster,DARK,Fiend,2000
93830681,Friller Rabca,Effect Monster,WATER,Fish,700
40998517,"Frodi, Generaider Boss of Swords",Effect Monster,WIND,Warrior,2500
38742075,Frontier Wiseman,Effect Monster,EARTH,Spellcaster,1600
12451640,Frontline Observer,Effect Monster,EARTH,Machine,1000
55589254,Frost and Flame Dragon,Effect Monster,WATER,Dragon,2300
6631034,Frostosaurus,Normal Monster,WATER,Dinosaur,2600
94515289,Frozen Fitzgerald,Synchro Monster,WATER,Fiend,2500
4483598,Full Active Duplex,Effect Monster,WIND,Cyberse,2800
25853045,Full Armored Black Ray Lancer,XYZ Monster,WATER,Beast-Warrior,2100
99469936,Full Armored Crystalzero Lancer,XYZ Monster,WATER,Warrior,2200
67630394,Full Armored Dark Knight Lancer,XYZ Monster,WATER,Aqua,2800
1269512,Full Armored Utopic Ray Lancer,XYZ Monster,WATER,Beast-Warrior,2500
17201951,Full-Speed Warrior,Effect Monster,WIND,Warrior,900
77693536,Fullmetalfoes Alkahest,Fusion Monster,FIRE,Psychic,0
53830602,Fungi of the Musk,Normal Monster,DARK,Fiend,400
38538445,Fushi No Tori,Spirit Monster,FIRE,Winged Beast,1200
39711336,Fushioh Richie,Effect Monster,DARK,Zombie,2600
51632798,"Fusilier Dragon, the Dual-Mode Beast",Effect Monster,DARK,Machine,2800
98336111,Fusion Devourer,Effect Monster,DARK,Fiend,1400
6205579,Fusion Parasite,Effect Monster,DARK,Insect,0
1641882,Fusionist,Fusion Monster,EARTH,Beast,900
55397172,Futsu no Mitama no Mitsurugi,Ritual Effect Monster,DARK,Reptile,2000
90642597,Future Samurai,Gemini Monster,LIGHT,Warrior,1600
61668670,G Golem Crystal Heart,Link Monster,WATER,Cyberse,0
50546029,G Golem Dignified Trilithon,Link Monster,EARTH,Cyberse,3200
24151924,G Golem Invalid Dolmen,Link Monster,EARTH,Cyberse,2800
25273572,G Golem Pebble Dog,Effect Monster,EARTH,Cyberse,300
98875863,G Golem Rock Hammer,Effect Monster,EARTH,Cyberse,1800
97053215,G Golem Stubborn Menhir,Link Monster,EARTH,Cyberse,1500
4130270,G.B. Hunter,Effect Monster,EARTH,Warrior,1200
37955049,Gaap the Divine Soldier,Effect Monster,DARK,Fiend,2200
6616912,"Gabrion, the Timelord",Effect Monster,WATER,Fairy,0
10002346,Gachi Gachi Gantetsu,XYZ Monster,EARTH,Rock,500
36956512,"Gadarla, the Mystery Dust Kaiju",Effect Monster,WIND,Insect,2700
47985614,Gadget Arms,Flip Effect Monster,WATER,Machine,200
54497620,Gadget Driver,Effect Monster,EARTH,Machine,200
64487132,Gadget Gamer,Effect Monster,EARTH,Machine,300
28002611,Gadget Hauler,Effect Monster,EARTH,Machine,1300
86281779,Gadget Soldier,Normal Monster,FIRE,Machine,1800
92110878,Gadget Trio,Effect Monster,EARTH,Machine,1300
9583383,Gagaga Caesar,Effect Monster,EARTH,Warrior,1800
94203886,Gagaga Child,Effect Monster,DARK,Spellcaster,800
44250812,Gagaga Clerk,Effect Monster,EARTH,Warrior,400
12014404,Gagaga Cowboy,XYZ Monster,EARTH,Warrior,1500
9491461,Gagaga Ganbara Knight,Effect Monster,LIGHT,Warrior,0
12423762,Gagaga Gardna,Effect Monster,EARTH,Warrior,1500
3606728,Gagaga Girl,Effect Monster,DARK,Spellcaster,1000
67120578,Gagaga Head,Effect Monster,DARK,Spellcaster,2100
26082117,Gagaga Magician,Effect Monster,DARK,Spellcaster,1500
28884172,Gagaga Mancer,Effect Monster,DARK,Spellcaster,100
91499077,Gagaga Samurai,XYZ Monster,EARTH,Warrior,1900
387282,Gagaga Sister,Effect Monster,DARK,Spellcaster,200
88917691,Gagagaga Girl,XYZ Monster,DARK,Spellcaster,1500
86331741,Gagagaga Magician,XYZ Monster,DARK,Spellcaster,2000
49003308,Gagagigo,Normal Monster,WATER,Reptile,1850
9053187,Gagagigo the Risen,XYZ Monster,WATER,Reptile,2950
50642380,Gagaku-P.U.N.K. Wa Gon,Tuner Monster,EARTH,Psychic,900
9709452,"Gaia Blaze, the Force of the Sun",Synchro Monster,FIRE,Pyro,2600
91949988,"Gaia Dragon, the Thunder Charger",XYZ Monster,WIND,Dragon,2600
58601383,"Gaia Drake, the Universal Force",Fusion Monster,EARTH,Beast-Warrior,3500
97204936,"Gaia Knight, the Force of Earth",Synchro Monster,EARTH,Warrior,2600
14258627,Gaia Plate the Earth Giant,Effect Monster,EARTH,Rock,2800
95095116,"Gaia Prominence, the Fierce Force",Fusion Monster,FIRE,Pyro,3500
67598234,"Gaia Saber, the Lightning Shadow",Link Monster,EARTH,Machine,2600
51355346,Gaia Soul the Combustible Collective,Effect Monster,FIRE,Pyro,2000
13289758,"Gaia Stream, the Graceful Force",XYZ Monster,WATER,Aqua,0
66889139,Gaia the Dragon Champion,Fusion Monster,WIND,Dragon,2600
6368038,Gaia The Fierce Knight,Normal Monster,EARTH,Warrior,2300
50354944,Gaia the Fierce Knight Origin,Effect Monster,EARTH,Warrior,1600
34130561,Gaia the Magical Knight,Effect Monster,LIGHT,Warrior,2300
15989522,Gaia the Magical Knight of Dragons,Fusion Monster,WIND,Dragon,2600
40371092,"Gaia, the Mid-Knight Sun",Effect Monster,LIGHT,Warrior,1600
14882493,"Gaia, the Polar Knight",Effect Monster,DARK,Warrior,1600
49816630,Gaiarmor Dragonshell,Synchro Monster,EARTH,Dragon,2000
88774734,Galactic Spiral Dragon,Effect Monster,DARK,Dragon,2500
46261704,Galactikuriboh,Effect Monster,LIGHT,Fiend,300
48835607,"Galatea-I, the Orcust Automaton",Link Monster,DARK,Machine,0
30741503,"Galatea, the Orcust Automaton",Link Monster,DARK,Machine,1800
55168550,Galaxy Brave,Effect Monster,LIGHT,Warrior,0
28770951,Galaxy Cleric,Effect Monster,LIGHT,Spellcaster,1500
9024367,Galaxy Dragon,Effect Monster,LIGHT,Dragon,2000
35950025,Galaxy Knight,Effect Monster,LIGHT,Warrior,2800
98263709,Galaxy Mirror Sage,Flip Effect Monster,LIGHT,Spellcaster,0
85747929,Galaxy Photon Dragon,XYZ Monster,LIGHT,Dragon,2000
92362073,Galaxy Satellite Dragon,Link Monster,DARK,Dragon,2000
11066358,Galaxy Serpent,Normal Tuner Monster,LIGHT,Dragon,1000
46659709,Galaxy Soldier,Effect Monster,LIGHT,Machine,2000
54358015,Galaxy Stealth Dragon,XYZ Monster,DARK,Dragon,2000
863795,Galaxy Summoner,Effect Monster,LIGHT,Spellcaster,1600
24658418,Galaxy Tyranno,Effect Monster,LIGHT,Dinosaur,2000
19316241,Galaxy War Drake,Effect Monster,LIGHT,Dragon,1500
98555327,Galaxy Wizard,Effect Monster,LIGHT,Spellcaster,0
54507222,Galaxy Worm,Effect Monster,LIGHT,Insect,1200
62968263,Galaxy-Eyes Afterglow Dragon,Effect Monster,LIGHT,Dragon,3000
2530830,Galaxy-Eyes Cipher Blade Dragon,XYZ Monster,LIGHT,Dragon,3200
18963306,Galaxy-Eyes Cipher Dragon,XYZ Monster,LIGHT,Dragon,3000
28346136,Galaxy-Eyes Cipher X Dragon,XYZ Monster,LIGHT,Dragon,4000
9260791,Galaxy-Eyes Cloudragon,Effect Monster,LIGHT,Dragon,300
39030163,Galaxy-Eyes Full Armor Photon Dragon,XYZ Monster,LIGHT,Dragon,4000
93717133,Galaxy-Eyes Photon Dragon,Effect Monster,LIGHT,Dragon,3000
3356494,Galaxy-Eyes Solflare Dragon,Link Monster,LIGHT,Dragon,2000
45710945,Galaxy-Eyes Tachyon Primal,Effect Monster,LIGHT,Dragon,3000
16229315,Gale Dogra,Effect Monster,EARTH,Insect,650
77491079,Gale Lizard,Flip Effect Monster,WATER,Reptile,1400
32530043,Gallant Granite,XYZ Monster,EARTH,Rock,2300
30915572,Gallis the Star Beast,Effect Monster,EARTH,Beast,800
32872239,Gallugallud the Endless Enigma,Pendulum Normal Monster,FIRE,Fiend,2000
2196767,Gambler of Legend,Effect Monster,DARK,Spellcaster,500
55063751,"Gameciel, the Sea Turtle Kaiju",Effect Monster,WATER,Aqua,2200
15502037,Gamma The Electromagnet Warrior,Effect Monster,EARTH,Rock,800
11549357,Gamma the Magnet Warrior,Normal Monster,EARTH,Rock,1500
24291651,Ganbara Knight,Effect Monster,LIGHT,Warrior,0
65758454,Ganbara Lancer,Effect Monster,LIGHT,Warrior,1000
64681432,Gandora the Dragon of Destruction,Effect Monster,DARK,Dragon,0
2333466,Gandora-G the Dragon of Destruction,Effect Monster,DARK,Dragon,0
71525232,Gandora-X the Dragon of Demolition,Effect Monster,DARK,Dragon,0
34536276,Ganigumo,Normal Monster,EARTH,Insect,600
11801343,Garbage Collector,Effect Monster,WIND,Cyberse,100
44682448,Garbage Lord,Effect Monster,DARK,Fiend,0
18698739,Garbage Ogre,Effect Monster,DARK,Fiend,800
76524506,Garden Rose Flora,Synchro Tuner Monster,LIGHT,Plant,800
53325667,Garden Rose Maiden,Synchro Monster,DARK,Plant,1600
30646525,"Garlandolf, King of Destruction",Ritual Effect Monster,DARK,Fiend,2500
90844184,Garma Sword,Ritual Monster,DARK,Warrior,2550
88283496,Garmr of the Nordic Beasts,Effect Monster,DARK,Beast,800
49888191,Garnecia Elefantis,Normal Monster,EARTH,Beast-Warrior,2400
14977074,Garoozis,Normal Monster,FIRE,Beast-Warrior,1800
59019082,"Garoth, Lightsworn Warrior",Effect Monster,LIGHT,Warrior,1850
12800777,Garuda the Wind Spirit,Effect Monster,WIND,Winged Beast,1600
22382087,Garum the Storm Vassal,Effect Monster,WIND,Winged Beast,800
64182380,"Garunix Eternity, Hyang of the Fire Kings",XYZ Monster,FIRE,Pyro,3000
11765832,"Garura, Wings of Resonant Life",Fusion Monster,DARK,Winged Beast,1500
69780745,Garvas,Normal Monster,EARTH,Beast,2000
19012345,Gash the Dust Lord,Effect Monster,DARK,Fiend,1000
39475024,"Gashadokuro, the Skeletal Mayakashi",Synchro Monster,DARK,Zombie,3300
82257671,Gatchiri @Ignister,Effect Monster,EARTH,Cyberse,0
8102334,Gate Blocker,Effect Monster,EARTH,Rock,100
49258578,Gate Deeg,Normal Monster,DARK,Beast,700
25833572,Gate Guardian,Effect Monster,DARK,Warrior,3750
34904525,Gate Guardian of Thunder and Wind,Fusion Monster,LIGHT,Thunder,2500
97783338,Gate Guardian of Water and Thunder,Fusion Monster,WATER,Aqua,2550
61398234,Gate Guardian of Wind and Water,Fusion Monster,WIND,Spellcaster,2450
8505920,Gate Guardians Combined,Fusion Monster,DARK,Warrior,3750
19737320,Gatekeeper,Normal Monster,DARK,Machine,1500
91482773,Gateway Dragon,Effect Monster,DARK,Dragon,1600
87751584,Gatling Dragon,Fusion Monster,DARK,Machine,2600
15561463,Gauntlet Launcher,XYZ Monster,EARTH,Warrior,2400
79337169,Gauntlet Warrior,Effect Monster,EARTH,Warrior,400
5818798,Gazelle the King of Mythical Beasts,Normal Monster,EARTH,Beast,1500
23076639,Gazelle the King of Mythical Claws,Effect Monster,EARTH,Beast,1500
23536866,Gazer Shark,Effect Monster,WATER,Fish,1000
28912357,Gear Gigant X,XYZ Monster,EARTH,Machine,2300
30190809,Gear Golem the Moving Fortress,Effect Monster,EARTH,Machine,800
423705,Gearfried the Iron Knight,Effect Monster,EARTH,Warrior,1800
85651167,Gearfried the Red-Eyes Iron Knight,Effect Monster,DARK,Warrior,1800
57046845,Gearfried the Swordmaster,Effect Monster,LIGHT,Warrior,2600
47030842,Geargiaccelerator,Effect Monster,EARTH,Machine,1400
19891310,Geargiagear Gigant XG,XYZ Monster,EARTH,Machine,2500
92693205,Geargianchor,Effect Monster,EARTH,Machine,1800
71786742,Geargiano,Effect Monster,EARTH,Machine,500
1045143,Geargiano Mk-II,Effect Monster,EARTH,Machine,1000
45286019,Geargiano Mk-III,Effect Monster,EARTH,Machine,1000
923596,Geargiarmor,Effect Monster,EARTH,Machine,1100
73428497,Geargiarsenal,Effect Monster,EARTH,Machine,1500
72370114,Geargiattacker,Effect Monster,EARTH,Machine,1900
47687766,Geargiauger,Effect Monster,EARTH,Machine,500
45458027,Gearspring Spirit,Effect Monster,DARK,Machine,100
40392714,Geira Guile the Cubic King,Effect Monster,WIND,Fairy,0
26913989,Geistgrinder Golem,Effect Monster,DARK,Fiend,3000
11662742,Gellenduo,Effect Monster,LIGHT,Fairy,1700
27004302,Gem-Armadillo,Effect Monster,EARTH,Rock,1700
19019586,Gem-Elephant,Effect Monster,EARTH,Rock,400
90019393,Gem-Knight Alexandrite,Effect Monster,EARTH,Rock,1800
72056560,Gem-Knight Amber,Gemini Monster,EARTH,Thunder,1600
71616908,Gem-Knight Amethyst,Fusion Monster,EARTH,Aqua,1950
13108445,Gem-Knight Aquamarine,Fusion Monster,EARTH,Aqua,1400
67985943,Gem-Knight Citrine,Fusion Monster,EARTH,Pyro,2200
76908448,Gem-Knight Crystal,Normal Monster,EARTH,Rock,2450
69243722,Gem-Knight Emerald,Effect Monster,EARTH,Rock,1800
91731841,Gem-Knight Garnet,Normal Monster,EARTH,Pyro,1900
88225269,Gem-Knight Hollowcore,Effect Monster,DARK,Fiend,1950
45662855,Gem-Knight Iolite,Gemini Monster,EARTH,Aqua,1300
19355597,Gem-Knight Lady Brilliant Diamond,Fusion Monster,EARTH,Rock,3400
47611119,Gem-Knight Lady Lapis Lazuli,Fusion Monster,EARTH,Rock,2400
55610199,Gem-Knight Lady Rose Diamond,Fusion Monster,EARTH,Fairy,2700
99645428,Gem-Knight Lapis,Normal Monster,EARTH,Rock,1200
81846636,Gem-Knight Lazuli,Effect Monster,EARTH,Rock,600
39512984,Gem-Knight Master Diamond,Fusion Monster,EARTH,Rock,2900
25342956,Gem-Knight Master Diamond Dispersion,Fusion Monster,EARTH,Rock,3000
51831560,Gem-Knight Nepyrim,Effect Monster,LIGHT,Fairy,1550
19163116,Gem-Knight Obsidian,Effect Monster,EARTH,Rock,1500
71594310,Gem-Knight Pearl,XYZ Monster,EARTH,Rock,2600
24484270,Gem-Knight Phantom Quartz,Link Monster,EARTH,Rock,1450
93379652,Gem-Knight Prismaura,Fusion Monster,EARTH,Thunder,2450
35622739,Gem-Knight Quartz,Effect Monster,EARTH,Fairy,1500
76614340,Gem-Knight Ruby,Fusion Monster,EARTH,Pyro,2500
27126980,Gem-Knight Sapphire,Normal Monster,EARTH,Aqua,0
43114901,Gem-Knight Sardonyx,Gemini Monster,EARTH,Pyro,1800
3113836,Gem-Knight Seraphinite,Fusion Monster,EARTH,Fairy,2300
49597193,Gem-Knight Topaz,Fusion Monster,EARTH,Thunder,1800
54620698,Gem-Knight Tourmaline,Normal Monster,EARTH,Thunder,1600
8692301,Gem-Knight Zirconia,Fusion Monster,EARTH,Rock,2900
53408006,Gem-Merchant,Effect Monster,EARTH,Spellcaster,1000
64734090,Gem-Turtle,Flip Effect Monster,EARTH,Rock,0
69140098,Gemini Elf,Normal Monster,EARTH,Spellcaster,1900
67688478,Gemini Imps,Effect Monster,DARK,Fiend,1000
26254876,Gemini Lancer,Gemini Monster,WATER,Sea Serpent,1800
91798373,Gemini Scorpion,Effect Monster,EARTH,Warrior,1600
68366996,Gemini Soldier,Gemini Monster,WIND,Warrior,500
19041767,Gemini Summoner,Effect Monster,WATER,Spellcaster,1500
72305034,Geminize Lord Golknight,Gemini Monster,EARTH,Warrior,1500
52126602,Gen the Diamond Tiger,Effect Monster,LIGHT,Warrior,800
99000107,Gendo the Ascetic Monk,Effect Monster,WATER,Spellcaster,300
69247929,Gene-Warped Warwolf,Normal Monster,EARTH,Beast-Warrior,2000
53921056,General Gantala of the Ice Barrier,Effect Monster,WATER,Warrior,2700
9056100,General Grunard of the Ice Barrier,Effect Monster,WATER,Warrior,2800
81275309,General Raiho of the Ice Barrier,Effect Monster,WATER,Warrior,2100
81825063,General Wayne of the Ice Barrier,Effect Monster,WATER,Warrior,2100
31038159,Genesis Dragon,Effect Monster,LIGHT,Dragon,2200
98147766,Genetic Woman,Effect Monster,WIND,Psychic,1700
66165755,Genex Ally Axel,Synchro Monster,DARK,Machine,2600
91438994,Genex Ally Bellflame,Effect Monster,DARK,Machine,1700
64034255,Genex Ally Birdman,Tuner Monster,DARK,Machine,1400
20127343,Genex Ally Changer,Effect Monster,DARK,Machine,1200
38049541,Genex Ally Chemistrer,Tuner Monster,DARK,Machine,200
27827903,Genex Ally Crusher,Effect Monster,DARK,Machine,1000
68450517,Genex Ally Duradark,Effect Monster,DARK,Machine,1800
94622638,Genex Ally Powercell,Effect Monster,DARK,Machine,1700
63211608,Genex Ally Reliever,Effect Monster,DARK,Machine,2200
57238939,Genex Ally Remote,Tuner Monster,DARK,Machine,500
83500096,Genex Ally Solid,Effect Monster,DARK,Machine,500
17760003,Genex Ally Triarm,Synchro Monster,DARK,Machine,2400
52709508,Genex Ally Triforce,Synchro Monster,DARK,Machine,2500
56511382,Genex Ally Volcannon,Effect Monster,DARK,Machine,1700
93211836,Genex Army,Effect Monster,EARTH,Machine,2300
24432029,Genex Blastfan,Effect Monster,WIND,Spellcaster,1600
68505803,Genex Controller,Normal Tuner Monster,DARK,Machine,1400
89211486,Genex Doctor,Effect Monster,DARK,Spellcaster,1500
53944920,Genex Furnace,Effect Monster,FIRE,Pyro,2000
89333528,Genex Gaia,Effect Monster,EARTH,Rock,1000
19182751,Genex Neutron,Effect Monster,LIGHT,Machine,1800
30399511,Genex Power Planner,Effect Monster,LIGHT,Spellcaster,300
51827737,Genex Recycled,Tuner Monster,DARK,Machine,200
67483216,Genex Searcher,Effect Monster,EARTH,Machine,1600
15605085,Genex Solar,Effect Monster,LIGHT,Machine,2500
16828633,Genex Spare,Tuner Monster,DARK,Machine,800
52222372,Genex Turbine,Effect Monster,EARTH,Machine,1400
4904812,Genex Undine,Effect Monster,WATER,Aqua,1200
93882364,Genex Worker,Effect Monster,WIND,Machine,1200
49370026,Genin,Normal Monster,LIGHT,Spellcaster,600
42155488,Genomix Fighter,Tuner Monster,WIND,Psychic,2200
56499179,Genro Ryu-Ge Hakva,Effect Monster,WIND,Wyrm,3000
77895328,"Genta, Gateman of Dark World",Effect Monster,DARK,Fiend,1000
54635862,Gentlemander,Effect Monster,LIGHT,Reptile,1200
33972299,Geo Genex,Synchro Monster,EARTH,Machine,1800
56704140,Geomancer of the Ice Barrier,Tuner Monster,WATER,Spellcaster,800
42632209,Geomathmech Final Sigma,Synchro Monster,FIRE,Cyberse,3000
15248594,Geomathmech Magma,Synchro Tuner Monster,FIRE,Cyberse,2500
52119435,Geonator Transverser,Link Monster,EARTH,Rock,1200
32991027,"Georgius, Swordman of the Ice Barrier",Tuner Monster,WATER,Winged Beast,2000
28373620,Geri the Runick Fangs,Fusion Monster,DARK,Beast,0
77936940,Gernia,Effect Monster,DARK,Zombie,1300
21887179,Getsu Fuhma,Effect Monster,DARK,Warrior,1700
84046493,Ghost Beef,Pendulum Normal Monster,DARK,Beast,2000
73642296,Ghost Belle & Haunted Mansion,Tuner Monster,EARTH,Zombie,0
15419596,Ghost Bird of Bewitchment,Effect Monster,DARK,Winged Beast,1300
23379054,"Ghost Charon, the Underworld Boatman",Tuner Monster,DARK,Zombie,500
44663232,Ghost Fairy Elfobia,Effect Monster,WIND,Psychic,900
59965151,Ghost Gardna,Effect Monster,DARK,Warrior,0
13386503,Ghost Knight of Jackal,Effect Monster,EARTH,Beast-Warrior,1700
64104037,"Ghost Lancer, the Underworld Spearman",Effect Monster,DARK,Zombie,2000
52038441,Ghost Mourner & Moonlit Chill,Tuner Monster,WIND,Zombie,0
59438930,Ghost Ogre & Snow Rabbit,Tuner Monster,LIGHT,Psychic,0
62015408,Ghost Reaper & Winter Cherries,Tuner Monster,DARK,Zombie,0
33347467,Ghost Ship,Effect Monster,LIGHT,Fiend,1900
60643553,Ghost Sister & Spooky Dogwood,Tuner Monster,WATER,Zombie,0
99370594,"Ghost Sleeper, the Underworld Princess",Effect Monster,DARK,Zombie,1300
61103515,"Ghost Wyvern, the Underworld Dragon",Effect Monster,DARK,Zombie,1700
75367227,Ghostrick Alucard,XYZ Monster,DARK,Zombie,1800
53334641,Ghostrick Angel of Mischief,XYZ Monster,DARK,Fairy,2000
46925518,Ghostrick Doll,Effect Monster,DARK,Spellcaster,300
46895036,Ghostrick Dullahan,XYZ Monster,DARK,Fiend,1000
36239585,Ghostrick Fairy,Effect Monster,DARK,Spellcaster,900
35871958,Ghostrick Festival,Link Monster,DARK,Spellcaster,0
85463083,Ghostrick Ghoul,Effect Monster,DARK,Zombie,1100
61318483,Ghostrick Jackfrost,Effect Monster,DARK,Fiend,800
80885284,Ghostrick Jiangshi,Effect Monster,DARK,Zombie,400
54512827,Ghostrick Lantern,Effect Monster,DARK,Fiend,800
98707192,Ghostrick Mary,Effect Monster,DARK,Fiend,100
97584500,Ghostrick Mummy,Effect Monster,DARK,Zombie,1500
24101897,Ghostrick Nekomusume,Effect Monster,DARK,Spellcaster,400
64804316,Ghostrick Siren,Effect Monster,DARK,Fairy,800
51196805,Ghostrick Skeleton,Effect Monster,DARK,Zombie,1200
32224143,Ghostrick Socuteboss,XYZ Monster,DARK,Spellcaster,1400
81907872,Ghostrick Specter,Effect Monster,DARK,Fiend,600
16279989,Ghostrick Stein,Effect Monster,DARK,Zombie,1600
72913666,Ghostrick Warwolf,Effect Monster,DARK,Zombie,1400
27491571,Ghostrick Witch,Effect Monster,DARK,Spellcaster,1200
84472026,Ghostrick Yeti,Effect Monster,DARK,Zombie,300
54490275,Ghostrick Yuki-onna,Effect Monster,DARK,Spellcaster,1000
72309040,Ghoti of the Deep Beyond,Synchro Monster,WATER,Fish,-1
95265975,Ghoul with an Appetite,Normal Monster,DARK,Zombie,1600
78266168,Giant Axe Mummy,Effect Monster,EARTH,Zombie,1700
38229962,Giant Beetrooper Invincible Atlas,Link Monster,EARTH,Insect,3000
41762634,Giant Flea,Normal Monster,EARTH,Insect,1500
95178994,Giant Germ,Effect Monster,DARK,Fiend,1000
58185394,Giant Kozaky,Effect Monster,DARK,Fiend,2500
8170654,Giant Kra-Corn,Effect Monster,EARTH,Plant,1000
72299832,Giant Mech-Soldier,Normal Monster,EARTH,Machine,1750
16955631,Giant Mimighoul,XYZ Monster,EARTH,Rock,1300
73698349,Giant Orc,Effect Monster,DARK,Fiend,2200
92723496,Giant Pairfish,Effect Monster,WATER,Wyrm,2000
97017120,Giant Rat,Effect Monster,EARTH,Beast,1400
58831685,Giant Red Seasnake,Normal Monster,WATER,Aqua,1800
80280944,Giant Rex,Effect Monster,EARTH,Dinosaur,2000
41403766,Giant Scorpion of the Tundra,Normal Monster,EARTH,Insect,1100
57043117,Giant Soldier of Steel,XYZ Monster,EARTH,Rock,1300
13039848,Giant Soldier of Stone,Normal Monster,EARTH,Rock,1300
96981563,Giant Turtle Who Feeds on Flames,Normal Monster,WATER,Aqua,1400
43793530,Giga Gagagigo,Normal Monster,WATER,Reptile,2450
8471389,Giga-Tech Wolf,Normal Monster,FIRE,Machine,1200
47606319,Gigantes,Effect Monster,EARTH,Rock,1900
11132674,"Gigantic ""Champion"" Sargas",XYZ Monster,FIRE,Machine,2800
82116191,Gigantic Cephalotus,Effect Monster,EARTH,Plant,1850
54498517,Gigantic Spright,XYZ Monster,DARK,Thunder,1600
63422098,Giganticastle,Synchro Monster,EARTH,Rock,2900
33621868,Giganto,Normal Monster,DARK,Machine,1700
53257892,Gigaplant,Gemini Monster,EARTH,Plant,2400
58330108,Gigarays Gandora the Dragon of Destruction,Effect Monster,DARK,Dragon,0
79080761,Gigastone Omega,Effect Monster,EARTH,Rock,1000
17241941,Gigathunder Giclops,Pendulum Tuner Effect Monster,WIND,Thunder,1400
53776525,Gigobyte,Normal Monster,WATER,Reptile,350
38445524,Gil Garth,Normal Monster,DARK,Fiend,1800
45894482,Gilasaurus,Effect Monster,EARTH,Dinosaur,1400
69933858,Gilford the Legend,Effect Monster,EARTH,Warrior,2600
36354007,Gilford the Lightning,Effect Monster,LIGHT,Warrior,2800
76436988,Gillagillancer,Effect Monster,EARTH,Warrior,2200
49161188,Gilti-Gearfried the Magical Steel Knight,Fusion Monster,LIGHT,Warrior,2700
51828629,Giltia the D. Knight,Fusion Monster,LIGHT,Warrior,1850
77406972,Giltia the D. Knight - Soul Spear,Effect Monster,LIGHT,Warrior,1850
79086452,Gimmick Puppet Bisque Doll,Effect Monster,DARK,Machine,1000
99229085,Gimmick Puppet Cattle Scream,Effect Monster,DARK,Machine,2000
97520532,Gimmick Puppet Chimera Doll,Link Monster,DARK,Machine,1500
76543119,Gimmick Puppet Des Troy,Effect Monster,DARK,Machine,1200
92418590,Gimmick Puppet Dreary Doll,Effect Monster,DARK,Machine,0
20032555,Gimmick Puppet Egg Head,Effect Monster,EARTH,Machine,1600
76290637,Gimmick Puppet Fantasix Machinix,XYZ Monster,DARK,Machine,1500
4145915,Gimmick Puppet Fiendish Knight,Effect Monster,DARK,Machine,1800
56427559,Gimmick Puppet Gear Changer,Effect Monster,EARTH,Machine,100
7593748,Gimmick Puppet Gigantes Doll,XYZ Monster,DARK,Machine,0
8226374,Gimmick Puppet Humpty Dumpty,Effect Monster,DARK,Machine,0
36436372,Gimmick Puppet Little Soldiers,Effect Monster,DARK,Machine,0
39806198,Gimmick Puppet Magnet Doll,Effect Monster,DARK,Machine,1000
55204071,Gimmick Puppet Nightmare,Effect Monster,DARK,Machine,1000
63825486,Gimmick Puppet Rouge Doll,Effect Monster,DARK,Machine,400
29216967,Gimmick Puppet Scissor Arms,Effect Monster,DARK,Machine,1200
34620088,Gimmick Puppet Shadow Feeler,Effect Monster,DARK,Machine,1000
43598843,Gimmick Puppet Terror Baby,Effect Monster,DARK,Machine,500
92821268,Gimmick Puppet Twilight Joker,Effect Monster,DARK,Machine,800
84620194,Girochin Kuwagata,Normal Monster,WIND,Insect,1700
69811710,"Girsu, the Orcust Mekk-Knight",Effect Monster,DARK,Machine,1800
67111213,Gishki Abyss,Effect Monster,WATER,Fish,800
92784374,Gishki Ariel,Flip Effect Monster,WATER,Spellcaster,1000
16693254,Gishki Avance,Effect Monster,WATER,Spellcaster,1500
36227804,Gishki Beast,Effect Monster,WATER,Beast,1500
66399675,Gishki Chain,Effect Monster,WATER,Sea Serpent,1800
72403299,Gishki Diviner,Effect Monster,WATER,Sea Serpent,1200
73551138,Gishki Emilia,Spirit Monster,WATER,Spellcaster,1600
38356857,Gishki Grimness,Effect Monster,WATER,Fish,600
39905966,Gishki Marker,Effect Monster,WATER,Aqua,1600
19959742,Gishki Mollusk,Effect Monster,WATER,Aqua,1700
17241370,Gishki Natalia,Spirit Monster,WATER,Spellcaster,1800
63942761,Gishki Noellia,Effect Monster,WATER,Spellcaster,1700
30334522,Gishki Psychelone,Ritual Effect Monster,WATER,Fiend,2150
37557626,Gishki Reliever,Effect Monster,WATER,Aqua,500
29888389,Gishki Shadow,Effect Monster,WATER,Sea Serpent,1200
93506862,Gishki Vanity,Effect Monster,WATER,Aqua,1000
47106439,Gishki Vision,Effect Monster,WATER,Sea Serpent,700
66729231,Gishki Zielgigas,Ritual Effect Monster,WATER,Aqua,3200
59789370,"Gizmek Arakami, the Hailbringer Hog",Effect Monster,WATER,Machine,1850
50901852,"Gizmek Inaba, the Hopping Hare of Hakuto",Effect Monster,WIND,Machine,50
63633694,"Gizmek Kaku, the Supreme Shining Sky Stag",Effect Monster,FIRE,Machine,2750
46809548,"Gizmek Makami, the Ferocious Fanged Fortress",Effect Monster,WIND,Machine,2150
96399967,"Gizmek Naganaki, the Sunrise Signaler",Effect Monster,LIGHT,Machine,950
43218406,"Gizmek Okami, the Dreaded Deluge Dragon",Effect Monster,WATER,Machine,2950
71197066,"Gizmek Orochi, the Serpentron Sky Slasher",Effect Monster,DARK,Machine,2450
23384666,"Gizmek Taniguku, the Immobile Intellect",Effect Monster,EARTH,Machine,1450
90361289,"Gizmek Uka, the Festive Fox of Fecundity",Effect Monster,EARTH,Machine,2250
13224603,"Gizmek Yata, the Gleaming Vanguard",Effect Monster,LIGHT,Machine,2050
43175027,Glacial Beast Blizzard Wolf,Effect Monster,WATER,Aqua,1400
6568731,Glacial Beast Iceberg Narwhal,Synchro Monster,WATER,Aqua,2700
79169622,Glacial Beast Polar Penguin,Tuner Monster,WATER,Aqua,800
11449436,Glacier Aqua Madoor,Effect Monster,WATER,Spellcaster,1200
42592719,Gladiator Beast Alexander,Effect Monster,LIGHT,Beast,2400
3779662,Gladiator Beast Andabata,Fusion Monster,DARK,Beast-Warrior,1000
90582719,Gladiator Beast Andal,Normal Monster,EARTH,Beast-Warrior,1900
52502677,Gladiator Beast Attorix,Effect Monster,EARTH,Beast-Warrior,800
7573135,Gladiator Beast Augustus,Effect Monster,DARK,Winged Beast,2600
41470137,Gladiator Beast Bestiari,Effect Monster,WIND,Winged Beast,1500
48958757,Gladiator Beast Claudius,Fusion Monster,DARK,Beast,3700
72246674,Gladiator Beast Dareios,Link Monster,DARK,Beast-Warrior,1700
25924653,Gladiator Beast Darius,Effect Monster,EARTH,Beast-Warrior,1700
31247589,Gladiator Beast Dimacari,Effect Monster,EARTH,Beast,1600
33652635,Gladiator Beast Domitianus,Fusion Monster,DARK,Sea Serpent,3500
62000467,Gladiator Beast Dragases,Link Monster,WIND,Winged Beast,2000
57731460,Gladiator Beast Equeste,Effect Monster,WIND,Winged Beast,1600
73285669,Gladiator Beast Essedarii,Fusion Monster,EARTH,Beast,2500
90957527,Gladiator Beast Gaiodiaz,Fusion Monster,DARK,Dinosaur,2600
26582143,Gladiator Beast Gistel,Effect Monster,EARTH,Beast,1200
48156348,Gladiator Beast Gyzarus,Fusion Monster,DARK,Winged Beast,2400
27346636,Gladiator Beast Heraklinos,Fusion Monster,FIRE,Beast-Warrior,3000
4253484,Gladiator Beast Hoplomus,Effect Monster,EARTH,Rock,700
2067935,Gladiator Beast Lanista,Effect Monster,WIND,Winged Beast,1800
78868776,Gladiator Beast Laquari,Effect Monster,FIRE,Beast-Warrior,1800
5975022,Gladiator Beast Murmillo,Effect Monster,WATER,Fish,800
29357956,Gladiator Beast Nerokius,Fusion Monster,DARK,Winged Beast,2800
67385964,Gladiator Beast Noxious,Effect Monster,DARK,Beast-Warrior,0
29590752,Gladiator Beast Octavius,Effect Monster,LIGHT,Winged Beast,2500
612115,Gladiator Beast Retiari,Effect Monster,WATER,Aqua,1200
16003979,Gladiator Beast Sagittarii,Effect Monster,WIND,Winged Beast,1400
2619149,Gladiator Beast Samnite,Effect Monster,EARTH,Beast,1600
77642288,Gladiator Beast Secutor,Effect Monster,WIND,Reptile,400
79580323,Gladiator Beast Spartacus,Effect Monster,EARTH,Dinosaur,2200
30864377,Gladiator Beast Tamer Editor,Fusion Monster,DARK,Beast-Warrior,2400
65984457,Gladiator Beast Torax,Effect Monster,WATER,Fish,1400
50893987,Gladiator Beast Tygerius,Effect Monster,EARTH,Beast,1800
88996322,Gladiator Beast Vespasius,Effect Monster,WATER,Sea Serpent,2300
899287,Glife the Phantom Bird,Effect Monster,WIND,Winged Beast,1500
92964816,Glow-Up Bloom,Tuner Monster,DARK,Zombie,0
67441435,Glow-Up Bulb,Tuner Monster,EARTH,Plant,100
8576764,Gluttonous Reptolphin Greethys,Tuner Monster,WATER,Fish,1000
58655504,Gnomaterial,Effect Monster,EARTH,Fairy,0
40227329,Go! - D/D/D Divine Zero King Rage,Pendulum Effect Monster,DARK,Fiend,0
78658564,Goblin Attack Force,Effect Monster,EARTH,Warrior,2300
34001672,Goblin Biker Big Gabonga,XYZ Monster,LIGHT,Beast-Warrior,2100
27868563,Goblin Biker Boom Mach,Effect Monster,WIND,Warrior,1300
51473858,Goblin Biker Clatter Sploder,Effect Monster,FIRE,Beast-Warrior,1500
24079759,Goblin Biker Dugg Charger,Effect Monster,EARTH,Warrior,1600
64257161,Goblin Biker Mean Merciless,Effect Monster,WATER,Fiend,1300
44241999,Goblin Biker Troika Griare,XYZ Monster,LIGHT,Warrior,1700
46014517,Goblin Bikers Gone Bonkers,XYZ Monster,DARK,Fiend,2500
55320758,Goblin Bikers Gone Wild,Effect Monster,DARK,Fiend,2400
66707058,Goblin Black Ops,Effect Monster,DARK,Beast-Warrior,1300
12057781,Goblin Calligrapher,Normal Monster,DARK,Fiend,400
18960169,Goblin Decoy Squad,Effect Monster,DARK,Warrior,1000
85306040,Goblin Elite Attack Force,Effect Monster,EARTH,Fiend,2200
85123771,Goblin Freefall Squad,Effect Monster,WIND,Warrior,0
18590133,Goblin King,Effect Monster,DARK,Fiend,0
34251483,Goblin Marauding Squad,Effect Monster,EARTH,Beast-Warrior,1900
425934,Goblin of Greed,Effect Monster,EARTH,Fiend,1000
12755462,Goblin Pothole Squad,Effect Monster,EARTH,Warrior,1500
82324312,Goblin Recon Squad,Effect Monster,WIND,Warrior,1700
63665875,Goblin Zombie,Effect Monster,DARK,Zombie,1100
71100270,Goblin's Crazy Beast,XYZ Monster,DARK,Fiend,2700
25259669,Goblindbergh,Effect Monster,EARTH,Warrior,1400
83743222,Goddess Bow,Fusion Monster,LIGHT,Warrior,1500
72589042,Goddess of Sweet Revenge,Effect Monster,LIGHT,Fairy,1800
50915474,Goddess of the Two Sides,Effect Monster,LIGHT,Fairy,950
67959180,Goddess of Whim,Effect Monster,LIGHT,Fairy,950
53493204,Goddess with the Third Eye,Effect Monster,LIGHT,Fairy,1200
10236520,Goe Goe the Gallant Ninja,Effect Monster,WIND,Warrior,1500
21155323,Goggle Golem,Gemini Monster,EARTH,Rock,1500
39674352,Gogiga Gagagigo,Normal Monster,WATER,Reptile,2950
91718579,Gogogo Aristera & Dexia,Effect Monster,EARTH,Rock,0
56105047,Gogogo Ghost,Effect Monster,DARK,Zombie,1900
39695323,Gogogo Giant,Effect Monster,EARTH,Rock,2000
19667590,Gogogo Gigas,Effect Monster,EARTH,Rock,0
35886170,Gogogo Goblindbergh,Effect Monster,EARTH,Warrior,1400
62476815,Gogogo Golem,Effect Monster,EARTH,Rock,1800
2948263,Gogogo Golem - Golden Form,Effect Monster,EARTH,Rock,-1
59911557,Gogogo Goram,Effect Monster,EARTH,Rock,2300
23116808,"Goka, the Pyre of Malice",Effect Monster,FIRE,Zombie,2200
15367030,Gokibore,Normal Monster,EARTH,Insect,1200
17535764,Gokipole,Effect Monster,EARTH,Insect,1000
14472500,Gokipon,Effect Monster,EARTH,Insect,800
55010259,Gold Gadget,Effect Monster,LIGHT,Machine,1700
96305350,Gold Pride - Captain Carrie,Effect Monster,WATER,Fiend,900
65892585,Gold Pride - Chariot Carrie,XYZ Monster,WATER,Aqua,1900
60203670,Gold Pride - Eliminator,Tuner Monster,EARTH,Machine,1800
45464587,Gold Pride - Eradicator,Synchro Monster,DARK,Warrior,2700
23512906,Gold Pride - Leon,Tuner Monster,WIND,Warrior,1500
58884063,Gold Pride - Nytro Blaster,Link Monster,DARK,Pyro,2300
59900655,Gold Pride - Nytro Head,Effect Monster,FIRE,Pyro,2300
28497830,Gold Pride - Pin Baller,Fusion Monster,DARK,Machine,3000
92003832,Gold Pride - Roller Baller,Effect Monster,EARTH,Psychic,1800
22390469,Gold Pride - Star Leon,Synchro Monster,LIGHT,Thunder,2000
78004197,"Goldd, Wu-Lord of Dark World",Effect Monster,DARK,Fiend,2300
95937545,Golden Allure Queen,Link Monster,DARK,Spellcaster,2500
93125329,Golden Cloud Beast - Malong,Synchro Tuner Monster,LIGHT,Dragon,2200
28565527,Golden Dragon Summoner,Effect Monster,LIGHT,Spellcaster,1000
76203291,Golden Flying Fish,Effect Monster,LIGHT,Fish,1700
27408609,Golden Homunculus,Effect Monster,LIGHT,Warrior,1500
87102774,Golden Ladybug,Effect Monster,LIGHT,Insect,0
78642798,Golden-Eyes Idol,Effect Monster,DARK,Spellcaster,0
81344070,"Goldenhair, the Newest Plunder Patroll",Tuner Monster,WATER,Fiend,0
24521754,Goldilocks the Battle Landscaper,Effect Monster,EARTH,Machine,0
9666558,Golem Dragon,Effect Monster,EARTH,Dragon,200
52323207,Golem Sentry,Effect Monster,EARTH,Rock,800
74169516,Golem that Guards the Millennium Treasures,Effect Monster,EARTH,Rock,2000
7526150,Golgoil,Normal Monster,EARTH,Machine,900
59369430,Golgoil the Steel Seismic Smasher,Effect Monster,EARTH,Illusion,1800
59797187,Gonogo,Effect Monster,EARTH,Rock,1350
77799846,Googly-Eyes Drum Dragon,XYZ Monster,EARTH,Machine,3000
80233946,Gora Turtle,Effect Monster,WATER,Aqua,1100
42868711,Gora Turtle of Illusion,Effect Monster,WATER,Aqua,1200
11793047,Gorgon Egg,Normal Monster,DARK,Fiend,300
12067160,Gorgon of Zilofthonia,Link Monster,DARK,Reptile,100
29357687,"Gorgon, Empress of the Evil Eyed",Link Monster,DARK,Fiend,1900
37168514,Gorgonic Cerberus,Effect Monster,DARK,Rock,1300
64379261,Gorgonic Gargoyle,Effect Monster,DARK,Rock,1000
90764875,Gorgonic Ghoul,Effect Monster,DARK,Rock,100
37984162,Gorgonic Golem,Effect Monster,DARK,Rock,1200
84401683,Gorgonic Guardian,XYZ Monster,DARK,Rock,1600
44330098,Gorz the Emissary of Darkness,Effect Monster,DARK,Fiend,2700
12097275,Gouki Bearhug,Effect Monster,EARTH,Warrior,2400
88406570,Gouki Destroy Ogre,Link Monster,EARTH,Warrior,2800
69453825,Gouki Dragon Ogre,Synchro Monster,EARTH,Warrior,2200
7540107,Gouki Guts,Effect Monster,EARTH,Warrior,800
54088068,Gouki Headbatt,Effect Monster,EARTH,Warrior,800
10552026,Gouki Heel Ogre,Link Monster,EARTH,Warrior,1000
71555408,Gouki Iron Claw,Effect Monster,EARTH,Warrior,1000
59644128,Gouki Jet Ogre,Link Monster,EARTH,Warrior,2000
29099860,Gouki Machine Suprex,Tuner Monster,EARTH,Warrior,1800
20191720,Gouki Moonsault,Effect Monster,EARTH,Warrior,1900
85008676,Gouki Octostretch,Effect Monster,EARTH,Warrior,0
93581434,Gouki Ringtrainer,Effect Monster,EARTH,Warrior,0
60461077,Gouki Riscorpio,Effect Monster,EARTH,Warrior,2300
7382007,Gouki Sheik Ogre,Link Monster,EARTH,Warrior,1900
24073068,Gouki Suprex,Effect Monster,EARTH,Warrior,1800
67586735,Gouki Tagpartner,Effect Monster,EARTH,Warrior,1700
95515058,Gouki The Blade Ogre,Link Monster,EARTH,Warrior,2400
47946130,Gouki The Giant Ogre,Link Monster,EARTH,Warrior,3000
78437364,Gouki The Great Ogre,Link Monster,EARTH,Warrior,2600
30286474,Gouki The Master Ogre,Link Monster,EARTH,Warrior,2800
11516241,Gouki The Powerload Ogre,Link Monster,EARTH,Warrior,2800
22510667,Gouki The Solid Ogre,Link Monster,EARTH,Warrior,2400
7782069,Gouki The Tyrant Ogre,Fusion Monster,EARTH,Warrior,3500
30010480,Gouki Thunder Ogre,Link Monster,EARTH,Warrior,2200
97688360,Gouki Twistcobra,Effect Monster,EARTH,Warrior,1600
63364266,Goyo Chaser,Synchro Monster,EARTH,Warrior,1900
58901502,Goyo Defender,Synchro Monster,EARTH,Warrior,1000
59255742,Goyo Emperor,Fusion Monster,EARTH,Warrior,3300
7391448,Goyo Guardian,Synchro Monster,EARTH,Warrior,2800
84305651,Goyo King,Synchro Monster,EARTH,Warrior,2800
98637386,Goyo Predator,Synchro Monster,EARTH,Warrior,2400
52467217,Gozuki,Effect Monster,EARTH,Zombie,1700
10992251,Gradius,Normal Monster,LIGHT,Machine,1200
14291024,Gradius' Option,Effect Monster,LIGHT,Machine,-1
20758643,"Graff, Malebranche of the Burning Abyss",Effect Monster,DARK,Fiend,1000
21785144,"Gragonith, Lightsworn Dragon",Effect Monster,LIGHT,Dragon,2000
13944422,Granadora,Effect Monster,WATER,Reptile,1900
51132012,Grand Knight of the Red Lotus,Effect Monster,FIRE,Warrior,2100
13676474,Grand Tiki Elder,Normal Monster,DARK,Fiend,1500
83039729,Grandmaster of the Six Samurai,Effect Monster,EARTH,Warrior,2100
44190146,Grandpa Demetto,Effect Monster,DARK,Spellcaster,0
35866404,Grandram,Effect Monster,EARTH,Rock,0
61468779,Grandsoil the Elemental Lord,Effect Monster,EARTH,Beast-Warrior,2800
98898163,Grandtusk Dragon,Effect Monster,EARTH,Dragon,1400
24915933,Granguignol the Dusk Dragon,Fusion Monster,LIGHT,Spellcaster,2500
15545291,Granmarg the Mega Monarch,Effect Monster,EARTH,Rock,2800
60229110,Granmarg the Rock Monarch,Effect Monster,EARTH,Rock,2400
84521924,GranSolfachord Coolia,Link Monster,LIGHT,Fairy,2700
37972500,GranSolfachord Musecia,Link Monster,LIGHT,Fairy,1900
34230233,"Grapha, Dragon Lord of Dark World",Effect Monster,DARK,Fiend,2700
39552584,"Grapha, Dragon Overlord of Dark World",Fusion Monster,DARK,Fiend,3200
32907538,Grapple Blocker,Effect Monster,EARTH,Psychic,1200
2906250,Grappler,Normal Monster,WATER,Reptile,1300
16632144,Grappler Angler,Tuner Monster,WATER,Warrior,100
41249545,Grass Phantom,Effect Monster,WATER,Plant,1000
95166228,Grasschopper,Gemini Monster,EARTH,Insect,2350
40937767,Grave Ohja,Effect Monster,EARTH,Rock,1600
11448373,Grave Protector,Effect Monster,DARK,Fiend,0
48343627,Grave Squirmer,Effect Monster,DARK,Fiend,0
22134079,Gravekeeper's Ambusher,Effect Monster,DARK,Spellcaster,1700
25262697,Gravekeeper's Assailant,Effect Monster,DARK,Spellcaster,1500
99877698,Gravekeeper's Cannonholder,Effect Monster,DARK,Spellcaster,1400
62473983,Gravekeeper's Chief,Effect Monster,DARK,Spellcaster,1900
17393207,Gravekeeper's Commandant,Effect Monster,EARTH,Spellcaster,1600
50712728,Gravekeeper's Curse,Effect Monster,DARK,Spellcaster,800
30213599,Gravekeeper's Descendant,Effect Monster,DARK,Spellcaster,1500
37101832,Gravekeeper's Guard,Flip Effect Monster,DARK,Spellcaster,1000
21663205,Gravekeeper's Headman,Effect Monster,DARK,Spellcaster,500
46955770,Gravekeeper's Heretic,Effect Monster,DARK,Spellcaster,1800
85646474,Gravekeeper's Nobleman,Effect Monster,DARK,Spellcaster,1000
25524823,Gravekeeper's Oracle,Effect Monster,DARK,Spellcaster,2000
3381441,Gravekeeper's Priestess,Effect Monster,DARK,Spellcaster,1000
93023479,Gravekeeper's Recruiter,Effect Monster,DARK,Spellcaster,1200
58139128,Gravekeeper's Shaman,Effect Monster,DARK,Spellcaster,1500
63695531,Gravekeeper's Spear Soldier,Effect Monster,DARK,Spellcaster,1500
58657303,Gravekeeper's Spiritualist,Effect Monster,DARK,Spellcaster,1500
24317029,Gravekeeper's Spy,Flip Effect Monster,DARK,Spellcaster,1200
79206925,Gravekeeper's Supernaturalist,Fusion Monster,DARK,Spellcaster,2000
99690140,Gravekeeper's Vassal,Effect Monster,DARK,Spellcaster,700
3825890,Gravekeeper's Visionary,Effect Monster,DARK,Spellcaster,2000
26084285,Gravekeeper's Watcher,Effect Monster,DARK,Spellcaster,1000
27094595,Graveyard and the Hand of Invitation,Normal Monster,DARK,Zombie,700
9391354,Gravi-Crush Dragon,Effect Monster,DARK,Dragon,2400
29216198,Gravitic Orb,Flip Effect Monster,DARK,Fiend,1100
56931015,Gravity Behemoth,Effect Monster,DARK,Beast,2300
23656668,Gravity Controller,Link Monster,DARK,Psychic,1000
44035031,Gravity Warrior,Synchro Monster,EARTH,Warrior,2100
29618570,Gray Wing,Effect Monster,WIND,Dragon,1300
66451379,Graydle Alligator,Effect Monster,WATER,Aqua,500
93445074,Graydle Cobra,Effect Monster,WATER,Aqua,1000
52145422,Graydle Dragon,Synchro Monster,WATER,Aqua,3000
29834183,Graydle Eagle,Effect Monster,WATER,Aqua,1500
20056760,Graydle Slime,Tuner Monster,WATER,Aqua,0
80250319,Graydle Slime Jr.,Tuner Monster,WATER,Aqua,0
11813953,Great Angus,Normal Monster,FIRE,Beast,1800
55691901,Great Bill,Normal Monster,EARTH,Beast,1250
88989706,Great Dezard,Effect Monster,DARK,Spellcaster,1900
2356994,Great Long Nose,Spirit Monster,DARK,Beast-Warrior,1900
47942531,Great Maju Garzett,Effect Monster,DARK,Fiend,0
54622031,Great Mammoth of Goldfine,Fusion Monster,DARK,Zombie,2200
14141448,Great Moth,Effect Monster,EARTH,Insect,2600
10809984,Great Phantom Thief,Effect Monster,EARTH,Spellcaster,1000
75292259,Great Poseidon Beetle,Effect Monster,EARTH,Insect,2500
63176202,Great Shogun Shien,Effect Monster,FIRE,Warrior,2500
27796375,Great Sorcerer of the Nekroz,Effect Monster,WATER,Spellcaster,1500
92736188,Great Spirit,Effect Monster,EARTH,Rock,500
13429800,Great White,Normal Monster,WATER,Fish,1600
90512490,Greatfly,Link Monster,WIND,Insect,1400
76593718,Greed Jar,Flip Effect Monster,EARTH,Rock,700
50263751,Greed Quasar,Effect Monster,DARK,Fiend,-1
51570882,Greedy Venom Fusion Dragon,Fusion Monster,DARK,Dragon,3300
46668237,"Green Baboon, Defender of the Forest",Effect Monster,EARTH,Beast,2600
52182715,Green Duston,Effect Monster,WIND,Fiend,0
41172955,Green Gadget,Effect Monster,EARTH,Machine,1400
15198996,Green Ninja,Effect Monster,WIND,Warrior,600
22910685,Green Phantom King,Normal Monster,EARTH,Plant,500
54747648,Green Turtle Summoner,Effect Monster,WATER,Spellcaster,400
61831093,Greenkappa,Flip Effect Monster,DARK,Warrior,650
36584821,Gren Maju Da Eiza,Effect Monster,FIRE,Fiend,-1
51232472,"Gren, Tactician of Dark World",Effect Monster,DARK,Fiend,300
47506081,Grenosaurus,XYZ Monster,FIRE,Dinosaur,2000
34481518,Grenosaurus Giga-Cannon,XYZ Monster,FIRE,Dinosaur,2200
13090893,Grid Sweeper,Effect Monster,LIGHT,Cyberse,100
53829412,Griffore,Normal Monster,EARTH,Beast,1200
95744531,Griggle,Effect Monster,EARTH,Plant,350
75732622,Grinder Golem,Effect Monster,DARK,Fiend,3000
58314394,Ground Attacker Bugroth,Normal Monster,EARTH,Machine,1500
17243896,Ground Spider,Effect Monster,EARTH,Insect,0
45420955,"Groza, Tyrant of Thunder",Synchro Monster,DARK,Fiend,2800
65623423,Gruesome Goo,Normal Monster,WATER,Aqua,1300
24215921,Gruesome Grave Squirmer,Effect Monster,DARK,Fiend,0
57346400,Guard Dog,Flip Effect Monster,EARTH,Beast,1500
56198785,Guard Ghost,Effect Monster,DARK,Zombie,1800
53754104,Guard Mantis,Effect Monster,WIND,Insect,1000
99581584,Guard Penguin,Effect Monster,WATER,Winged Beast,0
68007326,Guardian Angel Joan,Effect Monster,LIGHT,Fairy,2800
73544866,Guardian Baou,Effect Monster,DARK,Fiend,800
10755153,Guardian Ceal,Effect Monster,FIRE,Pyro,1700
11321089,Guardian Chimera,Fusion Monster,DARK,Beast,3300
18175965,Guardian Dreadscythe,Effect Monster,DARK,Fiend,2500
34022290,Guardian Eatos,Effect Monster,WIND,Fairy,2500
74367458,Guardian Elma,Effect Monster,WIND,Fairy,1300
47150851,Guardian Grarl,Effect Monster,EARTH,Dinosaur,2500
9633505,Guardian Kay'est,Effect Monster,WATER,Sea Serpent,1000
33460840,Guardian of Felgrand,Effect Monster,LIGHT,Warrior,500
71799173,Guardian of Order,Effect Monster,LIGHT,Warrior,2500
89272878,Guardian of the Labyrinth,Normal Monster,EARTH,Warrior,1000
47879985,Guardian of the Throne Room,Normal Monster,LIGHT,Machine,1650
15771991,Guardian Slime,Effect Monster,WATER,Aqua,0
40659562,Guardian Sphinx,Effect Monster,EARTH,Rock,1700
75209824,Guardian Statue,Effect Monster,EARTH,Rock,800
46037213,Guardian Tryce,Effect Monster,LIGHT,Thunder,1900
59537380,Guardragon Agarpain,Link Monster,DARK,Dragon,1500
6990577,Guardragon Andrake,Effect Monster,WIND,Dragon,2000
86148577,Guardragon Elpy,Link Monster,DARK,Dragon,1000
43411769,Guardragon Garmides,Effect Monster,EARTH,Dragon,1600
11012154,Guardragon Justicia,Normal Tuner Monster,WATER,Dragon,0
13143275,Guardragon Pisty,Link Monster,DARK,Dragon,1000
79905468,Guardragon Promineses,Effect Monster,FIRE,Dragon,500
54629413,Guerilla Kite,Tuner Monster,FIRE,Fiend,1600
98301564,Guiding Ariadne,Pendulum Effect Monster,LIGHT,Fairy,1700
69865139,Guiding Light,Effect Monster,LIGHT,Fairy,0
45883110,"Guiding Quem, the Virtuous",Tuner Monster,LIGHT,Spellcaster,1500
79724755,Guitar Gurnards Duonigis,Effect Monster,WATER,Sea Serpent,1500
41788781,Guldfaxe of the Nordic Beasts,Tuner Monster,LIGHT,Beast,1600
90207654,Gullveig of the Nordic Ascendant,Link Monster,LIGHT,Fairy,800
38975369,Gundari,Spirit Monster,FIRE,Pyro,1000
4079728,Gung-Ho! Springans!,XYZ Monster,FIRE,Machine,2500
65749035,"Gungnir, Dragon of the Ice Barrier",Synchro Monster,WATER,Dragon,2500
61027400,Gunkan Suship Ikura,Effect Monster,FIRE,Aqua,200
75215744,Gunkan Suship Ikura-class Dreadnought,XYZ Monster,FIRE,Aqua,2200
24639891,Gunkan Suship Shari,Normal Monster,FIRE,Aqua,2000
63748694,Gunkan Suship Shari Red,Effect Monster,FIRE,Aqua,0
78362751,Gunkan Suship Shirauo,Effect Monster,FIRE,Aqua,200
21293424,Gunkan Suship Shirauo-class Carrier,XYZ Monster,FIRE,Aqua,2200
42377643,Gunkan Suship Uni,Effect Monster,FIRE,Aqua,900
94798725,Gunkan Suship Uni-class Super-Dreadnought,XYZ Monster,FIRE,Aqua,2900
2405631,"Guoglim, Spear of the Ghoti",Synchro Monster,WATER,Fish,2700
55762976,Gussari @Ignister,Effect Monster,EARTH,Cyberse,3000
9897998,Gusto Codor,Effect Monster,WIND,Winged Beast,1000
91662792,Gusto Egul,Tuner Monster,WIND,Winged Beast,200
46044841,Gusto Falco,Tuner Monster,WIND,Winged Beast,600
42082363,Gusto Griffin,Effect Monster,WIND,Winged Beast,800
65277087,Gusto Gulldo,Tuner Monster,WIND,Winged Beast,500
336369,Gusto Squirro,Tuner Monster,WIND,Thunder,0
28066831,Gusto Thunbolt,Effect Monster,WIND,Thunder,1500
86277379,Gusto Vedir,Tuner Monster,WIND,Winged Beast,600
19748583,"Gwenhwyfar, Queen of Noble Arms",Effect Monster,LIGHT,Spellcaster,300
9817927,Gyaku-Gire Panda,Effect Monster,EARTH,Beast,800
31122090,Gyakutenno Megami,Normal Monster,LIGHT,Fairy,1800
18325492,Gyroid,Effect Monster,WIND,Machine,1000
18377261,Ha-Re the Sword Mikanko,Effect Monster,FIRE,Warrior,0
97466712,Hack Worm,Effect Monster,DARK,Machine,400
28357177,Hade-Hane,Flip Effect Monster,EARTH,Beast,900
9763474,Haggard Lizardose,Link Monster,WATER,Reptile,800
34137269,"Hailon, the Timelord",Effect Monster,EARTH,Fairy,0
41729254,"Hajun, the Winged Mayakashi",Effect Monster,WIND,Zombie,600
54611591,"Hallo, the Spirit of Tricks",Effect Monster,DARK,Fiend,0
77994337,Hallohallo,Pendulum Tuner Effect Monster,DARK,Fiend,800
44790889,Hammer Bounzer,Effect Monster,EARTH,Warrior,2300
17201174,Hammer Shark,Effect Monster,WATER,Fish,1700
32491822,"Hamon, Lord of Striking Thunder",Effect Monster,LIGHT,Thunder,4000
53270092,Han-Shi Kyudo Spirit,Spirit Monster,WIND,Warrior,2400
98446407,Hand of Nephthys,Effect Monster,WIND,Spellcaster,600
78792195,Hand of the Six Samurai,Effect Monster,FIRE,Warrior,1600
94535485,Hand-Holding Genie,Effect Monster,DARK,Fiend,1000
97904474,Handcuffs Dragon,Effect Monster,WIND,Dragon,1800
97637162,Handigallop,Effect Monster,EARTH,Beast,0
7089711,Hane-Hane,Flip Effect Monster,EARTH,Beast,450
20450925,Hanewata,Tuner Monster,LIGHT,Fairy,200
84285623,Haniwa,Normal Monster,EARTH,Rock,500
5640330,Hannibal Necromancer,Effect Monster,DARK,Spellcaster,1400
47330808,"Hapi, Guidance of Horus",Effect Monster,WIND,Beast-Warrior,2400
99030164,Happy Lover,Normal Monster,LIGHT,Fairy,800
20060230,Hard Armor,Normal Monster,EARTH,Warrior,300
68473226,Hardened Armed Dragon,Effect Monster,EARTH,Dragon,1500
73941492,Harmonizing Magician,Pendulum Tuner Effect Monster,DARK,Spellcaster,0
90238142,Harpie Channeler,Effect Monster,WIND,Winged Beast,1400
85696777,Harpie Conductor,Link Monster,WIND,Winged Beast,1900
68815132,Harpie Dancer,Effect Monster,WIND,Winged Beast,1200
34100324,Harpie Girl,Normal Monster,WIND,Winged Beast,500
56585883,Harpie Harpist,Effect Monster,WIND,Winged Beast,1700
76812113,Harpie Lady,Normal Monster,WIND,Winged Beast,1300
91932350,Harpie Lady 1,Effect Monster,WIND,Winged Beast,1300
27927359,Harpie Lady 2,Effect Monster,WIND,Winged Beast,1300
54415063,Harpie Lady 3,Effect Monster,WIND,Winged Beast,1300
12206212,Harpie Lady Sisters,Effect Monster,WIND,Winged Beast,1950
66386380,Harpie Oracle,Effect Monster,WIND,Winged Beast,1300
39392286,Harpie Perfumer,Effect Monster,WIND,Winged Beast,1400
75064463,Harpie Queen,Effect Monster,WIND,Winged Beast,1900
6924874,Harpie's Pet Baby Dragon,Effect Monster,WIND,Dragon,1200
52040216,Harpie's Pet Dragon,Effect Monster,WIND,Dragon,2000
4991081,Harpie's Pet Dragon - Fearsome Fire Blast,Effect Monster,WIND,Dragon,2000
85909450,Harpie's Pet Phantasmal Dragon,XYZ Monster,WIND,Dragon,2000
68199168,"Harr, Generaider Boss of Storms",Effect Monster,DARK,Spellcaster,3000
31987203,Harvest Angel of Doom,Pendulum Effect Monster,DARK,Fairy,1800
85399281,Harvest Angel of Wisdom,Effect Monster,LIGHT,Fairy,1800
21015833,Hayabusa Knight,Effect Monster,EARTH,Warrior,1000
7443908,Hayate the Earth Star,Effect Monster,EARTH,Warrior,2100
23776077,Hazy Flame Basiltrice,XYZ Monster,FIRE,Pyro,2500
38525760,Hazy Flame Cerbereus,Effect Monster,FIRE,Beast,2000
74010769,Hazy Flame Griffin,Effect Monster,FIRE,Winged Beast,200
8696773,Hazy Flame Hydra,Effect Monster,FIRE,Dinosaur,2300
31303283,Hazy Flame Hyppogrif,Effect Monster,FIRE,Pyro,2100
96051150,Hazy Flame Mantikor,Effect Monster,FIRE,Winged Beast,2200
37803172,Hazy Flame Peryton,Effect Monster,FIRE,Pyro,1600
1409474,Hazy Flame Sphynx,Effect Monster,FIRE,Beast-Warrior,1900
5434080,Headless Knight,Normal Monster,EARTH,Fiend,1450
31281980,Healing Wave Generator,Effect Monster,LIGHT,Machine,800
73129314,Heart of Gaia,Effect Monster,EARTH,Warrior,2300
54475145,Heart of the Blue-Eyes,Effect Monster,LIGHT,Dragon,3000
17063599,Heavenly Zephyr - Miradora,Effect Monster,WIND,Dragon,2000
49121795,Heavy Armored Train Ironwolf,XYZ Monster,EARTH,Machine,2200
14357527,Heavy Beetrooper Mighty Neptune,Effect Monster,EARTH,Insect,3000
50123605,Heavy Cavalry of the Indestructible Insects,Fusion Monster,EARTH,Insect,2500
13647631,Heavy Freight Train Derricrane,Effect Monster,EARTH,Machine,2800
34761062,Heavy Knight of the Flame,Gemini Monster,FIRE,Zombie,1800
39890958,Heavy Mech Support Armor,Union Effect Monster,LIGHT,Machine,500
23265594,Heavy Mech Support Platform,Union Effect Monster,DARK,Machine,500
61728808,Heavymetalfoes Amalgam,Link Monster,FIRE,Psychic,2000
24094258,Heavymetalfoes Electrumite,Link Monster,FIRE,Psychic,1800
90365482,"Hebo, Lord of the River",Spirit Monster,WATER,Aqua,1800
21637502,Hecahands Breus,Effect Monster,DARK,Illusion,2800
31411835,Hecahands Dandalos,Fusion Monster,DARK,Illusion,2900
95132593,Hecahands Gaigas,Effect Monster,DARK,Illusion,1200
68144894,Hecahands Godos,Effect Monster,DARK,Illusion,2300
95365081,Hecahands Ibtel,Effect Monster,LIGHT,Illusion,1600
67021206,Hecahands Jauzah,Fusion Monster,LIGHT,Illusion,2400
18321034,Hecahands Mankibuel,Effect Monster,LIGHT,Illusion,1850
94410955,Hecahands Xeno,Fusion Monster,DARK,Illusion,3400
32759190,Hecahands Yadel,Effect Monster,LIGHT,Illusion,2100
74968065,Hecatrice,Effect Monster,LIGHT,Fairy,1500
59042331,Hedge Guard,Effect Monster,EARTH,Plant,0
75660578,"Hela, Generaider Boss of Doom",Effect Monster,DARK,Zombie,800
54493213,Helios - The Primordial Sun,Effect Monster,LIGHT,Pyro,-1
80887952,Helios Duo Megistus,Effect Monster,LIGHT,Pyro,-1
17286057,Helios Trice Megistus,Effect Monster,LIGHT,Pyro,-1
51043053,Heliosphere Dragon,Effect Monster,LIGHT,Dragon,0
60880471,Hellebore the Rikka Fairy,Effect Monster,WATER,Plant,2600
67466547,"Helmer, Helmsman Fur Hire",Effect Monster,WATER,Aqua,0
47025270,Helping Robo for Combat,Effect Monster,LIGHT,Machine,1600
76052811,Helpoemer,Effect Monster,DARK,Fiend,2000
92079625,Helshaddoll Hollow,Flip Effect Monster,FIRE,Fiend,2900
8963089,Heosvarog the Mechanical Dawn,Fusion Monster,LIGHT,Machine,0
66337215,Herald of Creation,Effect Monster,LIGHT,Spellcaster,1800
21074344,Herald of Green Light,Effect Monster,LIGHT,Fairy,300
46935289,Herald of Mirage Lights,Link Monster,LIGHT,Fairy,600
17266660,Herald of Orange Light,Tuner Monster,LIGHT,Fairy,300
44665365,Herald of Perfection,Ritual Effect Monster,LIGHT,Fairy,1800
1249315,Herald of Pure Light,XYZ Monster,LIGHT,Fairy,600
94689635,Herald of Purple Light,Effect Monster,LIGHT,Fairy,300
79606837,Herald of the Arc Light,Synchro Monster,LIGHT,Fairy,600
48546368,Herald of Ultimateness,Ritual Effect Monster,LIGHT,Fairy,2000
60316373,Heraldic Beast Aberconway,Effect Monster,WIND,Dragon,1800
87255382,Heraldic Beast Amphisbaena,Effect Monster,WIND,Dragon,1700
56921677,Heraldic Beast Basilisk,Effect Monster,EARTH,Beast,1000
96704018,Heraldic Beast Berners Falcon,Effect Monster,WIND,Winged Beast,1000
82315772,Heraldic Beast Eale,Effect Monster,EARTH,Beast,1000
60268386,Heraldic Beast Gryphon,Effect Monster,WIND,Winged Beast,1600
82293134,Heraldic Beast Leo,Effect Monster,EARTH,Beast,2000
97662494,Heraldic Beast Stad Whale,Effect Monster,WATER,Fish,900
19310321,Heraldic Beast Twin-Headed Eagle,Effect Monster,WIND,Winged Beast,1200
45705025,Heraldic Beast Unicorn,Effect Monster,LIGHT,Beast,1100
52584282,Hercules Beetle,Normal Monster,EARTH,Insect,1500
76078185,Heretical Phobos Covos,XYZ Monster,DARK,Illusion,2100
90743290,Hermit of Prophecy,Effect Monster,EARTH,Spellcaster,1200
32679370,Hero Kid,Effect Monster,EARTH,Warrior,300
30676200,Hero of the Ashened City,Effect Monster,DARK,Pyro,2600
89987208,Hero of the East,Normal Monster,EARTH,Warrior,1100
92609670,Heroic Challenger - Ambush Soldier,Effect Monster,EARTH,Warrior,0
65848811,Heroic Challenger - Assault Halberd,Effect Monster,EARTH,Warrior,1800
28194325,Heroic Challenger - Clasp Sword,Effect Monster,EARTH,Warrior,300
89774530,Heroic Challenger - Double Lance,Effect Monster,EARTH,Warrior,1700
34143852,Heroic Challenger - Extra Sword,Effect Monster,EARTH,Warrior,1000
71549257,Heroic Challenger - Knuckle Sword,Effect Monster,EARTH,Warrior,600
18548966,Heroic Challenger - Morning Star,Effect Monster,EARTH,Warrior,1500
61132951,Heroic Challenger - Night Watchman,Effect Monster,EARTH,Warrior,1200
50491121,Heroic Challenger - Spartan,Effect Monster,EARTH,Warrior,1600
52370835,Heroic Challenger - Swordshield,Effect Monster,EARTH,Warrior,0
1833916,Heroic Challenger - Thousand Blades,Effect Monster,EARTH,Warrior,1300
26885836,Heroic Challenger - War Hammer,Effect Monster,EARTH,Warrior,2100
97453744,Heroic Champion - Claivesolish,XYZ Monster,LIGHT,Warrior,2500
60645181,Heroic Champion - Excalibur,XYZ Monster,LIGHT,Warrior,2000
48009503,Heroic Champion - Gandiva,XYZ Monster,EARTH,Warrior,2100
23848752,Heroic Champion - Jarngreipr,XYZ Monster,EARTH,Warrior,700
74593218,Heroic Champion - Kusanagi,XYZ Monster,EARTH,Warrior,2500
14301396,Heroic Champion - Magnum Excalibur,XYZ Monster,LIGHT,Warrior,2000
70703416,Hexa Spirit of the Ice Barrier,Tuner Monster,WATER,Sea Serpent,400
46294982,Hexe Trude,Effect Monster,DARK,Spellcaster,2600
42110604,Hi-Speedroid Chanbara,Synchro Monster,WIND,Machine,2000
86154370,Hi-Speedroid Clear Wing Rider,Synchro Monster,WIND,Machine,3500
23361526,Hi-Speedroid Cork Shooter,Synchro Tuner Monster,WIND,Machine,500
10732060,Hi-Speedroid Glider #2,Synchro Tuner Monster,WIND,Machine,1600
21516908,Hi-Speedroid Hagoita,Synchro Monster,WIND,Machine,2000
97007933,Hi-Speedroid Kendama,Synchro Monster,WIND,Machine,2200
5772618,Hi-Speedroid Kitedrake,Synchro Monster,WIND,Machine,3000
86943389,Hi-Speedroid Puzzle,Synchro Monster,WIND,Machine,1300
72813401,Hi-Speedroid Rubber Band Shooter,Link Monster,WIND,Machine,1000
69109764,Hibernation Dragon,Effect Monster,DARK,Dragon,600
64501875,Hibikime,Normal Monster,EARTH,Warrior,1450
82260502,Hieracosphinx,Effect Monster,EARTH,Rock,2400
27337596,Hieratic Dragon King of Atum,XYZ Monster,LIGHT,Dragon,2400
30794966,Hieratic Dragon of Asar,Effect Monster,LIGHT,Dragon,2600
4022819,Hieratic Dragon of Eset,Effect Monster,LIGHT,Dragon,1900
78033100,Hieratic Dragon of Gebeb,Effect Monster,LIGHT,Dragon,1800
31516413,Hieratic Dragon of Nebthet,Effect Monster,LIGHT,Dragon,2000
41639001,Hieratic Dragon of Nuit,Effect Monster,LIGHT,Dragon,1700
3300267,Hieratic Dragon of Su,Effect Monster,LIGHT,Dragon,2200
66789970,Hieratic Dragon of Sutekh,Effect Monster,LIGHT,Dragon,2800
77901552,Hieratic Dragon of Tefnuit,Effect Monster,LIGHT,Dragon,2100
64514622,Hieratic Seal of the Dragon King,Gemini Monster,LIGHT,Dragon,0
24361622,Hieratic Seal of the Heavenly Spheres,Link Monster,LIGHT,Dragon,0
13140300,Hieratic Seal of the Sun Dragon Overlord,Normal Monster,LIGHT,Dragon,0
3292267,Hieratic Sky Dragon Overlord of Heliopolis,XYZ Monster,LIGHT,Dragon,3000
64332231,Hieratic Sun Dragon Overlord of Heliopolis,XYZ Monster,LIGHT,Dragon,3000
92918648,Hierophant of Prophecy,XYZ Monster,DARK,Spellcaster,2800
86585274,High Priestess of Prophecy,Effect Monster,LIGHT,Spellcaster,2500
54579801,High Tide Gyojin,Normal Monster,WATER,Aqua,1650
11248645,Highness Archfiend,Effect Monster,LIGHT,Fiend,1000
76615300,Hiita the Fire Channeler,Effect Monster,FIRE,Spellcaster,1850
759393,Hiita the Fire Charmer,Flip Effect Monster,FIRE,Spellcaster,500
48815792,"Hiita the Fire Charmer, Ablaze",Link Monster,FIRE,Spellcaster,1850
71459017,Hinezumi Hanabi,Effect Monster,FIRE,Beast,2000
75745607,Hino-Kagu-Tsuchi,Spirit Monster,FIRE,Pyro,2800
96851799,Hinotama Soul,Normal Monster,FIRE,Pyro,600
7778726,Hip Hoshiningen,Link Monster,LIGHT,Fairy,1400
81863068,Hiro's Shadow Scout,Flip Effect Monster,DARK,Fiend,650
46718686,Hitodenchak,Normal Monster,WATER,Aqua,600
76184692,Hitotsu-Me Giant,Normal Monster,EARTH,Beast-Warrior,1200
41306080,Hiyari @Ignister,Effect Monster,WATER,Cyberse,300
88919365,Hojo the Vaylantz Warrior,Pendulum Effect Monster,WATER,Spellcaster,1900
43730887,Holding Arms,Effect Monster,DARK,Fiend,500
70124586,Holding Legs,Effect Monster,DARK,Fiend,800
51548207,Hollowrokket Dragon,Effect Monster,DARK,Dragon,2400
10859908,Holograh,Normal Monster,EARTH,Machine,1100
40410110,Homunculus the Alchemic Being,Effect Monster,LIGHT,Plant,1800
37742478,Honest,Effect Monster,LIGHT,Fairy,1100
34472920,Honeybot,Link Monster,LIGHT,Cyberse,1900
1980574,Hop Ear Squadron,Tuner Monster,WIND,Beast,300
69669405,Horn Imp,Normal Monster,DARK,Fiend,1300
34149150,Horned Brute Carnovorus,Synchro Tuner Monster,FIRE,Dinosaur,2000
86239173,Horned Saurus,Fusion Monster,DARK,Dinosaur,2000
71736213,Horse of the Floral Knights,Effect Monster,WIND,Beast,400
82994509,Horseytail,Effect Monster,WIND,Plant,400
99307040,Horus the Black Flame Deity,Effect Monster,FIRE,Dragon,3000
75830094,Horus the Black Flame Dragon LV4,Effect Monster,FIRE,Dragon,1600
11224103,Horus the Black Flame Dragon LV6,Effect Monster,FIRE,Dragon,2300
48229808,Horus the Black Flame Dragon LV8,Effect Monster,FIRE,Dragon,3000
9264485,Horus' Servant,Effect Monster,FIRE,Beast-Warrior,100
67629977,Hoshiningen,Effect Monster,LIGHT,Fairy,500
39765958,Hot Red Dragon Archfiend,Synchro Monster,DARK,Dragon,3000
9753964,Hot Red Dragon Archfiend Abyss,Synchro Monster,DARK,Dragon,3200
36857073,Hot Red Dragon Archfiend Bane,Synchro Monster,DARK,Dragon,3500
62242678,Hot Red Dragon Archfiend King Calamity,Synchro Monster,DARK,Dragon,4000
13510157,Hound of the Tistina,Effect Monster,EARTH,Aqua,1800
43530283,Hourglass of Courage,Effect Monster,LIGHT,Fairy,1100
8783685,Hourglass of Life,Normal Monster,LIGHT,Fairy,700
41232647,House Dragonmaid,Fusion Monster,LIGHT,Dragon,3000
40343749,House Duston,Effect Monster,LIGHT,Fiend,0
93107608,Howling Insect,Effect Monster,EARTH,Insect,1200
49105782,"Hraesvelgr, the Desperate Doom Eagle",Link Monster,WIND,Winged Beast,2400
49904658,Hrimnir the Divine Follower,Effect Monster,LIGHT,Fairy,2200
15028680,HTS Psyhemuth,Synchro Monster,EARTH,Psychic,2400
6327734,Hu-Li the Jewel Mikanko,Effect Monster,WIND,Psychic,0
55990317,Hugin the Runick Wings,Fusion Monster,LIGHT,Fairy,0
46821314,Humanoid Slime,Normal Monster,WATER,Aqua,800
5600127,Humanoid Worm Drake,Fusion Monster,WATER,Aqua,2200
90098780,Humhumming the Key Djinn,XYZ Monster,WATER,Fiend,1100
9627468,Humongous Hive Hegemon - Zexstagger,Effect Monster,WIND,Insect,1500
71415349,Humpty Grumpty,Effect Monster,DARK,Zombie,1400
90788081,Hundred Dragon,Effect Monster,WIND,Dragon,1800
95453143,Hundred Eyes Dragon,Synchro Monster,DARK,Dragon,3000
36029076,Hundred-Footed Horror,Effect Monster,DARK,Insect,2600
30243636,Hungry Burger,Ritual Monster,DARK,Warrior,2000
96005454,Hunter Dragon,Normal Monster,DARK,Dragon,1700
73018302,Hunter of Black Feathers,Effect Monster,LIGHT,Beast-Warrior,1700
51962254,Hunter Owl,Effect Monster,WIND,Winged Beast,1000
80141480,Hunter Spider,Normal Monster,EARTH,Insect,1600
15042735,Hurricail,Normal Monster,WIND,Spellcaster,900
25343017,Hushed Psychic Cleric,Effect Monster,EARTH,Psychic,0
36218106,Hushed Psychic Minister,Effect Monster,EARTH,Psychic,0
37869028,Hydra Viper,Effect Monster,WATER,Reptile,1800
93953933,Hydralander Orbit,Effect Monster,DARK,Machine,0
47421985,Hydro Genex,Synchro Monster,WATER,Machine,2300
22587018,Hydrogeddon,Effect Monster,WATER,Dinosaur,1600
90315086,Hydrojet Shark,Effect Monster,WATER,Fish,1000
82176812,"Hydrotortoise, the Empowered Warrior",Flip Effect Monster,WATER,Warrior,1400
22873798,Hyena,Effect Monster,EARTH,Beast,1000
38982356,Hyo,Normal Monster,WATER,Warrior,800
2118022,Hyosube,Normal Monster,WATER,Aqua,1500
62397231,Hyozanryu,Normal Monster,LIGHT,Dragon,2100
2671330,Hyper Hammerhead,Effect Monster,EARTH,Dinosaur,1500
95526884,Hyper Psychic Blaster,Synchro Monster,EARTH,Psychic,3000
37169670,Hyper Psychic Blaster/Assault Mode,Effect Monster,EARTH,Psychic,3500
99115354,Hyper Psychic Riser,Synchro Monster,EARTH,Psychic,2000
40348946,Hyper Synchron,Tuner Monster,LIGHT,Machine,1600
10532969,Hyper-Ancient Shark Megalodon,Effect Monster,WATER,Fish,2900
20351153,Hypnocorn,Effect Monster,DARK,Beast,1400
22200403,Hypnosister,Effect Monster,WIND,Psychic,1300
21297224,Hysteric Fairy,Effect Monster,LIGHT,Fairy,1800
65741786,I:P Masquerena,Link Monster,DARK,Cyberse,800
71768839,I.A.S. -Invasive Alien Species-,Effect Monster,LIGHT,Reptile,1600
94677445,Ib the World Chalice Justiciar,Synchro Tuner Monster,WATER,Spellcaster,1800
77610772,Ib the World Chalice Priestess,Link Monster,WATER,Spellcaster,1800
62411042,Ibicella Lutea,Effect Monster,EARTH,Plant,1800
86848580,Ice Beast Zerofyne,XYZ Monster,WATER,Winged Beast,2000
97476032,Ice Doll,Effect Monster,WATER,Spellcaster,800
95929069,Ice Hand,Effect Monster,WATER,Aqua,1400
99328137,Ice Knight,Effect Monster,WATER,Aqua,1300
32750510,Ice Master,Effect Monster,WATER,Spellcaster,2500
13183454,Ice Princess Zereort,XYZ Monster,WATER,Winged Beast,2500
14462257,Ice Queen,Effect Monster,WATER,Spellcaster,2900
8633261,Ice Ryzeal,Effect Monster,LIGHT,Pyro,1700
20848593,Ice Water,Normal Monster,WATER,Aqua,1150
82777208,Icejade Acti,Effect Monster,WATER,Aqua,1000
39354437,Icejade Aegirine,Effect Monster,WATER,Aqua,1000
1295442,Icejade Creation Aegirocassis,Tuner Monster,WATER,Aqua,2000
66749546,Icejade Creation Kingfisher,Effect Monster,WATER,Aqua,2500
86682165,Icejade Gymir Aegirine,Synchro Monster,WATER,Aqua,3000
3355732,Icejade Kosmochlor,Effect Monster,WATER,Aqua,1500
18494511,Icejade Ran Aegirine,Tuner Monster,WATER,Aqua,1500
28762303,Icejade Tinola,Effect Monster,WATER,Aqua,1000
55151012,Icejade Tremora,Effect Monster,WATER,Aqua,1500
9627299,Ichiki Sayori-Hime,Spirit Monster,LIGHT,Fairy,800
96220350,Idaten the Conqueror Star,Fusion Monster,LIGHT,Warrior,3000
35984222,Ido the Supreme Magical Force,Effect Monster,DARK,Fiend,2200
67273917,Igknight Cavalier,Pendulum Normal Monster,FIRE,Warrior,2400
59785059,Igknight Champion,Effect Monster,FIRE,Warrior,2800
61639289,Igknight Crusader,Pendulum Normal Monster,FIRE,Warrior,1600
96802306,Igknight Gallant,Pendulum Normal Monster,FIRE,Warrior,2100
23296404,Igknight Lancer,Effect Monster,FIRE,Warrior,2600
50407691,Igknight Margrave,Pendulum Normal Monster,FIRE,Warrior,1500
24019092,Igknight Paladin,Pendulum Normal Monster,FIRE,Warrior,1400
24131534,Igknight Squire,Pendulum Normal Monster,FIRE,Warrior,0
97024987,Igknight Templar,Pendulum Normal Monster,FIRE,Warrior,1700
93662626,Igknight Veteran,Pendulum Normal Monster,FIRE,Warrior,1300
22499034,"Ignis Heat, the True Dracowarrior",Effect Monster,FIRE,Wyrm,2400
56347375,"Ignis Phoenix, the Dracoslayer",Pendulum Effect Monster,FIRE,Warrior,1700
18239909,"Ignister Prominence, the Blasting Dracoslayer",Synchro Monster,FIRE,Dragon,2850
10365322,Ignition Beast Volcannon,Fusion Monster,EARTH,Machine,2300
95772051,Ignoble Knight of Black Laundsallyn,Effect Monster,DARK,Warrior,2000
83519853,Ignoble Knight of High Laundsallyn,Synchro Monster,DARK,Warrior,2100
75888208,"Ikelos, the Dream Mirror Mara",Effect Monster,DARK,Fairy,500
49389190,"Ikelos, the Dream Mirror Sprite",Effect Monster,LIGHT,Fairy,0
70595331,Il Blud,Gemini Monster,DARK,Zombie,2100
81686058,Ill Witch,Normal Monster,LIGHT,Spellcaster,1600
42198835,Illegal Knight,Effect Monster,DARK,Fiend,2000
12266229,Illusion of Chaos,Ritual Effect Monster,DARK,Spellcaster,2100
28546905,Illusionist Faceless Mage,Normal Monster,DARK,Spellcaster,1200
15173384,Illusionist Faceless Magician,Effect Monster,DARK,Spellcaster,1200
35073065,Illusory Snatcher,Effect Monster,DARK,Fiend,2400
41952656,Imairuka,Effect Monster,WATER,Sea Serpent,1000
31226177,Imduk the World Chalice Dragon,Link Monster,WIND,Dragon,800
91575236,Immortal Dragon,Synchro Tuner Monster,DARK,Zombie,500
22091647,Immortal Phoenix Gearfried,Effect Monster,FIRE,Warrior,3000
32485518,Immortal Ruler,Effect Monster,EARTH,Zombie,1800
18474999,Impcantation Bookstone,Effect Monster,DARK,Spellcaster,0
53303460,Impcantation Candoll,Effect Monster,LIGHT,Pyro,0
65877963,Impcantation Chalislime,Ritual Effect Monster,DARK,Aqua,2500
82085295,Impcantation Penciplume,Effect Monster,LIGHT,Psychic,0
80701178,Impcantation Talismandra,Effect Monster,DARK,Plant,0
56673112,Imperial Bower,Effect Monster,LIGHT,Warrior,1500
29510428,Imperial Princess Quinquery,XYZ Monster,DARK,Cyberse,1200
4628897,Imperion Magnum the Superconductive Battlebot,Fusion Monster,EARTH,Rock,4000
52248570,Imprisoned Queen Archfiend,Effect Monster,DARK,Fiend,2600
84941194,"Imsety, Glory of Horus",Effect Monster,DARK,Spellcaster,3000
77084837,Inaba White Rabbit,Spirit Monster,EARTH,Beast,700
62953041,Inari Fire,Effect Monster,FIRE,Pyro,1500
55273560,"Incredible Ecclesia, the Virtuous",Tuner Monster,LIGHT,Spellcaster,1500
16699558,Indigo-Eyes Silver Dragon,XYZ Monster,LIGHT,Dragon,4000
3775068,Indiora Doom Volt the Cubic Emperor,Effect Monster,LIGHT,Fairy,0
84173492,Indomitable Fighter Lei Lei,Effect Monster,EARTH,Beast-Warrior,2300
82773292,Indulged Darklord,Effect Monster,DARK,Fairy,1600
47754278,Infernal Dragon,Effect Monster,DARK,Dragon,2000
29423048,Infernal Flame Banshee,XYZ Monster,FIRE,Pyro,1700
19847532,Infernal Flame Emperor,Effect Monster,FIRE,Pyro,2700
58712976,Infernal Flame Vixen,XYZ Monster,FIRE,Pyro,2200
23309606,Infernal Incinerator,Effect Monster,FIRE,Fiend,2800
8581705,Infernalqueen Archfiend,Effect Monster,FIRE,Fiend,900
27882993,Infernalqueen Salmon,Effect Monster,WATER,Fish,2400
18724123,Infernity Archer,Effect Monster,DARK,Fiend,2000
99177923,Infernity Archfiend,Effect Monster,DARK,Fiend,1800
85475641,Infernity Avenger,Tuner Monster,DARK,Fiend,0
7264861,Infernity Beast,Effect Monster,DARK,Beast,1600
49080532,Infernity Beetle,Tuner Monster,DARK,Insect,1200
48144778,Infernity Conjurer,Effect Monster,DARK,Fiend,1200
98954375,Infernity Destroyer,Effect Monster,DARK,Fiend,2300
38904695,Infernity Doom Archfiend,Synchro Monster,DARK,Fiend,2200
72896720,Infernity Doom Dragon,Synchro Monster,DARK,Dragon,3000
25171661,Infernity Dwarf,Effect Monster,DARK,Warrior,800
17502671,Infernity General,Effect Monster,DARK,Fiend,2700
51566770,Infernity Guardian,Effect Monster,DARK,Fiend,1200
71341529,Infernity Knight,Effect Monster,DARK,Fiend,1400
86197239,Infernity Mirage,Effect Monster,DARK,Fiend,0
56209279,Infernity Necromancer,Effect Monster,DARK,Fiend,0
54320860,Infernity Patriarch,Effect Monster,DARK,Fiend,1000
82434071,Infernity Pawn,Effect Monster,DARK,Fiend,0
53246495,Infernity Queen,Effect Monster,DARK,Fiend,300
13582837,Infernity Randomizer,Effect Monster,DARK,Warrior,900
46435376,Infernity Sage,Tuner Monster,DARK,Fiend,400
74148483,Infernity Wildcat,Tuner Monster,DARK,Fiend,1400
74823665,Inferno,Effect Monster,FIRE,Pyro,1100
17185260,Inferno Hammer,Effect Monster,DARK,Fiend,2400
56824871,Infernoble Knight - Renaud,Effect Monster,FIRE,Warrior,500
81570454,Infernoble Knight - Roland,Effect Monster,FIRE,Warrior,500
95953557,Infernoble Knight Astolfo,Effect Monster,FIRE,Warrior,500
65398390,Infernoble Knight Captain Oliver,Synchro Monster,FIRE,Warrior,2000
40251688,Infernoble Knight Captain Roland,Synchro Tuner Monster,FIRE,Warrior,2000
77656797,Infernoble Knight Emperor Charles,Synchro Monster,FIRE,Warrior,3000
94730900,Infernoble Knight Maugis,Effect Monster,FIRE,Warrior,1500
21351206,Infernoble Knight Ogier,Effect Monster,FIRE,Warrior,1500
58346901,Infernoble Knight Oliver,Tuner Monster,FIRE,Warrior,1000
53404966,Infernoble Knight Ricciardetto,Tuner Monster,FIRE,Warrior,500
89809665,Infernoble Knight Turpin,Effect Monster,FIRE,Warrior,1400
26034577,Infernoid Antra,Effect Monster,FIRE,Fiend,0
88301393,Infernoid Attondel,Effect Monster,FIRE,Fiend,2800
58446973,Infernoid Decatron,Tuner Monster,FIRE,Fiend,500
23440231,Infernoid Devyaty,Effect Monster,FIRE,Fiend,2900
97051536,Infernoid Evil,Fusion Monster,FIRE,Fiend,1100
34446231,Infernoid Flood,Link Monster,FIRE,Fiend,3000
52038272,Infernoid Harmadik,Effect Monster,FIRE,Fiend,1600
14799437,Infernoid Onuncu,Effect Monster,FIRE,Fiend,3000
89423971,Infernoid Patrulea,Effect Monster,FIRE,Fiend,1800
25811989,Infernoid Piaty,Effect Monster,FIRE,Fiend,2200
60551528,Infernoid Pirmais,Effect Monster,FIRE,Fiend,0
51316684,Infernoid Seitsemas,Effect Monster,FIRE,Fiend,2600
96055137,Infernoid Sjette,Effect Monster,FIRE,Fiend,2400
82734805,Infernoid Tierra,Fusion Monster,FIRE,Fiend,3400
39078434,Infinite Antlion,Effect Monster,EARTH,Insect,1200
62034800,Infinitrack Anchor Drill,Effect Monster,EARTH,Machine,1800
76830505,Infinitrack Brutal Dozer,Effect Monster,EARTH,Machine,1900
98439949,Infinitrack Crab Crane,Effect Monster,EARTH,Machine,2100
34923554,Infinitrack Drag Shovel,Effect Monster,EARTH,Machine,1500
97584719,Infinitrack Earth Slicer,XYZ Monster,EARTH,Machine,3100
69073023,Infinitrack Fortress Megaclops,Link Monster,EARTH,Machine,4000
23689428,Infinitrack Goliath,Link Monster,EARTH,Machine,1000
35645105,Infinitrack Harvester,Effect Monster,EARTH,Machine,0
60195675,Infinitrack Mountain Smasher,XYZ Monster,EARTH,Machine,2100
24701066,Infinitrack River Stormer,XYZ Monster,EARTH,Machine,2500
5205146,Infinitrack Road Roller,Effect Monster,EARTH,Machine,2100
61912252,Infinitrack Trencher,Effect Monster,EARTH,Machine,500
97316367,Infinitrack Tunneller,Effect Monster,EARTH,Machine,2200
76520646,Infinity Dark,Gemini Monster,DARK,Fiend,1500
54936498,Influence Dragon,Tuner Monster,WIND,Dragon,300
4941482,Informer Spider,Effect Monster,EARTH,Insect,500
79575620,Injection Fairy Lily,Effect Monster,EARTH,Spellcaster,400
39703254,Inmato,Effect Monster,DARK,Plant,1400
97923414,Inpachi,Normal Monster,EARTH,Machine,1600
35052053,Insect Knight,Normal Monster,EARTH,Insect,1900
37957847,Insect Princess,Effect Monster,WIND,Insect,1900
91512835,Insect Queen,Effect Monster,EARTH,Insect,2200
7019529,Insect Soldiers of the Sky,Effect Monster,WIND,Insect,1000
15397015,Inspector Boarder,Effect Monster,LIGHT,Machine,2000
19113101,Interceptomato,Effect Monster,EARTH,Plant,800
14729426,"Interplanetary Invader ""A""",Effect Monster,LIGHT,Reptile,0
80208323,Interplanetarypurplythorny Beast,Effect Monster,DARK,Beast,1100
25206027,Interplanetarypurplythorny Dragon,Effect Monster,DARK,Dragon,2200
2414168,Interrupt Resistor,Effect Monster,LIGHT,Cyberse,0
28450915,Invader from Another Dimension,Normal Monster,DARK,Fiend,950
56647086,Invader of Darkness,Effect Monster,DARK,Fiend,2900
3056267,Invader of the Throne,Flip Effect Monster,EARTH,Warrior,1350
26082229,Invasion of Flames,Effect Monster,FIRE,Pyro,1300
52675689,Invitation to a Dark Sleep,Effect Monster,DARK,Spellcaster,1500
97300502,Invoked Augoeides,Fusion Monster,LIGHT,Fairy,2000
13529466,Invoked Caliga,Fusion Monster,DARK,Beast,1000
85908279,Invoked Cocytus,Fusion Monster,WATER,Dragon,1800
11270236,Invoked Elysium,Fusion Monster,LIGHT,Fairy,3200
48791583,Invoked Magellanica,Fusion Monster,EARTH,Rock,3000
38423248,Invoked Magistus Omega,Fusion Monster,DARK,Beast,2800
75286621,Invoked Mechaba,Fusion Monster,LIGHT,Machine,2500
12307878,Invoked Purgatrio,Fusion Monster,FIRE,Fiend,2300
49513164,Invoked Raidjin,Fusion Monster,WIND,Warrior,2200
95395761,Inzektor Ant,Effect Monster,DARK,Insect,200
21790410,Inzektor Centipede,Effect Monster,DARK,Insect,1600
68184115,Inzektor Dragonfly,Effect Monster,DARK,Insect,1000
38450736,Inzektor Earwig,Effect Monster,DARK,Insect,1000
44505297,Inzektor Exa-Beetle,XYZ Monster,DARK,Insect,1000
26211048,Inzektor Exa-Stag,XYZ Monster,DARK,Insect,800
66066482,Inzektor Firefly,Effect Monster,DARK,Insect,100
65844845,Inzektor Giga-Cricket,Effect Monster,DARK,Insect,2000
94573223,Inzektor Giga-Mantis,Effect Monster,DARK,Insect,2400
21977828,Inzektor Giga-Weevil,Effect Monster,DARK,Insect,0
52601736,Inzektor Hopper,Effect Monster,DARK,Insect,1700
69207766,Inzektor Hornet,Effect Monster,DARK,Insect,500
2461031,Inzektor Ladybug,Effect Monster,DARK,Insect,500
97273514,Inzektor Picofalena,Link Monster,DARK,Insect,1000
70744296,Ipiria,Effect Monster,EARTH,Reptile,500
9628664,"Iris, the Earth Mother",Effect Monster,LIGHT,Fairy,2400
73431236,Iron Blacksmith Kotetsu,Flip Effect Monster,FIRE,Beast-Warrior,500
26157485,Iron Chain Blaster,Effect Monster,EARTH,Warrior,1100
53152590,Iron Chain Coil,Tuner Monster,EARTH,Machine,1100
19974580,Iron Chain Dragon,Synchro Monster,EARTH,Dragon,2500
53274132,Iron Chain Repairman,Effect Monster,EARTH,Warrior,1600
80769747,Iron Chain Snake,Effect Monster,EARTH,Reptile,800
46247282,Iron Dragon Tiamaton,Effect Monster,DARK,Dragon,2000
41916534,Iron Hans,Effect Monster,EARTH,Warrior,1200
73405179,Iron Knight,Effect Monster,EARTH,Warrior,1700
79185500,Ironhammer the Giant,Effect Monster,EARTH,Rock,900
4042268,Island Turtle,Normal Monster,WATER,Aqua,1100
22657402,"Isolde, Belle of the Underworld",Effect Monster,DARK,Zombie,1000
59934749,"Isolde, Two Tales of the Noble Knights",Link Monster,LIGHT,Warrior,1600
3137279,"Ixeep, Omen of the Ghoti",Effect Monster,WATER,Fish,1500
6544078,Izanagi,Effect Monster,WIND,Fairy,2200
43543777,Izanami,Spirit Monster,WATER,Fairy,1100
36539330,Jabbing Panda,Effect Monster,WATER,Beast-Warrior,1500
23850421,Jack Wyvern,Effect Monster,DARK,Machine,1800
36016907,Jack-o-Bolan,Effect Monster,FIRE,Zombie,1500
90876561,Jack's Knight,Normal Monster,LIGHT,Warrior,1900
44364207,Jade Knight,Effect Monster,LIGHT,Machine,1000
96235275,"Jain, Lightsworn Paladin",Effect Monster,LIGHT,Warrior,1800
84673417,"Jain, Twilightsworn General",Effect Monster,DARK,Warrior,1800
96287685,Jar Turtle,Effect Monster,WATER,Reptile,200
26932788,Javelin Beetle,Ritual Monster,EARTH,Insect,2450
50532786,Jawsman,Effect Monster,WATER,Beast-Warrior,2600
14851496,Jellyfish,Normal Monster,WATER,Aqua,1200
83725008,"Jenis, Lightsworn Mender",Effect Monster,LIGHT,Spellcaster,300
23635815,Jerry Beans Man,Normal Monster,EARTH,Plant,1750
8487449,Jester Confit,Effect Monster,DARK,Spellcaster,0
72992744,Jester Lord,Effect Monster,DARK,Spellcaster,0
9742784,Jet Synchron,Tuner Monster,FIRE,Machine,500
286392,Jet Warrior,Synchro Monster,FIRE,Warrior,2100
43697559,Jetroid,Effect Monster,WIND,Machine,1200
25935625,"Jiaotu, Darkness of the Yang Zing",Tuner Monster,DARK,Wyrm,0
40894584,Jigabyte,Effect Monster,WATER,Reptile,1500
90020065,Jigen Bakudan,Flip Effect Monster,FIRE,Pyro,200
77585513,Jinzo,Effect Monster,DARK,Machine,2400
51916032,Jinzo - Jector,Effect Monster,DARK,Machine,800
99666430,Jinzo - Layered,XYZ Monster,DARK,Machine,2400
35803249,Jinzo - Lord,Effect Monster,DARK,Machine,2600
9418534,Jinzo - Returner,Effect Monster,DARK,Machine,600
32809211,Jinzo #7,Effect Monster,DARK,Machine,500
39987731,Jinzo the Machine Menace,Effect Monster,DARK,Machine,2400
92962242,Jioh the Gravity Ninja,Effect Monster,EARTH,Rock,2300
94773007,Jirai Gumo,Effect Monster,EARTH,Insect,2200
63941210,"Jizukiru, the Star Destroying Kaiju",Effect Monster,LIGHT,Machine,3300
55337339,Job-Change Mirror,Normal Monster,DARK,Fiend,800
29284413,Joker's Knight,Effect Monster,LIGHT,Warrior,2000
47894537,Jongleur-Ghoul Illusionist,Normal Monster,DARK,Illusion,2000
2665273,"Jormungandr, Generaider Boss of Eternity",XYZ Monster,EARTH,Reptile,-1
64203620,Jormungardr the Nordic Serpent,Effect Monster,DARK,Dragon,3000
82041999,Joruri-P.U.N.K. Madame Spider,Tuner Monster,EARTH,Psychic,900
41855169,Jowgen the Spiritualist,Effect Monster,LIGHT,Spellcaster,200
5257687,Jowls of Dark Demise,Flip Effect Monster,WATER,Fiend,200
53054164,Joyous Melffys,XYZ Monster,EARTH,Beast,2000
30113682,Judge Man,Normal Monster,EARTH,Warrior,2200
53535814,Judge of the Ice Barrier,Effect Monster,WATER,Warrior,1800
57774843,Judgment Dragon,Effect Monster,LIGHT,Dragon,3000
41659072,"Judgment, the Dragon of Heaven",Synchro Monster,LIGHT,Dragon,3000
42851643,Jumbo Drill,Effect Monster,EARTH,Machine,1800
73490417,Jungle Dweller,Effect Monster,DARK,Fiend,2500
25148255,Junk Anchor,Tuner Monster,EARTH,Warrior,0
42810973,Junk Archer,Synchro Monster,EARTH,Warrior,2300
91215724,Junk Armor,Effect Monster,EARTH,Warrior,600
59771339,Junk Berserker,Synchro Monster,WIND,Warrior,2700
51855378,Junk Blader,Effect Monster,EARTH,Warrior,1800
43436049,Junk Breaker,Effect Monster,EARTH,Warrior,1800
1006081,Junk Changer,Tuner Monster,EARTH,Warrior,1500
58242947,Junk Collector,Effect Monster,LIGHT,Warrior,1000
37337327,Junk Connector,Link Monster,DARK,Warrior,1700
11069680,Junk Converter,Effect Monster,EARTH,Warrior,400
68120130,Junk Defender,Effect Monster,EARTH,Warrior,500
74860293,Junk Destroyer,Synchro Monster,EARTH,Warrior,2600
3121655,Junk Dragonlet,Effect Monster,EARTH,Machine,2100
56410040,Junk Forward,Effect Monster,EARTH,Warrior,900
37993923,Junk Gardna,Synchro Monster,EARTH,Warrior,1400
34492631,Junk Giant,Effect Monster,EARTH,Machine,2000
39520293,Junk Mail,Tuner Monster,EARTH,Warrior,400
73218792,Junk Meister,Effect Monster,EARTH,Warrior,100
78922939,Junk Servant,Effect Monster,EARTH,Warrior,1500
77075360,Junk Speeder,Synchro Monster,WIND,Warrior,1800
63977008,Junk Synchron,Tuner Monster,DARK,Warrior,1300
60800381,Junk Warrior,Synchro Monster,DARK,Warrior,2300
16327715,Junk Warrior Extreme,Synchro Monster,DARK,Warrior,2900
23219323,Junk Warrior/Assault Mode,Effect Monster,DARK,Warrior,2800
38491199,Junkuriboh,Effect Monster,EARTH,Machine,300
5914858,Junora the Power Patron of Tuning,Synchro Monster,FIRE,Fiend,3100
68231287,Jupiter the Power Patron of Destruction,XYZ Monster,WIND,Machine,3500
59546797,Juragedo,Effect Monster,DARK,Fiend,1700
78693036,"Juraishin, the Cursed Thunder God",Synchro Monster,EARTH,Psychic,3100
80727721,Jurrac Aeolo,Tuner Monster,FIRE,Dinosaur,200
52553102,Jurrac Astero,Synchro Monster,FIRE,Dinosaur,2500
8594079,Jurrac Brachis,Tuner Monster,FIRE,Dinosaur,1000
17948378,Jurrac Dino,Tuner Monster,FIRE,Dinosaur,1700
43332022,Jurrac Gallim,Tuner Monster,FIRE,Dinosaur,1200
80032567,Jurrac Giganoto,Synchro Monster,FIRE,Dinosaur,2100
11012887,Jurrac Guaiba,Effect Monster,FIRE,Dinosaur,1700
16111820,Jurrac Herra,Effect Monster,FIRE,Dinosaur,2300
71106375,Jurrac Iguanon,Effect Monster,FIRE,Dinosaur,1700
93170499,Jurrac Megalo,Tuner Monster,FIRE,Dinosaur,500
17548456,Jurrac Meteor,Synchro Monster,FIRE,Dinosaur,2800
36717258,Jurrac Monoloph,Tuner Monster,FIRE,Dinosaur,1500
23927545,Jurrac Protops,Effect Monster,FIRE,Dinosaur,1700
45711266,Jurrac Ptera,Effect Monster,FIRE,Dinosaur,800
44689688,Jurrac Spinos,Effect Monster,FIRE,Dinosaur,2600
48411996,Jurrac Stauriko,Effect Monster,FIRE,Dinosaur,500
20568404,Jurrac Stego,Effect Monster,FIRE,Dinosaur,1700
85028288,Jurrac Titano,Effect Monster,FIRE,Dinosaur,3000
62701967,Jurrac Tyrannus,Effect Monster,FIRE,Dinosaur,2500
59312550,Jurrac Velo,Effect Monster,FIRE,Dinosaur,1700
65961683,Jurrac Velphito,Synchro Monster,FIRE,Dinosaur,-1
26842483,Justice Bringer,Effect Monster,EARTH,Warrior,1700
26732909,Justice of Prophecy,Effect Monster,EARTH,Spellcaster,1600
60410769,Jutte Fighter,Tuner Monster,EARTH,Warrior,700
47960073,K9-04 Noroi,Effect Monster,EARTH,Machine,2200
27420823,"K9-17 ""Ripper""",XYZ Monster,WIND,Warrior,2300
92248362,K9-17 Izuna,Effect Monster,EARTH,Warrior,2100
28642461,K9-66a Jokul,Effect Monster,DARK,Aqua,2000
55031170,K9-66b Lantern,Effect Monster,DARK,Pyro,2000
67515699,"K9-66X ""Jacks""",XYZ Monster,DARK,Fiend,2600
54919528,"K9-ØØ ""Hound""",XYZ Monster,LIGHT,Beast-Warrior,2500
91025875,K9-ØØ Lupis,Effect Monster,EARTH,Beast-Warrior,2300
90303227,"K9-X ""Werewolf""",XYZ Monster,LIGHT,Beast-Warrior,3300
52768103,KA-2 Des Scissors,Effect Monster,DARK,Machine,1000
51934376,Kabazauls,Normal Monster,WATER,Dinosaur,1700
7541475,Kabuki Dragon,Effect Monster,LIGHT,Dragon,2300
69069911,Kachi Kochi Dragon,XYZ Monster,EARTH,Dragon,2100
19353570,Kagemucha Knight,Effect Monster,DARK,Warrior,0
15401633,Kagemusha of the Blue Flame,Normal Monster,EARTH,Warrior,800
1498130,Kagemusha of the Six Samurai,Tuner Monster,EARTH,Warrior,400
80600490,Kageningen,Normal Monster,DARK,Warrior,800
20065259,Kagero the Cannon Ninja,Effect Monster,FIRE,Warrior,1600
94656263,Kagetokage,Effect Monster,DARK,Reptile,1100
25847467,"Kahkki, Guerilla of Dark World",Effect Monster,DARK,Fiend,300
71614230,Kai-Den Kendo Spirit,Spirit Monster,WIND,Warrior,2400
34627841,Kaibaman,Effect Monster,LIGHT,Warrior,200
67768675,Kaibaman the Legend,Tuner Monster,LIGHT,Warrior,200
60822251,Kaiki the Unity Star,Effect Monster,LIGHT,Warrior,1000
20904475,Kairo Ryu-Ge Emva,Effect Monster,WATER,Sea Serpent,3000
76634149,Kairyu-Shin,Normal Monster,WATER,Sea Serpent,1800
94566432,Kaiser Dragon,Fusion Monster,LIGHT,Dragon,2300
52824910,Kaiser Glider,Effect Monster,LIGHT,Dragon,2400
41002238,Kaiser Glider - Golden Burst,Effect Monster,LIGHT,Dragon,2400
17444133,Kaiser Sea Horse,Effect Monster,LIGHT,Sea Serpent,1700
6442944,Kaiser Sea Snake,Effect Monster,WATER,Sea Serpent,2500
93927067,Kaiser Vorse Raider,Effect Monster,DARK,Beast-Warrior,1900
50834074,Kaitoptera,Effect Monster,WIND,Dinosaur,1400
25449584,Kaiza the Hidden Star,Effect Monster,EARTH,Warrior,1000
97317530,"Kalantosa, Mystical Beast of the Forest",Effect Monster,EARTH,Beast,200
68928540,Kamakiriman,Normal Monster,EARTH,Insect,1150
9653271,Kaminari Attack,Fusion Monster,WIND,Thunder,1900
91712985,"Kamion, the Timelord",Effect Monster,EARTH,Fairy,0
41544074,Kamionwizard,Fusion Monster,DARK,Spellcaster,1300
72439556,"Kamui, Hope of Gusto",Flip Effect Monster,WIND,Psychic,200
12829151,Kanan the Swordmistress,Normal Monster,EARTH,Warrior,1400
95789089,Kangaroo Champ,Effect Monster,EARTH,Beast,800
84103702,Kanikabuto,Normal Monster,WATER,Aqua,650
6284176,Kanzashi the Rikka Queen,XYZ Monster,WATER,Plant,2400
48109103,Kappa Avenger,Normal Monster,WATER,Aqua,1200
92300891,"Karakuri Barrel mdl 96 ""Shinkuro""",Tuner Monster,EARTH,Machine,400
49296203,"Karakuri Bonze mdl 9763 ""Kunamzan""",Effect Monster,EARTH,Machine,2000
39118197,"Karakuri Bushi mdl 6318 ""Muzanichiha""",Effect Monster,EARTH,Machine,1800
75690317,"Karakuri Gama mdl 4624 ""Shirokunishi""",Tuner Monster,EARTH,Machine,200
24621460,"Karakuri Komachi mdl 224 ""Ninishi""",Tuner Monster,EARTH,Machine,0
30230789,"Karakuri Merchant mdl 177 ""Inashichi""",Effect Monster,EARTH,Machine,500
24150026,"Karakuri Muso mdl 818 ""Haipa""",Effect Monster,EARTH,Machine,2100
93724592,"Karakuri Ninja mdl 339 ""Sazank""",Effect Monster,EARTH,Machine,1200
50615578,"Karakuri Ninja mdl 7749 ""Nanashick""",Effect Monster,EARTH,Machine,2200
6276588,"Karakuri Ninja mdl 919 ""Kuick""",Effect Monster,EARTH,Machine,1700
23874409,"Karakuri Shogun mdl 00 ""Burei""",Synchro Monster,EARTH,Machine,2600
3846170,"Karakuri Soldier mdl 236 ""Nisamu""",Effect Monster,EARTH,Machine,1400
45688586,Karakuri Spider,Effect Monster,EARTH,Machine,400
66976526,"Karakuri Steel Shogun mdl 00X ""Bureido""",Synchro Monster,EARTH,Machine,2800
66625883,"Karakuri Strategist mdl 248 ""Nishipachi""",Tuner Monster,EARTH,Machine,500
25904894,"Karakuri Super Shogun mdl 00N ""Bureibu""",Synchro Monster,EARTH,Machine,3000
70271583,"Karakuri Watchdog mdl 313 ""Saizan""",Tuner Monster,EARTH,Machine,600
23289281,Karate Man,Effect Monster,EARTH,Warrior,1000
54541900,Karbonala Warrior,Fusion Monster,EARTH,Warrior,1500
52512994,Kasha,Effect Monster,EARTH,Zombie,-1
48626373,Kashtira Arise-Heart,XYZ Monster,DARK,Machine,3000
32909498,Kashtira Fenrir,Effect Monster,EARTH,Psychic,2400
94392192,Kashtira Ogre,Effect Monster,WATER,Psychic,2800
31149212,Kashtira Riseheart,Effect Monster,FIRE,Warrior,1500
73542331,Kashtira Shangri-Ira,XYZ Monster,FIRE,Psychic,0
68304193,Kashtira Unicorn,Effect Monster,WIND,Psychic,2500
81179446,Kattapillar,Normal Monster,EARTH,Insect,250
51554871,"Kayenn, the Master Magma Blacksmith",Effect Monster,FIRE,Rock,1200
62340868,Kazejin,Effect Monster,WIND,Spellcaster,2400
99529628,"Keaf, Murk of the Ghoti",Effect Monster,WATER,Fish,0
48048590,Keeper of Dragon Magic,Effect Monster,DARK,Dragon,1800
66752837,Keeper of the Shrine,Effect Monster,DARK,Dragon,0
54878498,Kelbek,Effect Monster,EARTH,Fairy,1500
25926710,Kelbek the Ancient Vanguard,Effect Monster,EARTH,Fairy,1500
80441106,Keldo,Effect Monster,EARTH,Fairy,1200
63542003,Keldo the Sacred Protector,Effect Monster,EARTH,Fairy,1200
25131968,Ken the Warrior Dragon,Effect Monster,LIGHT,Warrior,1300
94503794,"Kerzebs, the Gaoled Glutton",XYZ Monster,DARK,Beast,700
62383431,"Keurse, the Ogdoadic Light",Effect Monster,LIGHT,Reptile,400
65961304,Kewl Tune B2B,Synchro Tuner Monster,DARK,Fiend,3200
43904702,Kewl Tune Clip,Tuner Monster,DARK,Thunder,800
39576656,Kewl Tune Crackle,Synchro Tuner Monster,DARK,Thunder,800
16387555,Kewl Tune Cue,Tuner Monster,LIGHT,Fairy,900
41069676,Kewl Tune Loudness War,Synchro Tuner Monster,LIGHT,Machine,0
16509007,Kewl Tune Mix,Tuner Monster,WIND,Warrior,100
89392810,Kewl Tune Reco,Tuner Monster,FIRE,Fiend,1500
88170262,Kewl Tune Remix,Synchro Tuner Monster,DARK,Warrior,1500
17209452,Kewl Tune Rotary,Tuner Monster,LIGHT,Cyberse,100
15665977,Kewl Tune RS,Synchro Tuner Monster,DARK,Fiend,1700
42781164,Kewl Tune Track Maker,Synchro Tuner Monster,LIGHT,Machine,0
1929294,Key Mace,Normal Monster,LIGHT,Fairy,400
20541432,Key Mace #2,Normal Monster,DARK,Fiend,1050
23168060,Key Man the Key Warrior,Effect Monster,EARTH,Warrior,1000
135598,Key Mouse,Tuner Monster,EARTH,Beast,100
72578374,Khaos Starsource Dragon,Fusion Monster,LIGHT,Dragon,2500
35629124,Kidmodo Dragon,Effect Monster,EARTH,Dragon,100
27240101,Kikinagashi Fucho,XYZ Monster,WIND,Winged Beast,0
88979991,Killer Needle,Normal Monster,WIND,Insect,1200
63972571,King Beast Barbaros,Effect Monster,EARTH,Beast-Warrior,3000
13756293,King Dragun,Fusion Monster,DARK,Dragon,2400
84686841,King Fog,Normal Monster,DARK,Fiend,1000
4271596,King of the Ashened City,Effect Monster,DARK,Pyro,1400
67757079,King of the Beasts,Effect Monster,EARTH,Beast,2500
11398059,King of the Feral Imps,XYZ Monster,DARK,Reptile,2300
36021814,King of the Skull Servants,Effect Monster,DARK,Zombie,-1
79109599,King of the Swamp,Effect Monster,WATER,Aqua,500
69455834,King of Yamimakai,Normal Monster,DARK,Fiend,2000
20438745,King Pyron,Gemini Monster,FIRE,Pyro,1500
83986578,King Tiger Wanghu,Effect Monster,EARTH,Beast,1700
64788463,King's Knight,Effect Monster,LIGHT,Warrior,1600
45452224,Kinka-byo,Spirit Monster,DARK,Beast,400
84814897,Kiryu,Union Effect Monster,DARK,Dragon,2000
4266839,Kiseitai,Effect Monster,DARK,Fiend,300
16960120,Kitchen Dragonmaid,Effect Monster,FIRE,Dragon,500
3361010,Kitsuni Kitsunebi,Effect Monster,FIRE,Warrior,200
64475743,"Kittytail, Mystical Beast of the Forest",Effect Monster,EARTH,Beast,200
82627406,Kiwi Magician Girl,Effect Monster,WIND,Spellcaster,1800
98007437,"Knight Armed Dragon, the Armored Knight Dragon",Effect Monster,WIND,Dragon,1400
15767889,Knight Day Grepher,Gemini Monster,LIGHT,Warrior,1700
75901113,Knight of Armor Dragon,Ritual Effect Monster,WIND,Dragon,1900
46237548,Knight of the Red Lotus,Effect Monster,FIRE,Warrior,2100
75452921,Knightmare Cerberus,Link Monster,EARTH,Fiend,1600
10158145,Knightmare Corruptor Iblee,Effect Monster,DARK,Cyberse,0
39064822,Knightmare Goblin,Link Monster,WIND,Fiend,1300
65330383,Knightmare Gryphon,Link Monster,LIGHT,Fiend,2500
9794980,Knightmare Incarnation Idlee,Effect Monster,DARK,Fairy,2100
3679218,Knightmare Mermaid,Link Monster,WATER,Fiend,1000
2857636,Knightmare Phoenix,Link Monster,FIRE,Fiend,1900
38342335,Knightmare Unicorn,Link Monster,DARK,Fiend,2200
39037517,Koa'ki Meiru Beetle,Effect Monster,EARTH,Insect,1900
80367387,Koa'ki Meiru Bergzak,Effect Monster,EARTH,Warrior,2000
6320631,Koa'ki Meiru Boulder,Effect Monster,EARTH,Rock,1200
32314730,Koa'ki Meiru Crusader,Effect Monster,EARTH,Beast-Warrior,1900
80925836,Koa'ki Meiru Doom,Effect Monster,WIND,Fiend,1700
12435193,Koa'ki Meiru Drago,Effect Monster,WIND,Dragon,1900
5817857,Koa'ki Meiru Ghoulungulate,Effect Monster,EARTH,Zombie,2500
41201555,Koa'ki Meiru Gravirose,Effect Monster,FIRE,Plant,1900
45041488,Koa'ki Meiru Guardian,Effect Monster,EARTH,Rock,1900
31692182,Koa'ki Meiru Hydro Barrier,Effect Monster,WATER,Aqua,1000
54520292,Koa'ki Meiru Ice,Effect Monster,WATER,Aqua,1900
65026212,Koa'ki Meiru Maximus,Effect Monster,WIND,Dragon,3000
14309486,Koa'ki Meiru Overload,Effect Monster,EARTH,Rock,1900
19642889,Koa'ki Meiru Powerhand,Effect Monster,EARTH,Machine,2100
176392,Koa'ki Meiru Prototype,Effect Monster,EARTH,Rock,1800
10060427,Koa'ki Meiru Rooklord,Effect Monster,EARTH,Warrior,2800
49680980,Koa'ki Meiru Sandman,Effect Monster,EARTH,Rock,1900
74576482,Koa'ki Meiru Sea Panther,Effect Monster,WATER,Sea Serpent,1900
68809475,Koa'ki Meiru Speeder,Effect Monster,WIND,Machine,1200
80839052,Koa'ki Meiru Supplier,Effect Monster,EARTH,Rock,1400
95204084,Koa'ki Meiru Tornado,Effect Monster,WIND,Winged Beast,1500
30936186,Koa'ki Meiru Urnight,Effect Monster,EARTH,Beast-Warrior,2000
72258771,Koa'ki Meiru Valafar,Effect Monster,FIRE,Fiend,3000
66816282,Koa'ki Meiru Wall,Effect Monster,EARTH,Rock,1900
95090813,Koa'ki Meiru War Arms,Effect Monster,EARTH,Warrior,1400
7243511,Koalo-Koala,Fusion Monster,EARTH,Beast,2800
55359571,Kochobo's Hinamatsuri,Effect Monster,DARK,Machine,2200
69456283,Koitsu,Union Effect Monster,WATER,Fairy,200
1184620,Kojikocy,Normal Monster,EARTH,Warrior,1500
57722593,Konohanasakuya,Spirit Monster,EARTH,Fairy,1300
32569498,Korogashi,Normal Monster,EARTH,Insect,550
19406822,Kotodama,Effect Monster,EARTH,Fairy,0
67724379,Koumori Dragon,Normal Monster,DARK,Dragon,1500
99171160,Kozaky,Normal Monster,DARK,Fiend,400
55885348,Kozmo Dark Destroyer,Effect Monster,DARK,Machine,3000
64063868,Kozmo Dark Eclipser,Effect Monster,DARK,Machine,3000
85991529,Kozmo Dark Planet,Effect Monster,DARK,Machine,4000
37679169,Kozmo Delta Shuttle,Effect Monster,DARK,Machine,2000
29491334,Kozmo DOG Fighter,Effect Monster,DARK,Machine,2000
31061682,Kozmo Farmgirl,Effect Monster,LIGHT,Psychic,1500
20849090,Kozmo Forerunner,Effect Monster,LIGHT,Machine,2800
67050396,Kozmo Goodwitch,Effect Monster,LIGHT,Psychic,1800
59496924,Kozmo Landwalker,Effect Monster,DARK,Machine,2400
86013171,Kozmo Scaredy Lion,Effect Monster,LIGHT,Psychic,1200
94454495,Kozmo Sliprider,Effect Monster,LIGHT,Machine,2300
1274455,Kozmo Soartroopers,Effect Monster,DARK,Psychic,1000
56907986,Kozmo Strawman,Effect Monster,LIGHT,Psychic,500
64280356,Kozmo Tincan,Effect Monster,LIGHT,Psychic,0
12408276,Kozmoll Dark Lady,Effect Monster,DARK,Psychic,2200
93302695,Kozmoll Wickedwitch,Effect Monster,DARK,Psychic,1900
15710054,Krawler Axon,Flip Effect Monster,EARTH,Insect,500
46083111,Krawler Dendrite,Flip Effect Monster,EARTH,Insect,1300
51205763,Krawler Glial,Flip Effect Monster,EARTH,Insect,700
10698416,Krawler Ranvier,Flip Effect Monster,EARTH,Insect,1100
83293307,Krawler Receptor,Flip Effect Monster,EARTH,Insect,900
63526052,Krawler Soma,Effect Monster,EARTH,Insect,2000
88316955,Krawler Spine,Flip Effect Monster,EARTH,Insect,300
59575539,Krebons,Tuner Monster,DARK,Psychic,1200
37006702,Krishnerd Witch,Effect Monster,LIGHT,Spellcaster,1800
76512652,Krokodilus,Normal Monster,WATER,Reptile,1100
77363314,Krystal Dragon,Effect Monster,LIGHT,Dragon,2500
82642348,Kryuel,Effect Monster,DARK,Fiend,1000
87837090,Kuibelt the Blade Dragon,Synchro Monster,DARK,Dragon,2500
24384095,Kujakujaku,Effect Monster,WIND,Winged Beast,1200
29726552,"Kumongous, the Sticky String Kaiju",Effect Monster,EARTH,Insect,2400
56283725,Kumootoko,Normal Monster,EARTH,Insect,700
56514812,Kunoichi,Effect Monster,WIND,Warrior,1800
85705804,Kurama,Normal Monster,WIND,Winged Beast,800
57666212,Kuraz the Light Monarch,Effect Monster,LIGHT,Warrior,2400
70914287,Kuribabylon,Effect Monster,DARK,Fiend,1500
44632120,Kuribah,Effect Monster,DARK,Fiend,300
16404809,Kuribandit,Effect Monster,DARK,Fiend,1000
71036835,Kuribee,Effect Monster,DARK,Fiend,300
34419588,Kuribeh,Effect Monster,DARK,Fiend,300
40640057,Kuriboh,Effect Monster,DARK,Fiend,300
78355370,Kuribohrn,Effect Monster,LIGHT,Fiend,300
47432275,Kuribon,Effect Monster,LIGHT,Fairy,300
34873741,Kuribon the Fairy Spirit,Effect Monster,LIGHT,Fairy,300
7021574,Kuriboo,Effect Monster,DARK,Fiend,300
35405755,Kurikara Divincarnate,Effect Monster,FIRE,Fairy,1500
66102515,Kurikurinku @Ignister,Effect Monster,DARK,Cyberse,300
35112613,Kuriphoton,Effect Monster,LIGHT,Fiend,300
40817915,Kurivolt,Effect Monster,LIGHT,Thunder,300
77511331,Kuro-Obi Karate Spirit,Spirit Monster,WIND,Warrior,2400
60802233,Kuwagata α,Normal Monster,EARTH,Insect,1250
95144193,Kwagar Hercules,Fusion Monster,EARTH,Insect,1900
88240808,Kycoo the Ghost Destroyer,Effect Monster,DARK,Spellcaster,1800
93509766,Kyoro Ryu-Ge Kaiva,Effect Monster,EARTH,Dinosaur,3000
47028805,L Magi Mergy,Effect Monster,DARK,Cyberse,0
97590747,La Jinn the Mystical Genie of the Lamp,Normal Monster,DARK,Fiend,1800
62514770,Labradorite Dragon,Normal Tuner Monster,DARK,Dragon,0
48745395,Labrynth Archfiend,Effect Monster,DARK,Fiend,2000
37629703,Labrynth Chandraglier,Effect Monster,DARK,Fiend,1500
2511,Labrynth Cooclock,Effect Monster,DARK,Fiend,0
74018812,Labrynth Stovie Torbie,Effect Monster,DARK,Fiend,0
35026117,Labyrinth Heavy Tank,Effect Monster,DARK,Machine,2400
99551425,Labyrinth Tank,Fusion Monster,DARK,Machine,2400
67284908,Labyrinth Wall,Normal Monster,EARTH,Rock,0
28803166,Lacrima the Crimson Tears,Effect Monster,LIGHT,Fiend,1200
90147755,Lady Assailant of Flames,Flip Effect Monster,FIRE,Pyro,1500
16188701,Lady Debug,Effect Monster,LIGHT,Cyberse,1700
81497285,Lady Labrynth of the Silver Castle,Effect Monster,DARK,Fiend,3000
82005435,Lady Ninja Yae,Effect Monster,WIND,Warrior,1100
67511500,Lady of D.,Effect Monster,DARK,Spellcaster,1500
17358176,Lady of Faith,Normal Monster,LIGHT,Spellcaster,1100
10736540,Lady of the Lake,Tuner Monster,LIGHT,Aqua,200
38480590,Lady Panther,Effect Monster,EARTH,Beast-Warrior,1400
48658295,Lady's Dragonmaid,Fusion Monster,LIGHT,Dragon,2000
74615388,"Laevatein, Generaider Boss of Shadows",XYZ Monster,FIRE,Fairy,2500
9430387,LaLa Li-oon,Normal Monster,WIND,Thunder,600
84900597,Lamia,Effect Monster,DARK,Reptile,1300
75850803,LaMoon,Normal Monster,LIGHT,Spellcaster,1200
96402918,"Lancea, Ancestral Dragon of the Ice Mountain",Synchro Monster,WATER,Dragon,3300
48940337,Lancephorhynchus,Pendulum Normal Monster,WIND,Dinosaur,2500
79418153,Lancer Archfiend,Effect Monster,DARK,Fiend,1600
11125718,Lancer Dragonute,Effect Monster,DARK,Dragon,1500
46272804,Lancer Lindwurm,Effect Monster,WIND,Dragon,1800
95993388,Landrobe the Rock Vassal,Effect Monster,EARTH,Rock,800
77637979,LANphorhynchus,Link Monster,LIGHT,Cyberse,1200
70156946,Lantern Shark,Effect Monster,WATER,Fish,1500
3111207,Lappis Dragon,Tuner Monster,WATER,Sea Serpent,0
87756343,Larvae Moth,Effect Monster,EARTH,Insect,500
94675535,Larvas,Normal Monster,EARTH,Beast,800
27993919,LaSolfachord Angelia,Pendulum Effect Monster,FIRE,Fairy,2300
3560069,Latency,Effect Monster,LIGHT,Cyberse,0
15667446,"Latinum, Exarch of Dark World",Effect Monster,DARK,Fiend,1500
42591472,Laughing Flower,Normal Monster,EARTH,Plant,900
80275707,Laughing Puffin,Effect Monster,DARK,Winged Beast,1000
35911108,Launcher Commander,Effect Monster,EARTH,Cyberse,1700
87322377,Launcher Spider,Normal Monster,FIRE,Machine,2200
13171876,Laundry Dragonmaid,Effect Monster,WATER,Dragon,500
20394040,Lava Battleguard,Effect Monster,EARTH,Warrior,1550
41741922,Lava Dragon,Effect Monster,FIRE,Dragon,1600
102380,Lava Golem,Effect Monster,FIRE,Fiend,3000
30303854,Laval Archer,Effect Monster,FIRE,Pyro,1000
11834972,Laval Blaster,Effect Monster,FIRE,Warrior,1200
88958576,Laval Burner,Effect Monster,FIRE,Pyro,2100
38492752,Laval Cannon,Effect Monster,FIRE,Warrior,1600
45439263,Laval Coatl,Tuner Monster,FIRE,Pyro,1300
31632536,Laval Dual Slasher,Synchro Monster,FIRE,Warrior,2400
15169262,Laval Forest Sprite,Tuner Monster,FIRE,Pyro,300
14047624,Laval Judgment Lord,Effect Monster,FIRE,Warrior,2700
8041569,Laval Lakeside Lady,Tuner Monster,FIRE,Pyro,200
123709,Laval Lancelord,Effect Monster,FIRE,Warrior,2100
46404281,Laval Magma Cannoneer,Effect Monster,FIRE,Pyro,1700
89893715,Laval Miller,Effect Monster,FIRE,Pyro,300
89609515,Laval Phlogis,Effect Monster,FIRE,Pyro,1700
20374351,Laval Stennon,Synchro Monster,FIRE,Pyro,2700
12986807,Laval the Greater,Synchro Monster,FIRE,Warrior,2400
2407147,Laval Volcano Handmaiden,Tuner Monster,FIRE,Pyro,100
52786469,Laval Warrior,Effect Monster,FIRE,Warrior,1800
34086406,Lavalval Chain,XYZ Monster,FIRE,Sea Serpent,1800
75991898,Lavalval Dragon,Synchro Monster,FIRE,Dragon,2000
8611007,Lavalval Dragun,Synchro Monster,FIRE,Dragon,2500
12018201,Lavalval Exlord,Synchro Monster,FIRE,Warrior,2900
3989465,Lavalval Ignis,XYZ Monster,FIRE,Warrior,1800
67797569,Lavalval Salamander,Synchro Monster,FIRE,Dragon,2600
67468948,Layard the Liberator,Effect Monster,LIGHT,Fairy,1400
92435533,"Lazion, the Timelord",Effect Monster,FIRE,Fairy,0
50599453,Leafplace Plaice,Effect Monster,DARK,Psychic,-1
7127502,"Lector Pendulum, the Dracoverlord",Pendulum Effect Monster,DARK,Dragon,1950
21893603,Lee the World Chalice Fairy,Effect Monster,LIGHT,Fairy,100
7902349,Left Arm of the Forbidden One,Normal Monster,DARK,Spellcaster,200
44519536,Left Leg of the Forbidden One,Normal Monster,DARK,Spellcaster,200
47840168,Left-Hand Shark,Effect Monster,WATER,Fish,1300
44935634,Lefty Driver,Effect Monster,EARTH,Machine,300
87010442,Legacy Hunter,Effect Monster,EARTH,Warrior,1000
28754338,Legendary Atlantean Tridon,Effect Monster,WATER,Sea Serpent,1600
99747800,Legendary Fiend,Effect Monster,DARK,Fiend,1500
90681088,Legendary Fire King Ponix,Effect Monster,FIRE,Winged Beast,500
60258960,Legendary Flame Lord,Ritual Effect Monster,FIRE,Spellcaster,2400
25773409,Legendary Jujitsu Master,Effect Monster,EARTH,Rock,1300
85800949,Legendary Knight Critias,Effect Monster,LIGHT,Warrior,2800
84565800,Legendary Knight Hermos,Effect Monster,LIGHT,Warrior,2800
80019195,Legendary Knight Timaeus,Effect Monster,LIGHT,Warrior,2800
70634245,Legendary Lord Six Samurai - Enishi,Synchro Monster,LIGHT,Warrior,1700
42209438,Legendary Lord Six Samurai - Kizan,Synchro Monster,EARTH,Warrior,1800
34235530,Legendary Lord Six Samurai - Shi En,Synchro Monster,DARK,Warrior,2500
12338068,Legendary Maju Garzett,Effect Monster,DARK,Fiend,0
15327215,Legendary Secret of the Six Samurai,Effect Monster,DARK,Warrior,500
75116619,Legendary Six Samurai - Enishi,Effect Monster,LIGHT,Warrior,1700
2511717,Legendary Six Samurai - Kageki,Effect Monster,WIND,Warrior,200
49721904,Legendary Six Samurai - Kizan,Effect Monster,EARTH,Warrior,1800
74094021,Legendary Six Samurai - Mizuho,Effect Monster,FIRE,Warrior,1600
29981921,Legendary Six Samurai - Shi En,Synchro Monster,DARK,Warrior,2500
48505422,Legendary Six Samurai - Shinai,Effect Monster,WATER,Warrior,1500
12472242,Leghul,Effect Monster,EARTH,Insect,300
25280974,Legion the Fiend Jester,Effect Monster,DARK,Spellcaster,1300
62543393,Lekunga,Effect Monster,WATER,Plant,1700
34318086,Lemon Magician Girl,Effect Monster,LIGHT,Spellcaster,800
70298454,Leng Ling,Union Effect Monster,DARK,Dragon,1500
4392470,Leo Wizard,Normal Monster,EARTH,Spellcaster,1350
55423549,Leo Wizard the Dark Fiend,Effect Monster,DARK,Spellcaster,1350
8561192,"Leo, the Keeper of the Sacred Tree",Synchro Monster,EARTH,Beast,3100
10538007,Leogun,Normal Monster,EARTH,Beast,1750
98225108,Leotaur,Effect Monster,EARTH,Beast-Warrior,1500
47226949,Leotron,Normal Monster,EARTH,Cyberse,2000
49922726,Leraje the God of Archery,Effect Monster,DARK,Fiend,1800
55444629,Lesser Dragon,Normal Monster,WIND,Dragon,1200
16475472,Lesser Fiend,Effect Monster,DARK,Fiend,2100
57421866,Level Eater,Effect Monster,DARK,Insect,600
97385276,Level Warrior,Effect Monster,LIGHT,Warrior,300
37721209,Levia-Dragon - Daedalus,Effect Monster,WATER,Sea Serpent,2600
95992081,Leviair the Sea Dragon,XYZ Monster,WIND,Aqua,1800
33113958,LeVirtue Dragon,XYZ Monster,WATER,Sea Serpent,2000
39752820,Lib the World Key Blademaster,Link Monster,LIGHT,Cyberse,2000
24643913,Liberator Eto,Effect Monster,DARK,Reptile,4000
62957424,"Libic, Malebranche of the Burning Abyss",Effect Monster,DARK,Fiend,1300
19516687,Libromancer Agent,Effect Monster,EARTH,Warrior,2000
71406430,Libromancer Doombroker,Ritual Effect Monster,DARK,Fiend,2500
16312943,Libromancer Fire,Effect Monster,FIRE,Cyberse,1800
88106656,Libromancer Fireburst,Ritual Effect Monster,FIRE,Cyberse,2800
45001322,Libromancer Firestarter,Ritual Effect Monster,FIRE,Cyberse,1800
46123974,Libromancer Geek Boy,Effect Monster,WIND,Psychic,800
82128978,Libromancer Magigirl,Effect Monster,WATER,Spellcaster,600
52707042,Libromancer Mystigirl,Ritual Effect Monster,LIGHT,Fairy,1400
55818463,"Lich Lord, King of the Underworld",Effect Monster,DARK,Zombie,2400
25165047,Life Stream Dragon,Synchro Tuner Monster,EARTH,Dragon,2900
76214441,Lifeforce Harmonizer,Effect Monster,WIND,Psychic,800
89617515,Lifeless Leaffish,Effect Monster,WATER,Fish,1500
47297616,Light and Darkness Dragon,Effect Monster,LIGHT,Dragon,2800
19652159,Light and Darkness Dragonlord,Fusion Monster,LIGHT,Dragon,3400
61399402,Light Dragon @Ignister,XYZ Monster,LIGHT,Cyberse,2300
54766667,Light Effigy,Effect Monster,LIGHT,Fairy,1500
25132288,Light End Dragon,Synchro Monster,LIGHT,Dragon,2600
35614780,Light End Sublimation Dragon,Effect Monster,LIGHT,Dragon,2600
52253888,Light Law Medium,Effect Monster,LIGHT,Fairy,400
82616239,Light Water Dragon,Effect Monster,WATER,Sea Serpent,1400
22653490,Lightning Chidori,XYZ Monster,WIND,Thunder,1900
27671321,Lightning Conger,Normal Monster,WATER,Thunder,350
45023678,Lightning Punisher,Effect Monster,DARK,Thunder,2600
40672993,Lightning Rod Lord,Effect Monster,LIGHT,Thunder,1800
49389523,Lightning Tricorn,Synchro Monster,LIGHT,Beast,2800
87259077,Lightning Warrior,Synchro Monster,LIGHT,Warrior,2400
89185742,"Lightning, Dragon Ruler of Drafts",Effect Monster,WIND,Dragon,500
99365553,Lightpulsar Dragon,Effect Monster,LIGHT,Dragon,2500
38737148,Lightray Daedalus,Effect Monster,LIGHT,Sea Serpent,2600
30126992,Lightray Diabolos,Effect Monster,LIGHT,Dragon,2800
4722253,Lightray Gearfried,Effect Monster,LIGHT,Warrior,2800
27407330,Lightray Grepher,Effect Monster,LIGHT,Warrior,1700
82579942,Lightray Madoor,Effect Monster,LIGHT,Spellcaster,1200
91349449,Lightray Sorcerer,Effect Monster,LIGHT,Spellcaster,2300
55501446,Lightserpent,Effect Monster,LIGHT,Reptile,1200
10515412,Lightstorm Dragon,Synchro Monster,LIGHT,Dragon,2700
59481082,Lightsworn Dragonling,Effect Monster,LIGHT,Dragon,1500
23898021,"Lilith, Lady of Lament",Effect Monster,DARK,Fiend,2000
68812773,Lillybot,Effect Monster,LIGHT,Machine,500
52339733,Lindbloom,Effect Monster,EARTH,Wyrm,0
24842059,Linguriboh,Link Monster,DARK,Cyberse,300
7925734,Link Apple,Effect Monster,FIRE,Cyberse,0
67231737,Link Bumper,Link Monster,EARTH,Cyberse,1400
30342076,Link Decoder,Link Monster,DARK,Cyberse,300
48068378,Link Devotee,Link Monster,EARTH,Cyberse,500
32995276,Link Disciple,Link Monster,LIGHT,Cyberse,500
65100616,Link Infra-Flier,Effect Monster,WIND,Cyberse,0
98978921,Link Spider,Link Monster,EARTH,Cyberse,1000
23331400,Link Streamer,Effect Monster,LIGHT,Cyberse,1600
63092423,Linkbelt Wall Dragon,Effect Monster,EARTH,Dragon,0
54635100,Linkerbell,Link Monster,EARTH,Fairy,1500
68295149,Linkmail Archfiend,Link Monster,DARK,Cyberse,2800
85243784,Linkross,Link Monster,LIGHT,Cyberse,900
35595518,Linkslayer,Effect Monster,EARTH,Cyberse,2000
61168637,Linkslayer @Ignister,Effect Monster,DARK,Cyberse,2000
41999284,Linkuriboh,Link Monster,DARK,Cyberse,300
4611269,Lion Alligator,Effect Monster,WATER,Reptile,1900
61692648,Lionhearted Locomotive,Effect Monster,EARTH,Machine,2400
93108297,Liquid Beast,Normal Monster,WATER,Aqua,950
55210709,Lisark,Normal Monster,EARTH,Beast,1300
72566043,Litmus Doom Swordsman,Ritual Effect Monster,DARK,Warrior,0
68658728,Little Chimera,Effect Monster,FIRE,Beast,600
42625254,Little D,Normal Monster,EARTH,Dinosaur,1100
45939611,Little Fairy,Effect Monster,LIGHT,Fairy,800
73702909,Little Trooper,Effect Monster,EARTH,Warrior,900
90790253,Little-Winguard,Effect Monster,WIND,Warrior,1400
36326160,Live☆Twin Ki-sikil,Effect Monster,LIGHT,Cyberse,500
54257392,Live☆Twin Ki-sikil Frost,Effect Monster,LIGHT,Aqua,500
73810864,Live☆Twin Lil-la,Effect Monster,DARK,Cyberse,500
82699999,Live☆Twin Lil-la Sweet,Effect Monster,DARK,Spellcaster,500
81078880,Live☆Twin Lil-la Treat,Effect Monster,DARK,Zombie,500
34320307,Living Vase,Normal Monster,EARTH,Plant,900
20831168,Lizard Soldier,Normal Monster,WIND,Dragon,1100
40666140,Ljosalf of the Nordic Alfar,Effect Monster,LIGHT,Spellcaster,1400
25801745,"Lo, the Prayers of the Voiceless Voice",Effect Monster,LIGHT,Fairy,50
52346240,Lock Cat,Effect Monster,EARTH,Beast,1200
37310367,Lockout Gardna,Effect Monster,EARTH,Cyberse,1000
38354937,Locomotion R-Genex,Synchro Monster,DARK,Machine,2500
67098114,"Loki, Lord of the Aesir",Synchro Monster,DARK,Spellcaster,3300
93192592,Lollipo★Yummy Way,Synchro Tuner Monster,LIGHT,Beast,1200
4215180,Lollipo☆Yummy,Effect Monster,LIGHT,Beast,600
48686504,Lonefire Blossom,Effect Monster,FIRE,Plant,500
76145142,"Longirsu, the Orcust Orchestrator",Link Monster,DARK,Machine,2500
94183877,"Loptr, Shadow of the Generaider Bosses",Effect Monster,FIRE,Fairy,1500
35514096,Lord British Space Fighter,Effect Monster,LIGHT,Machine,1200
8910971,Lord Gaia the Fierce Knight,Effect Monster,EARTH,Warrior,2300
17985575,Lord of D.,Effect Monster,DARK,Spellcaster,1200
9822220,Lord of the Heavenly Prison,Effect Monster,DARK,Rock,3000
99510761,Lord of the Lamp,Normal Monster,DARK,Fiend,1400
59829423,Lord of the Missing Barrows,Effect Monster,LIGHT,Fiend,3100
19025379,Lord of the Red,Ritual Effect Monster,FIRE,Dragon,2400
81618817,Lord of Zemia,Normal Monster,DARK,Fiend,1300
40320754,Lord Poison,Effect Monster,WATER,Plant,1500
50699850,"Loris, Lady of Lament",Effect Monster,DARK,Fiend,1500
95231062,Lost Blue Breaker,Effect Monster,WATER,Sea Serpent,1400
45871897,Lost Guardian,Effect Monster,EARTH,Rock,100
61465001,Loud Cloud the Storm Serpent,Effect Monster,WATER,Reptile,0
2347656,Lovely Labrynth of the Silver Castle,Effect Monster,DARK,Fiend,2900
70534340,Lubellion the Searing Dragon,Fusion Monster,LIGHT,Dragon,2500
45409943,Luce the Dusk's Dark,Fusion Monster,DARK,Fiend,3500
34968834,"Lucent, Netherlord of Dark World",Effect Monster,DARK,Fiend,2400
58786132,Lucius the Shadow Vassal,Effect Monster,DARK,Fiend,800
68762510,Lucky Pied Piper,Gemini Monster,WIND,Fairy,1500
3985011,Lucky Trinket,Normal Monster,LIGHT,Spellcaster,600
95503687,"Lumina, Lightsworn Summoner",Effect Monster,LIGHT,Spellcaster,1000
56166150,"Lumina, Twilightsworn Shaman",Effect Monster,DARK,Spellcaster,1000
57482479,Luminous Soldier,Effect Monster,LIGHT,Warrior,2100
48596760,Luna the Dark Spirit,Effect Monster,DARK,Fiend,1600
11317977,Lunalight Black Sheep,Effect Monster,DARK,Beast-Warrior,100
11439455,Lunalight Blue Cat,Effect Monster,DARK,Beast-Warrior,1600
51777272,Lunalight Cat Dancer,Fusion Monster,DARK,Beast-Warrior,2400
94919024,Lunalight Crimson Fox,Effect Monster,DARK,Beast-Warrior,1800
14152693,Lunalight Emerald Bird,Effect Monster,DARK,Beast-Warrior,1200
8379983,Lunalight Gold Leo,Effect Monster,DARK,Beast-Warrior,600
35618217,Lunalight Kaleido Chick,Effect Monster,DARK,Beast-Warrior,1400
24550676,Lunalight Leo Dancer,Fusion Monster,DARK,Beast-Warrior,3500
54701958,Lunalight Liger Dancer,Fusion Monster,DARK,Beast-Warrior,3800
97165977,Lunalight Panther Dancer,Fusion Monster,DARK,Beast-Warrior,2800
81196066,Lunalight Perfume Dancer,Fusion Monster,DARK,Beast-Warrior,2000
48427163,Lunalight Purple Butterfly,Effect Monster,DARK,Beast-Warrior,1000
88753594,Lunalight Sabre Dancer,Fusion Monster,DARK,Beast-Warrior,3000
35763582,Lunalight Silver Hound,Effect Monster,DARK,Beast-Warrior,1400
83190280,Lunalight Tiger,Pendulum Effect Monster,LIGHT,Beast-Warrior,1200
84812868,Lunalight White Rabbit,Effect Monster,DARK,Beast-Warrior,800
47705572,Lunalight Wolf,Pendulum Effect Monster,LIGHT,Beast-Warrior,2000
50546208,Lunalight Yellow Marten,Effect Monster,DARK,Beast-Warrior,800
62210247,Lunar Queen Elzaim,Normal Monster,LIGHT,Fairy,750
47643326,Lunar Rabbit Omajinai,Normal Tuner Monster,LIGHT,Spellcaster,0
11091375,Luster Dragon,Normal Monster,WIND,Dragon,1900
17658803,Luster Dragon #2,Normal Monster,WIND,Dragon,2400
92746535,"Luster Pendulum, the Dracoslayer",Pendulum Tuner Effect Monster,LIGHT,Dragon,1850
84385264,Lycanthrope,Ritual Effect Monster,EARTH,Beast-Warrior,2400
22624373,"Lyla, Lightsworn Sorceress",Effect Monster,LIGHT,Spellcaster,1700
10071151,"Lyla, Twilightsworn Enchantress",Effect Monster,DARK,Spellcaster,1700
73318863,Lyna the Light Charmer,Flip Effect Monster,LIGHT,Spellcaster,500
9839945,"Lyna the Light Charmer, Lustrous",Link Monster,LIGHT,Spellcaster,1850
48608796,Lyrilusc - Assembled Nightingale,XYZ Monster,WIND,Winged Beast,0
10182251,Lyrilusc - Beryl Canary,Effect Monster,WIND,Winged Beast,0
46576366,Lyrilusc - Celestine Wagtail,Effect Monster,WIND,Winged Beast,200
34550857,Lyrilusc - Cobalt Sparrow,Effect Monster,WIND,Winged Beast,0
72971064,Lyrilusc - Ensemblue Robin,XYZ Monster,WIND,Winged Beast,0
76815942,Lyrilusc - Independent Nightingale,Fusion Monster,WIND,Winged Beast,1000
19369609,Lyrilusc - Promenade Thrush,XYZ Monster,WIND,Winged Beast,0
8491961,Lyrilusc - Recital Starling,XYZ Monster,WIND,Winged Beast,0
60954556,Lyrilusc - Sapphire Swallow,Effect Monster,WIND,Winged Beast,100
97949165,Lyrilusc - Turquoise Warbler,Effect Monster,WIND,Winged Beast,100
56342351,M-Warrior #1,Normal Monster,EARTH,Warrior,1000
92731455,M-Warrior #2,Normal Monster,EARTH,Warrior,500
4423206,M-X-Saber Invoker,XYZ Monster,EARTH,Warrior,1600
18631392,Ma'at,Effect Monster,LIGHT,Fairy,-1
98795934,Mabarrel,Normal Monster,DARK,Fiend,1700
23469398,Machina Air Raider,Effect Monster,EARTH,Machine,1500
39284521,Machina Cannon,Effect Monster,EARTH,Machine,0
87074380,Machina Citadel,Effect Monster,EARTH,Machine,3000
96384007,Machina Defender,Flip Effect Monster,EARTH,Machine,1200
58054262,Machina Force,Effect Monster,EARTH,Machine,4600
5556499,Machina Fortress,Effect Monster,EARTH,Machine,2500
42940404,Machina Gearframe,Union Effect Monster,EARTH,Machine,1800
50863093,Machina Irradiator,Effect Monster,EARTH,Machine,1700
51617185,Machina Megaform,Effect Monster,EARTH,Machine,2600
69838761,Machina Metalcruncher,Effect Monster,EARTH,Machine,2800
78349103,Machina Peacekeeper,Union Effect Monster,EARTH,Machine,500
85136114,Machina Possesstorage,Effect Monster,DARK,Machine,1600
54563536,Machina Resavenger,Effect Monster,DARK,Machine,1200
46033517,Machina Ruinforce,Effect Monster,DARK,Machine,4600
23782705,Machina Sniper,Effect Monster,EARTH,Machine,1800
60999392,Machina Soldier,Effect Monster,EARTH,Machine,1600
45674286,Machina Unclaspare,Effect Monster,DARK,Machine,1800
38116136,Machine Attacker,Normal Monster,EARTH,Machine,1600
46700124,Machine King,Effect Monster,EARTH,Machine,2200
89222931,Machine King Prototype,Effect Monster,EARTH,Machine,1600
96938777,Machine Lord Ur,Effect Monster,EARTH,Machine,1600
94664694,Mad Archfiend,Effect Monster,DARK,Fiend,1800
79182538,Mad Dog of Darkness,Normal Monster,DARK,Beast,1900
86993168,Mad Hacker,Effect Monster,DARK,Cyberse,1000
97240270,Mad Lobster,Normal Monster,WATER,Aqua,1700
18760514,Mad Mauler,Tuner Monster,DARK,Zombie,400
31034919,Mad Reloader,Effect Monster,DARK,Fiend,0
79870141,Mad Sword Beast,Effect Monster,EARTH,Dinosaur,1400
43905751,Madjinn Gunn,Normal Monster,DARK,Fiend,600
34680482,Madolche Anjelly,Effect Monster,EARTH,Fairy,1000
49374988,Madolche Baaple,Effect Monster,EARTH,Beast,0
48252330,Madolche Butlerusk,Effect Monster,EARTH,Spellcaster,1500
26570480,Madolche Chickolates,Effect Monster,EARTH,Beast,800
75363626,Madolche Chouxvalier,Effect Monster,EARTH,Warrior,1700
89521713,Madolche Cruffssant,Effect Monster,EARTH,Beast,1500
96150936,Madolche Fresh Sistart,Link Monster,EARTH,Fairy,1500
91350799,Madolche Hootcake,Effect Monster,EARTH,Beast,1500
11868731,Madolche Magileine,Effect Monster,EARTH,Spellcaster,1400
26016357,Madolche Marmalmaide,Effect Monster,EARTH,Spellcaster,800
52404456,Madolche Messengelato,Effect Monster,EARTH,Warrior,1600
12980373,Madolche Mewfeuille,Effect Monster,EARTH,Beast,500
38745241,Madolche Mini Meowcaroons,Link Monster,EARTH,Beast,2300
77848740,Madolche Petingcessoeur,Effect Monster,EARTH,Fairy,1400
74641045,Madolche Puddingcess,Effect Monster,EARTH,Fairy,1000
44311445,Madolche Puddingcess Chocolat-a-la-Mode,XYZ Monster,EARTH,Fairy,2500
49689480,Madolche Queen Tiarafraise,XYZ Monster,EARTH,Fairy,2600
37164373,Madolche Queen Tiaramisu,XYZ Monster,EARTH,Fairy,2200
20343502,Madolche Teacher Glassouffle,XYZ Monster,EARTH,Fairy,1800
25341652,Maestroke the Symphony Djinn,XYZ Monster,DARK,Fiend,1800
22530212,Magic Hand,Effect Monster,DARK,Spellcaster,800
82458280,Magic Hole Golem,Effect Monster,DARK,Rock,0
10239627,Magical Abductor,Pendulum Effect Monster,EARTH,Spellcaster,1700
43385557,Magical Android,Synchro Monster,LIGHT,Psychic,2400
72171665,Magical Broker,Effect Monster,DARK,Spellcaster,1500
23220863,Magical Cavalry of Cxulub,Pendulum Effect Monster,EARTH,Dinosaur,1500
6061630,Magical Exemplar,Effect Monster,EARTH,Spellcaster,1700
46474915,Magical Ghost,Normal Monster,DARK,Zombie,1300
51916853,Magical Hound,Tuner Monster,EARTH,Machine,500
35058857,Magical King Moonstar,Effect Monster,DARK,Fiend,900
8034697,Magical Marionette,Effect Monster,DARK,Spellcaster,2000
32362575,Magical Merchant,Flip Effect Monster,LIGHT,Insect,200
30907810,Magical Musket Mastermind Zakiel,Effect Monster,LIGHT,Fiend,2500
68024506,Magical Musketeer Calamity,Effect Monster,LIGHT,Fiend,1500
32841045,Magical Musketeer Caspar,Effect Monster,LIGHT,Fiend,1200
68246154,Magical Musketeer Doc,Effect Monster,LIGHT,Fiend,1400
5230799,Magical Musketeer Kidbrave,Effect Monster,LIGHT,Fiend,1600
71791814,Magical Musketeer Max,Link Monster,LIGHT,Fiend,1000
31629407,Magical Musketeer Starfire,Effect Monster,LIGHT,Fiend,1300
94418111,Magical Musketeer Wild,Effect Monster,LIGHT,Fiend,1700
7802006,Magical Plant Mandragola,Flip Effect Monster,DARK,Spellcaster,500
3918345,Magical Reflect Slime,Gemini Monster,WATER,Aqua,700
34206604,Magical Scientist,Effect Monster,DARK,Spellcaster,300
43930492,Magical Something,Effect Monster,DARK,Spellcaster,1800
30608985,Magical Undertaker,Flip Effect Monster,DARK,Spellcaster,400
43857222,Magicalibra,Pendulum Tuner Effect Monster,WATER,Spellcaster,1000
25531465,Magicat,Effect Monster,LIGHT,Spellcaster,600
30208479,Magician of Black Chaos,Ritual Monster,DARK,Spellcaster,2800
47963370,Magician of Chaos,Ritual Effect Monster,DARK,Spellcaster,2500
35191415,Magician of Dark Illusion,Effect Monster,DARK,Spellcaster,2100
31560081,Magician of Faith,Flip Effect Monster,LIGHT,Spellcaster,300
67853262,Magician of Faithfulness,Flip Effect Monster,LIGHT,Spellcaster,600
67865534,Magician of Hope,XYZ Pendulum Effect Monster,LIGHT,Spellcaster,2500
71696014,Magician's Robe,Effect Monster,DARK,Spellcaster,700
7084129,Magician's Rod,Effect Monster,DARK,Spellcaster,1600
80304126,Magician's Valkyria,Effect Monster,LIGHT,Spellcaster,1600
15845914,Magicians of Bonds and Unity,Effect Monster,LIGHT,Spellcaster,2500
97631303,Magicians' Souls,Effect Monster,DARK,Spellcaster,0
67694706,Magicolloidal Sol,Tuner Monster,WATER,Aqua,400
66078354,Magicore Warrior of the Relics,Effect Monster,FIRE,Warrior,2300
47929865,Magidog,Effect Monster,LIGHT,Spellcaster,1700
45655875,Magikey Beast - Ansyalabolas,Fusion Monster,DARK,Beast,2200
26988374,Magikey Deity - Ashtartu,XYZ Monster,LIGHT,Fairy,3000
71159974,Magikey Dragon - Andrabime,Fusion Monster,WIND,Dragon,2800
69522668,Magikey Fiend - Transfurlmine,Synchro Monster,FIRE,Thunder,2800
45877457,Magikey Mechmortar - Garesglasser,Ritual Effect Monster,EARTH,Machine,2000
19489718,Magikey Mechmusket - Batosbuster,Ritual Effect Monster,DARK,Machine,2000
68300121,Magikey Spirit - Vepartu,XYZ Monster,WATER,Sea Serpent,2000
31699677,Magikuriboh,Effect Monster,DARK,Fiend,300
15983048,Maginificent Magikey Mafteal,Tuner Monster,LIGHT,Fiend,1600
66104644,Magister of Endymion,Pendulum Effect Monster,EARTH,Spellcaster,1500
66532962,Magistus Chorozo,Fusion Monster,DARK,Spellcaster,1000
95833645,Magma Dragon,Effect Monster,FIRE,Wyrm,1600
50951254,Magmacho Dragon,Effect Monster,FIRE,Pyro,1800
36750412,Magna Drago,Tuner Monster,FIRE,Dragon,1400
72903645,Magna-Slash Dragon,Effect Monster,LIGHT,Dragon,2400
26655293,Magnarokket Dragon,Effect Monster,DARK,Dragon,1800
86289475,Magnet Warrior Omega Plus,Effect Monster,EARTH,Rock,800
87814728,Magnet Warrior Sigma Minus,Effect Monster,EARTH,Rock,1500
51826619,Magnet Warrior Sigma Plus,Effect Monster,EARTH,Rock,1800
50074522,Magnetic Mosquito,Flip Effect Monster,LIGHT,Insect,300
43227,Magnum the Reliever,Fusion Monster,LIGHT,Fiend,2800
93013676,Maha Vailo,Effect Monster,LIGHT,Spellcaster,1550
45796834,"Maha Vailo, Light of the Heavens",Effect Monster,LIGHT,Spellcaster,1550
545781,Mahaama the Fairy Dragon,Tuner Monster,LIGHT,Dragon,0
40695128,Maharaghi,Spirit Monster,EARTH,Rock,1200
53620899,Mahjong Munia Maidens,Flip Effect Monster,WIND,Winged Beast,200
21524779,Mahunder,Effect Monster,LIGHT,Thunder,1400
8445808,Maiden in Love,Effect Monster,LIGHT,Spellcaster,400
84055227,Maiden of Macabre,Effect Monster,DARK,Spellcaster,1700
17214465,Maiden of the Aqua,Effect Monster,WATER,Aqua,700
37552929,Maiden of the Millennium Moon,Effect Monster,LIGHT,Illusion,1500
79629370,Maiden of the Moonlight,Normal Monster,LIGHT,Spellcaster,1500
17947697,Maiden of White,Tuner Monster,LIGHT,Spellcaster,0
88241506,Maiden with Eyes of Blue,Tuner Monster,LIGHT,Spellcaster,0
5506791,Majespecter Cat - Nekomata,Pendulum Effect Monster,WIND,Spellcaster,100
68395509,Majespecter Crow - Yata,Pendulum Effect Monster,WIND,Spellcaster,1000
3594985,Majespecter Draco - Ryu,XYZ Pendulum Effect Monster,WIND,Spellcaster,2300
94784213,Majespecter Fox - Kyubi,Pendulum Effect Monster,WIND,Spellcaster,1500
66384688,Majespecter Orthrus - Nue,Link Monster,WIND,Spellcaster,1500
51073802,Majespecter Porcupine - Yamarashi,Pendulum Effect Monster,WIND,Spellcaster,1500
31991800,Majespecter Raccoon - Bunbuku,Pendulum Effect Monster,WIND,Spellcaster,1200
645794,Majespecter Toad - Ogama,Pendulum Effect Monster,WIND,Spellcaster,1300
31178212,Majespecter Unicorn - Kirin,Pendulum Effect Monster,WIND,Spellcaster,2000
88722973,"Majester Paladin, the Ascending Dracoslayer",XYZ Monster,WIND,Dragon,1850
21159309,Majestic Dragon,Tuner Monster,LIGHT,Dragon,0
95701283,Majestic Mech - Goryu,Effect Monster,LIGHT,Fairy,2900
69303178,Majestic Mech - Ohka,Effect Monster,LIGHT,Fairy,2400
32918479,Majestic Mech - Senku,Effect Monster,LIGHT,Fairy,1000
67030233,Majestic Red Dragon,Synchro Monster,DARK,Dragon,4000
7841112,Majestic Star Dragon,Synchro Monster,WIND,Dragon,3800
91434602,Majesty Hyperion,Effect Monster,DARK,Fairy,2100
95004025,"Majesty Maiden, the True Dracocaster",Effect Monster,WIND,Wyrm,2300
92332424,"Majesty Pegasus, the Dracoslayer",Pendulum Effect Monster,WIND,Spellcaster,1500
33746252,Majesty's Fiend,Effect Monster,LIGHT,Fiend,2400
60102563,Maji-Gire Panda,Effect Monster,EARTH,Beast,1000
67211766,Majioshaleon,Effect Monster,WATER,Reptile,2000
59951714,Majiosheldon,Effect Monster,WATER,Warrior,800
8794435,Maju Garzett,Effect Monster,DARK,Fiend,-1
21593977,Makyura the Destructor,Effect Monster,DARK,Warrior,1600
35330871,"Malacoda, Netherlord of the Burning Abyss",Ritual Effect Monster,DARK,Fiend,2700
9433350,Malefic Blue-Eyes White Dragon,Effect Monster,DARK,Dragon,3000
1710476,Malefic Cyber End Dragon,Effect Monster,DARK,Machine,4000
16958382,Malefic Paradigm Dragon,Effect Monster,DARK,Dragon,4000
8310162,Malefic Paradox Dragon,Synchro Monster,DARK,Dragon,4000
48829461,Malefic Paradox Gear,Effect Monster,DARK,Machine,0
74509280,Malefic Parallel Gear,Tuner Monster,DARK,Machine,0
598988,Malefic Rainbow Dragon,Effect Monster,DARK,Dragon,4000
55343236,Malefic Red-Eyes Black Dragon,Effect Monster,DARK,Dragon,2400
36521459,Malefic Stardust Dragon,Effect Monster,DARK,Dragon,2500
37115575,Malefic Truth Dragon,Effect Monster,DARK,Dragon,5000
31571902,Malevolent Mech - Goku En,Effect Monster,LIGHT,Zombie,2400
14255590,Malice Ascendant,Effect Monster,DARK,Zombie,700
72657739,Malice Doll of Demise,Effect Monster,DARK,Fiend,1600
25643346,"Malice, Lady of Lament",Effect Monster,DARK,Fiend,1000
61791132,Malicevorous Fork,Effect Monster,DARK,Fiend,400
98780137,Malicevorous Knife,Effect Monster,DARK,Fiend,600
35307484,Malicevorous Spoon,Effect Monster,DARK,Fiend,100
96676583,Maliss <P> Chessy Cat,Effect Monster,DARK,Cyberse,1500
32061192,Maliss <P> Dormouse,Effect Monster,DARK,Cyberse,900
20938824,Maliss <P> March Hare,Effect Monster,DARK,Cyberse,600
69272449,Maliss <P> White Rabbit,Effect Monster,DARK,Cyberse,1200
21848500,Maliss <Q> Hearts Crypter,Link Monster,DARK,Cyberse,2500
95454996,Maliss <Q> White Binder,Link Monster,DARK,Cyberse,2300
40374923,Mammoth Graveyard,Normal Monster,EARTH,Dinosaur,1200
40680521,Mamonaka the Vaylantz United,Pendulum Effect Fusion Monster,WATER,Spellcaster,2800
71395725,Man Beast of Ares,Effect Monster,EARTH,Beast-Warrior,500
93553943,Man Eater,Normal Monster,EARTH,Plant,800
54652250,Man-Eater Bug,Flip Effect Monster,EARTH,Insect,450
80727036,Man-Eating Black Shark,Fusion Monster,WATER,Fish,2100
49127943,Man-Eating Plant,Normal Monster,EARTH,Plant,800
13723605,Man-Eating Treasure Chest,Normal Monster,DARK,Fiend,1600
43714890,Man-Thro' Tro',Effect Monster,EARTH,Beast-Warrior,1000
11074235,Mana Dragon Zirnitron,Effect Monster,DARK,Dragon,2200
19474136,Mandragon,Pendulum Normal Monster,EARTH,Plant,2500
38369349,Manga Ryu-Ran,Toon Monster,FIRE,Dragon,2200
33455338,Maniacal Servant,Effect Monster,DARK,Spellcaster,600
95492061,Manju of the Ten Thousand Hands,Effect Monster,LIGHT,Fairy,1400
17272964,Mannadium Fearless,Tuner Monster,EARTH,Fairy,0
44760562,Mannadium Meek,Tuner Monster,WATER,Fairy,0
90465153,Mannadium Prime-Heart,Synchro Monster,LIGHT,Fairy,3000
71277255,Mannadium Riumheart,Effect Monster,LIGHT,Warrior,1500
80621253,Mannadium Torrid,Tuner Monster,FIRE,Fairy,0
21368273,Mannadium Trisukta,Synchro Tuner Monster,LIGHT,Fairy,2300
77121851,Manticore of Darkness,Effect Monster,FIRE,Beast-Warrior,2300
64538914,Manticore of Smashing,Effect Monster,FIRE,Beast-Warrior,2300
22916418,Mantman the Ultrahuman,Effect Monster,LIGHT,Psychic,2400
73104892,Maple Maiden,Synchro Monster,WIND,Fairy,2100
73417207,Mara of the Nordic Alfar,Tuner Monster,DARK,Spellcaster,1000
2460565,Marauding Captain,Effect Monster,EARTH,Warrior,1200
13903402,"Mardel, Generaider Boss of Light",Effect Monster,LIGHT,Plant,2400
54537489,Mare Mare,Tuner Monster,WATER,Wyrm,2100
58205203,"Mariamne Paradox, the True Dracophoenix Knight",Effect Monster,WIND,Wyrm,1800
94160895,"Mariamne, the True Dracophoenix",Effect Monster,WIND,Wyrm,2700
78540593,"Marina, Princess of Sunflowers",Effect Monster,FIRE,Plant,2800
20934852,Marincess Aqua Argonaut,Link Monster,WATER,Cyberse,2300
33945211,Marincess Basilalima,Effect Monster,WATER,Cyberse,600
43735670,Marincess Blue Slug,Link Monster,WATER,Cyberse,1500
91953000,Marincess Blue Tang,Effect Monster,WATER,Cyberse,1500
79130389,Marincess Coral Anemone,Link Monster,WATER,Cyberse,2000
84546257,Marincess Coral Triangle,Link Monster,WATER,Cyberse,1500
54569495,Marincess Crown Tail,Effect Monster,WATER,Cyberse,600
67712104,Marincess Crystal Heart,Link Monster,WATER,Cyberse,0
47910940,Marincess Great Bubble Reef,Link Monster,WATER,Cyberse,2600
28174796,Marincess Mandarin,Effect Monster,WATER,Cyberse,100
5524387,Marincess Marbled Rock,Link Monster,WATER,Cyberse,2500
99885917,Marincess Pascalus,Effect Monster,WATER,Cyberse,1200
30691817,Marincess Sea Angel,Link Monster,WATER,Cyberse,1000
36492575,Marincess Sea Horse,Effect Monster,WATER,Cyberse,1400
62886670,Marincess Sea Star,Effect Monster,WATER,Cyberse,800
57541158,Marincess Sleepy Maiden,Effect Monster,WATER,Cyberse,500
21057444,Marincess Springirl,Effect Monster,WATER,Cyberse,1200
94207108,Marincess Wonder Heart,Link Monster,WATER,Cyberse,2400
29929832,Marine Beast,Fusion Monster,WATER,Fish,1700
87514539,Marionette Mite,Effect Monster,DARK,Insect,1000
48737767,Marmiting Captain,Effect Monster,EARTH,Warrior,1200
93749093,Marshmacaron,Effect Monster,LIGHT,Fairy,200
31305911,Marshmallon,Effect Monster,LIGHT,Fairy,300
10966439,Marshmao☆Yummy,Effect Monster,LIGHT,Beast,800
81846453,Martial Metal Marcher,Synchro Tuner Monster,WIND,Machine,500
71466592,Maryokutai,Effect Monster,WATER,Aqua,900
44287299,Masaki the Legendary Swordsman,Normal Monster,EARTH,Warrior,1100
28933734,Mask of Darkness,Flip Effect Monster,DARK,Fiend,900
48948935,Masked Beast Des Gardius,Effect Monster,DARK,Fiend,3300
53573406,Masked Chameleon,Tuner Monster,EARTH,Reptile,1600
87350908,Masked Chopper,Effect Monster,EARTH,Fiend,100
77581312,Masked Clown,Normal Monster,DARK,Warrior,500
39191307,Masked Dragon,Effect Monster,FIRE,Dragon,1400
29095552,Masked HERO Acid,Fusion Monster,WATER,Warrior,2600
59642500,Masked HERO Anki,Fusion Monster,DARK,Warrior,2800
85672957,Masked HERO Atomic,Fusion Monster,FIRE,Warrior,2600
89870349,Masked HERO Blast,Fusion Monster,WIND,Warrior,2200
58481572,Masked HERO Dark Law,Fusion Monster,DARK,Warrior,2400
62624486,Masked HERO Dian,Fusion Monster,EARTH,Warrior,2800
22093873,Masked HERO Divine Wind,Fusion Monster,WIND,Warrior,2700
10808715,Masked HERO Dusk Crow,Effect Monster,DARK,Warrior,1200
66206748,Masked HERO Fountain,Effect Monster,WATER,Warrior,1000
58288218,Masked HERO Furnace,Effect Monster,FIRE,Warrior,2200
58147549,Masked HERO Goka,Fusion Monster,FIRE,Warrior,2200
50608164,Masked HERO Koga,Fusion Monster,LIGHT,Warrior,2500
10920352,Masked HERO Vapor,Fusion Monster,WATER,Warrior,2400
22512406,Masked Ninja Ebisu,Effect Monster,WIND,Warrior,1200
10189126,Masked Sorcerer,Effect Monster,DARK,Spellcaster,900
6855503,Masquerade the Blazing Dragon,Fusion Monster,DARK,Fiend,2500
75499502,Master & Expert,Normal Monster,EARTH,Beast,1200
25727454,Master Craftsman Gamil,Effect Monster,FIRE,Pyro,200
16191953,Master Gig,Effect Monster,EARTH,Psychic,2600
55794644,Master Hyperion,Effect Monster,LIGHT,Fairy,2700
24530661,Master Kyonshee,Normal Monster,EARTH,Zombie,1750
49814180,Master Monk,Effect Monster,EARTH,Rock,1900
85059922,Master of Chaos,Fusion Monster,DARK,Spellcaster,3000
9551692,Master of Ham,Fusion Monster,EARTH,Beast,2100
27134689,Master of Oz,Fusion Monster,EARTH,Beast,4200
34160055,Master of the Flaming Dragonswords,Effect Monster,FIRE,Warrior,1800
34079868,"Master Peace, the True Dracoslayer",Effect Monster,LIGHT,Dragon,2950
21377582,"Master Peace, the True Dracoslaying King",Effect Monster,LIGHT,Wyrm,2950
12800564,"Master Peace, the True Dracoverlord",Effect Monster,DARK,Wyrm,2950
75195825,"Master Pendulum, the Dracoslayer",Pendulum Normal Monster,LIGHT,Dragon,1950
34541543,Master Tao the Chanter,Effect Monster,EARTH,Illusion,1200
45644898,Master with Eyes of Blue,Tuner Monster,LIGHT,Spellcaster,300
11327848,Master's Diploman,Effect Monster,DARK,Machine,2000
63101468,Masterflare Hyperion,Synchro Monster,LIGHT,Fairy,3200
35606858,Masterking Archfiend,Link Monster,DARK,Fiend,2000
7622360,Matador Archfiend,Ritual Effect Monster,DARK,Warrior,0
22609617,Mataza the Zapper,Effect Monster,DARK,Warrior,1300
72409226,Materiactor Exagard,XYZ Monster,WATER,Dragon,2000
37426272,Materiactor Exareptor,Effect Monster,WATER,Dragon,1500
70597485,Materiactor Gigaboros,XYZ Monster,DARK,Dragon,500
33008376,Materiactor Gigadra,Effect Monster,DARK,Dragon,1000
64911387,Materiactor Zeptwing,Effect Monster,FIRE,Dragon,0
41386308,Mathematician,Effect Monster,EARTH,Spellcaster,1500
80965043,Mathmech Addition,Effect Monster,FIRE,Cyberse,1000
36521307,Mathmech Circular,Effect Monster,LIGHT,Cyberse,1500
17946349,Mathmech Diameter,Tuner Monster,LIGHT,Cyberse,1000
89743495,Mathmech Division,Effect Monster,EARTH,Cyberse,1500
52354896,Mathmech Multiplication,Effect Monster,EARTH,Cyberse,500
53577438,Mathmech Nabla,Tuner Monster,DARK,Cyberse,1000
27182739,Mathmech Sigma,Tuner Monster,LIGHT,Cyberse,1000
16360142,Mathmech Subtraction,Effect Monster,FIRE,Cyberse,1000
52904476,Matriarch of Nephthys,Effect Monster,WIND,Spellcaster,600
59036972,Mavelus,Fusion Monster,WIND,Winged Beast,1300
94538053,Max Warrior,Effect Monster,WIND,Warrior,1800
30707994,Maximum Six,Effect Monster,EARTH,Warrior,1900
23434538,"Maxx ""C""",Effect Monster,EARTH,Insect,500
93368494,Mayosenju Daibak,Pendulum Effect Monster,WIND,Beast,3000
21364070,Mayosenju Hitot,Pendulum Effect Monster,WIND,Beast,2000
6133894,Mazera DeVille,Effect Monster,DARK,Fiend,2800
50176820,Mech Bass,Normal Monster,WATER,Machine,1800
63545455,Mech Mole Zombie,Normal Monster,DARK,Zombie,500
10110717,Mecha Bunny,Effect Monster,EARTH,Machine,800
16943770,Mecha Phantom Beast Aerosguin,Effect Monster,WIND,Machine,1600
44097050,Mecha Phantom Beast Auroradon,Link Monster,WIND,Machine,2100
4417407,Mecha Phantom Beast Blackfalcon,Effect Monster,WIND,Machine,1200
67489919,Mecha Phantom Beast Blue Impala,Tuner Monster,WIND,Machine,1400
94973028,Mecha Phantom Beast Coltwing,Effect Monster,WIND,Machine,1600
53451824,Mecha Phantom Beast Concoruda,Synchro Monster,WIND,Machine,2400
22110647,Mecha Phantom Beast Dracossack,XYZ Monster,WIND,Machine,2600
66200210,Mecha Phantom Beast Hamstrat,Effect Monster,WIND,Machine,1100
20368763,Mecha Phantom Beast Harrliard,Effect Monster,WIND,Machine,1800
26949946,Mecha Phantom Beast Jaculuslan,Synchro Monster,WIND,Machine,2700
41329458,Mecha Phantom Beast Kalgriffin,Effect Monster,WIND,Machine,1000
31533704,Mecha Phantom Beast Megaraptor,Effect Monster,WIND,Machine,1900
72291078,Mecha Phantom Beast O-Lion,Tuner Monster,WIND,Machine,600
44026393,Mecha Phantom Beast Raiten,Effect Monster,WIND,Machine,1500
15335853,Mecha Phantom Beast Sabre Hawk,Effect Monster,WIND,Machine,2100
30811116,Mecha Phantom Beast Stealthray,Effect Monster,WIND,Machine,100
67922702,Mecha Phantom Beast Tetherwolf,Effect Monster,WIND,Machine,1700
76902476,Mecha Phantom Beast Turtletracer,Effect Monster,WIND,Machine,500
31480215,Mecha Phantom Beast Warbluran,Tuner Monster,WIND,Machine,300
40160226,Mecha Sea Dragon Plesion,Effect Monster,WATER,Machine,2300
94667532,Mecha-Dog Marron,Effect Monster,LIGHT,Machine,1000
94412545,Mechaleon,Normal Monster,WATER,Reptile,800
22512237,Mechanical Hound,Effect Monster,EARTH,Machine,2800
34442949,Mechanical Snail,Normal Monster,DARK,Machine,800
7359741,Mechanicalchaser,Normal Monster,DARK,Machine,1850
15914410,Mechquipped Angineer,XYZ Monster,LIGHT,Fairy,1800
76211194,Meda Bat,Normal Monster,DARK,Fiend,800
88494899,Medium of the Ice Barrier,Effect Monster,WATER,Spellcaster,2200
58843503,Medium Piece Golem,Effect Monster,EARTH,Rock,1600
97556336,Medius the Pure,Effect Monster,DARK,Fairy,1800
2694423,Medusa Worm,Effect Monster,EARTH,Rock,500
18551923,"Medusa, Watcher of the Evil Eye",Effect Monster,DARK,Fiend,1400
46820049,Mefist the Infernal General,Effect Monster,DARK,Fiend,1800
96546575,Mega Fortress Whale,Effect Monster,WATER,Fish,2550
21817254,Mega Thunderball,Normal Monster,WIND,Thunder,750
25726386,Megalith Aratron,Ritual Effect Monster,EARTH,Rock,2000
99628747,Megalith Bethor,Ritual Effect Monster,EARTH,Rock,1500
90444325,Megalith Hagith,Ritual Effect Monster,EARTH,Rock,1300
44293356,Megalith Notrah Plura,Ritual Effect Monster,EARTH,Rock,3700
36849933,Megalith Och,Ritual Effect Monster,EARTH,Rock,1000
63056220,Megalith Ophiel,Ritual Effect Monster,EARTH,Rock,1600
63233638,Megalith Phaleg,Ritual Effect Monster,EARTH,Rock,2500
78990927,Megalith Phul,Ritual Effect Monster,EARTH,Rock,500
8805651,Megalith Phuloch,Ritual Effect Monster,EARTH,Rock,2000
81823360,Megalosmasher X,Normal Monster,WATER,Dinosaur,2000
71544954,Megarock Dragon,Effect Monster,EARTH,Rock,-1
7562372,Megasonic Eye,Normal Monster,DARK,Machine,1500
75390004,Megazowler,Normal Monster,EARTH,Dinosaur,1800
23032273,Megirus Light,Normal Monster,DARK,Fiend,900
83035296,Megistric Maginician,Effect Monster,FIRE,Spellcaster,0
47731128,"Mei-Kou, Master of Barriers",Effect Monster,LIGHT,Spellcaster,1700
11825276,Meizen the Battle Ninja,Fusion Monster,DARK,Warrior,2500
93715853,Mekanikal Arkfiend,Effect Monster,DARK,Fiend,100
84754430,Mekk-Knight Avram,Normal Monster,LIGHT,Psychic,2000
20537097,Mekk-Knight Blue Sky,Effect Monster,LIGHT,Psychic,2000
21887175,Mekk-Knight Crusadia Avramax,Link Monster,LIGHT,Cyberse,3000
66022706,Mekk-Knight Green Horizon,Effect Monster,LIGHT,Psychic,2100
92204263,Mekk-Knight Indigo Eclipse,Effect Monster,LIGHT,Psychic,2400
72006609,Mekk-Knight of the Morning Star,Link Monster,LIGHT,Machine,2000
93020401,Mekk-Knight Orange Sunset,Effect Monster,LIGHT,Psychic,800
28692962,Mekk-Knight Purple Nightfall,Effect Monster,LIGHT,Psychic,2500
56809158,Mekk-Knight Red Moon,Effect Monster,LIGHT,Psychic,2300
38502358,Mekk-Knight Spectrum Supreme,Link Monster,LIGHT,Cyberse,3000
29415459,Mekk-Knight Yellow Star,Effect Monster,LIGHT,Psychic,2200
3715284,Meklord Army Deployer Obbligato,Effect Monster,LIGHT,Machine,1200
2137678,Meklord Army of Granel,Effect Monster,EARTH,Machine,1600
75733063,Meklord Army of Skiel,Effect Monster,WIND,Machine,1200
39648965,Meklord Army of Wisel,Effect Monster,DARK,Machine,1800
38522377,Meklord Astro Dragon Asterisk,Effect Monster,DARK,Machine,0
4837861,Meklord Astro Dragon Triskelion,Effect Monster,DARK,Machine,3000
63468625,Meklord Astro Mekanikle,Effect Monster,LIGHT,Machine,4000
4545683,Meklord Emperor Granel,Effect Monster,EARTH,Machine,0
31930787,Meklord Emperor Skiel,Effect Monster,WIND,Machine,2200
68140974,Meklord Emperor Wisel,Effect Monster,DARK,Machine,2500
30221870,Meklord Emperor Wisel - Synchro Absorption,Effect Monster,DARK,Machine,2500
77710579,Meklord Nucleus Infinity Core,Effect Monster,DARK,Machine,0
86569121,Melchid the Four-Face Beast,Normal Monster,DARK,Fiend,1500
93018428,Melffy Catty,Effect Monster,EARTH,Beast,200
57523313,Melffy Fenny,Effect Monster,EARTH,Beast,100
76833149,Melffy Mommy,XYZ Monster,EARTH,Beast,1000
30439101,Melffy of the Forest,XYZ Monster,EARTH,Beast,500
34800281,Melffy Pinny,Tuner Monster,WATER,Beast,300
56401775,Melffy Pony,Effect Monster,EARTH,Beast,400
20003027,Melffy Puppy,Effect Monster,EARTH,Beast,300
20129614,Melffy Rabby,Normal Monster,EARTH,Beast,0
98416533,Melffy Wally,Effect Monster,EARTH,Beast,0
64245689,Meliae of the Trees,XYZ Monster,EARTH,Plant,1700
88942504,Melomelody the Brass Djinn,XYZ Monster,LIGHT,Fiend,1400
49905576,"Meltiel, Sage of the Sky",Effect Monster,LIGHT,Fairy,1600
23288411,Mementoal Tecuhtlica - Combined Creation,Effect Monster,EARTH,Wyrm,5000
14529511,Mementomictlan Tecuhtlica - Creation King,Fusion Monster,EARTH,Illusion,3000
54207171,Mementotlan Akihiron,Effect Monster,WATER,Aqua,1700
54550967,Mementotlan Angwitch,Effect Monster,DARK,Spellcaster,800
18165869,Mementotlan Dark Blade,Effect Monster,DARK,Warrior,1800
52918032,Mementotlan Ghattic,Effect Monster,DARK,Fiend,550
17943271,Mementotlan Goblin,Effect Monster,DARK,Fiend,400
81945676,Mementotlan Mace,Effect Monster,LIGHT,Fairy,400
50042011,Mementotlan Shleepy,Effect Monster,EARTH,Beast,800
81677154,Mementotlan Tatsunootoshigo,Effect Monster,EARTH,Beast,1350
19181420,Mementotlan Twin Dragon,Fusion Monster,LIGHT,Thunder,2800
55272555,Mementotlan-Horned Dragon,Effect Monster,DARK,Dragon,2850
75675029,Memory Crush King,Effect Monster,DARK,Fiend,2000
48700891,Memory Crusher,Effect Monster,DARK,Fiend,1000
36565699,Mental Seeker,Tuner Monster,EARTH,Psychic,800
30291086,Mental Tuner,Tuner Monster,LIGHT,Psychic,200
53832650,Meotoko,Normal Monster,EARTH,Beast,700
34198387,Meowseclick,Effect Monster,EARTH,Cyberse,1400
34926568,Merciless Scorpion of Serket,Effect Monster,EARTH,Fairy,2500
9940036,Mereologic Aggregator,XYZ Monster,DARK,Cyberse,2600
3580032,Merlin,Effect Monster,DARK,Spellcaster,1400
4252828,Mermaid Archer,Effect Monster,WATER,Sea Serpent,1200
24435369,Mermaid Knight,Effect Monster,WATER,Aqua,1500
87047161,Mermaid Shark,Effect Monster,WATER,Fish,100
23545031,Mermail Abyssalacia,Link Monster,WATER,Sea Serpent,1600
75180828,Mermail Abyssbalaen,Effect Monster,WATER,Aqua,2500
74298287,Mermail Abyssdine,Effect Monster,WATER,Aqua,1000
74371660,Mermail Abyssgaios,XYZ Monster,WATER,Aqua,2800
69293721,Mermail Abyssgunde,Effect Monster,WATER,Aqua,1400
96682430,Mermail Abysshilde,Effect Monster,WATER,Aqua,1300
37781520,Mermail Abyssleed,Effect Monster,WATER,Sea Serpent,2700
23899727,Mermail Abysslinde,Effect Monster,WATER,Aqua,1500
95466842,Mermail Abysslung,Effect Monster,WATER,Fish,1200
21767650,Mermail Abyssmander,Effect Monster,WATER,Fish,100
21954587,Mermail Abyssmegalo,Effect Monster,WATER,Sea Serpent,2400
71133680,Mermail Abyssnerei,Effect Monster,WATER,Aqua,1200
282886,Mermail Abyssnose,Effect Monster,WATER,Fish,1500
28577986,Mermail Abyssocea,Effect Monster,WATER,Aqua,1100
58471134,Mermail Abysspike,Effect Monster,WATER,Fish,1600
22446869,Mermail Abyssteus,Effect Monster,WATER,Aqua,1700
59170782,Mermail Abysstrite,XYZ Monster,WATER,Sea Serpent,1600
22076135,Mermail Abyssturge,Effect Monster,WATER,Fish,1700
69385019,Mermail King - Neptabyss,Link Monster,WATER,Sea Serpent,2300
53085623,Mermail Shadow Squad,Effect Monster,WATER,Sea Serpent,0
81019803,Merry Melffys,Synchro Monster,EARTH,Beast,1500
49808196,Metabo Globster,Effect Monster,DARK,Fiend,800
37792478,Metabo-Shark,Effect Monster,WATER,Fish,1800
74530899,"Metaion, the Timelord",Effect Monster,FIRE,Fairy,0
65957473,Metal Armored Bug,Normal Monster,EARTH,Insect,2800
9293977,Metal Dragon,Fusion Monster,WIND,Machine,1850
55998462,Metal Fish,Normal Monster,WATER,Machine,1600
68339286,Metal Guardian,Normal Monster,DARK,Fiend,1150
29157292,Metal Illusionist,Effect Monster,LIGHT,Spellcaster,0
7200041,Metal Shooter,Effect Monster,LIGHT,Machine,800
27704731,Metalflame Swordsman,Effect Monster,FIRE,Machine,2500
81612598,Metalfoes Adamante,Fusion Monster,FIRE,Psychic,2500
54401832,Metalfoes Crimsonite,Fusion Monster,FIRE,Psychic,3000
33256280,Metalfoes Goldriver,Pendulum Normal Monster,FIRE,Psychic,1900
4688231,Metalfoes Mithrilium,Fusion Monster,FIRE,Psychic,2600
28016193,Metalfoes Orichalc,Fusion Monster,FIRE,Psychic,2800
7868571,Metalfoes Silverd,Pendulum Normal Monster,FIRE,Psychic,1700
60473572,Metalfoes Steelen,Pendulum Normal Monster,FIRE,Psychic,0
56518311,Metalfoes Vanisher,Pendulum Effect Monster,FIRE,Psychic,2900
69351984,Metalfoes Volflame,Pendulum Normal Monster,FIRE,Psychic,2400
7369217,Metallizing Parasite - Lunatite,Union Effect Monster,WATER,Aqua,1000
87564935,Metallizing Parasite - Soltite,Union Effect Monster,WATER,Aqua,1000
32472237,Metalrokket Dragon,Effect Monster,DARK,Dragon,1700
57761191,"Metaltron XII, the True Dracombatant",Effect Monster,LIGHT,Wyrm,3000
50705071,Metalzoa,Effect Monster,DARK,Machine,3000
27268998,Metalzoa X,Effect Monster,DARK,Machine,3000
41456841,Metamorphosed Insect Queen,Effect Monster,EARTH,Insect,2800
89189982,Metaphys Armed Dragon,Normal Monster,LIGHT,Wyrm,2800
45960523,Metaphys Daedalus,Effect Monster,LIGHT,Wyrm,2600
12196873,Metaphys Decoy Dragon,Pendulum Effect Monster,LIGHT,Wyrm,300
45148985,Metaphys Executor,Effect Monster,LIGHT,Wyrm,3000
36898537,Metaphys Horus,Synchro Monster,LIGHT,Wyrm,2300
72355272,Metaphys Nephthys,Effect Monster,LIGHT,Wyrm,2400
19476824,Metaphys Ragnarok,Tuner Monster,LIGHT,Wyrm,1500
18743376,Metaphys Tyrant Dragon,Effect Monster,LIGHT,Wyrm,2900
30086349,Meteor Black Comet Dragon,Fusion Monster,DARK,Dragon,3500
90660762,Meteor Black Dragon,Fusion Monster,FIRE,Dragon,3500
64271667,Meteor Dragon,Normal Monster,EARTH,Dragon,1800
17871506,Meteor Dragon Red-Eyes Impact,Gemini Monster,DARK,Dragon,1800
99748883,Meteor Rush - Monochroid,Effect Monster,EARTH,Machine,0
26638543,Metrognome,Pendulum Effect Monster,EARTH,Fairy,1800
92826944,Mezuki,Effect Monster,EARTH,Zombie,1700
30373970,Miasma Dragon Tistina,Effect Monster,DARK,Aqua,2000
69176851,Miasma Necromancer,Link Monster,DARK,Spellcaster,1800
4779823,"Michael, the Arch-Lightsworn",Synchro Monster,LIGHT,Dragon,2600
7733560,"Michion, the Timelord",Effect Monster,FIRE,Fairy,0
2347477,Micro Coder,Effect Monster,DARK,Cyberse,300
75487237,Mid Shield Gardna,Effect Monster,EARTH,Warrior,100
83678433,Midnight Fiend,Normal Monster,DARK,Fiend,800
81743801,Mighty Dino King Rex,Effect Monster,EARTH,Dinosaur,3200
62327910,Mighty Guard,Normal Monster,EARTH,Machine,500
53981499,Mighty Warrior,Synchro Monster,EARTH,Warrior,2200
87640391,Migratory Zereort,Effect Monster,WATER,Winged Beast,1000
38277918,Mikazukinoyaiba,Normal Monster,DARK,Dragon,2200
85753549,"Mikazukinoyaiba, the Moon Fang Dragon",Effect Monster,DARK,Dragon,2200
47558785,Mild Turkey,Pendulum Normal Monster,FIRE,Winged Beast,1000
33225925,Milla the Temporal Magician,Effect Monster,LIGHT,Spellcaster,1800
47986555,Millennium Golem,Normal Monster,EARTH,Rock,2000
82482194,Millennium Scorpion,Effect Monster,EARTH,Insect,2000
5130393,Millennium Seeker,Effect Monster,DARK,Spellcaster,1000
32012841,Millennium Shield,Normal Monster,EARTH,Warrior,0
89785779,Millennium-Eyes Illusionist,Effect Monster,DARK,Spellcaster,0
41578483,Millennium-Eyes Restrict,Fusion Monster,DARK,Spellcaster,0
7489323,Milus Radiant,Effect Monster,EARTH,Beast,300
72427512,Mimicking Man-Eater Bug,Flip Effect Monster,EARTH,Insect,450
50415441,Mimighoul Archfiend,Flip Effect Monster,EARTH,Fiend,0
11677278,Mimighoul Armor,Flip Effect Monster,EARTH,Warrior,600
23920796,Mimighoul Cerberus,Flip Effect Monster,EARTH,Beast,400
81522098,Mimighoul Dragon,Flip Effect Monster,EARTH,Dragon,500
43066927,Mimighoul Fairy,Flip Effect Monster,EARTH,Fairy,100
82933935,Mimighoul Flower,Flip Effect Monster,EARTH,Plant,0
55537983,Mimighoul Master,Effect Monster,EARTH,Zombie,1800
80551022,Mimighoul Slime,Flip Effect Monster,EARTH,Aqua,400
42940335,Mimighoul Throne,XYZ Monster,EARTH,Rock,0
74879881,Mimikuril,Effect Monster,DARK,Fiend,0
45651298,Mimimic,Effect Monster,EARTH,Machine,300
76348260,Mimir of the Nordic Ascendant,Effect Monster,DARK,Fairy,600
61845881,Minairuka,Effect Monster,WATER,Fish,1500
32539892,Minar,Effect Monster,EARTH,Insect,850
12172567,Mind Castlin,Synchro Monster,DARK,Psychic,1500
96782886,Mind Master,Tuner Monster,LIGHT,Psychic,100
66690411,Mind on Air,Effect Monster,DARK,Spellcaster,1000
62606805,Mind Procedure,Tuner Monster,LIGHT,Psychic,1100
85060248,Mind Protector,Effect Monster,LIGHT,Psychic,0
76321376,Mine Golem,Effect Monster,EARTH,Rock,1000
94079037,Mine Mole,Effect Monster,EARTH,Beast,1000
24419823,Minefieldriller,Effect Monster,EARTH,Machine,1500
40164421,"Minerva, Lightsworn Maiden",Tuner Monster,LIGHT,Spellcaster,800
53666449,"Minerva, Scholar of the Sky",Effect Monster,LIGHT,Fairy,1700
18843291,"Minerva, the Athenian Lightsworn",Synchro Monster,LIGHT,Fairy,2800
30100551,"Minerva, the Exalted Lightsworn",XYZ Monster,LIGHT,Fairy,2000
73341839,Miniborrel Dragon,Link Monster,DARK,Dragon,800
21147203,Minimalian,Effect Monster,WATER,Psychic,100
43708640,Minoan Centaur,Effect Monster,EARTH,Beast-Warrior,1800
46864967,Minomushi Warrior,Normal Monster,EARTH,Rock,1300
44201739,Mira Match,Effect Monster,FIRE,Spellcaster,0
60181553,Mira the Star-Bearer,XYZ Monster,LIGHT,Warrior,1100
30875635,Miracle Ejector,Effect Monster,EARTH,Spellcaster,400
131182,Miracle Flipper,Effect Monster,LIGHT,Spellcaster,300
63259351,Miracle Jurassic Egg,Effect Monster,EARTH,Dinosaur,0
18988396,Miracle Raven,Pendulum Effect Ritual Monster,DARK,Fiend,300
15960641,Mirage Dragon,Effect Monster,LIGHT,Dragon,1600
49217579,Mirage Knight,Effect Monster,LIGHT,Warrior,2800
73936388,Mirage Swordsman,Effect Monster,FIRE,Warrior,2800
84687358,Mirror Force Dragon,Fusion Monster,LIGHT,Dragon,2800
45358284,Mirror Ladybug,Effect Monster,LIGHT,Insect,100
9396662,Mirror Mage of the Ice Barrier,Tuner Monster,WATER,Aqua,1000
40159926,Mirror Resonator,Tuner Monster,LIGHT,Fiend,0
28954097,Mirror Swordknight,Effect Monster,LIGHT,Illusion,1900
44146295,Mirrorjade the Iceblade Dragon,Fusion Monster,DARK,Wyrm,3000
33178416,Misairuzame,Normal Monster,WATER,Fish,1400
38572779,Miscellaneousaurus,Effect Monster,FIRE,Dinosaur,1800
28115467,MiSolfachord Eliteia,Pendulum Effect Monster,WATER,Fairy,1100
12836042,Missing Force,Effect Monster,DARK,Warrior,1500
3987233,Missus Radiant,Link Monster,EARTH,Beast,1400
28601770,Mist Archfiend,Effect Monster,DARK,Fiend,2400
15240238,Mist Bird Clausolas,Synchro Monster,WIND,Winged Beast,0
65549080,Mist Condor,Effect Monster,WIND,Winged Beast,1400
29587993,Mist Valley Apex Avian,Effect Monster,WIND,Winged Beast,2700
14983497,Mist Valley Baby Roc,Tuner Monster,WIND,Winged Beast,400
41978142,Mist Valley Executor,Effect Monster,WIND,Thunder,2100
82199284,Mist Valley Falcon,Effect Monster,WIND,Winged Beast,2000
95443805,Mist Valley Shaman,Tuner Monster,WIND,Winged Beast,1200
22837504,Mist Valley Soldier,Tuner Monster,WIND,Winged Beast,1700
89310929,Mist Valley Thunder Lord,Synchro Monster,WIND,Thunder,2600
69448290,Mist Valley Thunderbird,Effect Monster,WIND,Thunder,1100
29054481,Mist Valley Watcher,Normal Monster,WIND,Spellcaster,1500
92933195,Mist Valley Windmaster,Tuner Monster,WIND,Winged Beast,400
27315304,Mist Wurm,Synchro Monster,WIND,Thunder,2500
65170459,Mistar Boy,Link Monster,WATER,Aqua,1400
22404675,Mithra the Thunder Vassal,Effect Monster,LIGHT,Thunder,800
67282505,Mitsu the Insect Ninja,Effect Monster,WATER,Insect,200
76948970,"Mitsurugi no Miko, Wousu",Effect Monster,DARK,Reptile,2000
40543231,"Mitsurugi no Mikoto, Aramasa",Effect Monster,DARK,Reptile,1200
82782870,"Mitsurugi no Mikoto, Kusanagi",Effect Monster,DARK,Reptile,1600
18176525,"Mitsurugi no Mikoto, Saji",Effect Monster,DARK,Reptile,1000
71340250,Mixeroid,Effect Monster,WIND,Machine,0
45159319,Moai Interceptor Cannons,Effect Monster,EARTH,Rock,1100
4929256,Mobius the Frost Monarch,Effect Monster,WATER,Aqua,2400
23689697,Mobius the Mega Monarch,Effect Monster,WATER,Aqua,2800
9861795,Mogmole,Effect Monster,EARTH,Beast,800
66736715,"Moissa Knight, the Comet General",Pendulum Effect Monster,LIGHT,Warrior,100
19093698,Moissa Wight,Effect Monster,DARK,Zombie,300
75285069,Moisture Creature,Effect Monster,LIGHT,Fairy,2800
94878265,Moja,Effect Monster,EARTH,Beast,100
27288416,Mokey Mokey,Normal Monster,LIGHT,Fairy,300
99910751,Mokey Mokey Adrift,Effect Monster,LIGHT,Fairy,300
13803864,Mokey Mokey King,Fusion Monster,LIGHT,Fairy,300
85401123,Mokomoko,Flip Effect Monster,WATER,Illusion,300
17192817,Molten Behemoth,Normal Monster,FIRE,Pyro,1000
4732017,Molten Zombie,Effect Monster,FIRE,Pyro,1600
7225792,Mon Larvas,Normal Monster,EARTH,Beast,1300
3810071,Monk Fighter,Effect Monster,EARTH,Rock,1300
32519092,Monk of the Tenyi,Link Monster,EARTH,Wyrm,1000
56897896,Mono Synchron,Tuner Monster,DARK,Machine,0
58807980,Monoceros,Effect Monster,LIGHT,Beast,1000
36121917,Monster Egg,Normal Monster,EARTH,Warrior,600
637216,Monster Express,Effect Monster,EARTH,Machine,1500
84133008,Monster Eye,Effect Monster,DARK,Fiend,250
97612389,Monster Tamer,Normal Monster,EARTH,Warrior,1800
35712107,Monstrous Bird,Normal Monster,WIND,Winged Beast,2000
15820147,Monsturtle,Normal Monster,WATER,Aqua,800
23303072,Montage Dragon,Effect Monster,EARTH,Dragon,-1
66818682,Moon Dragon Quilla,Synchro Monster,DARK,Dragon,2500
45909477,Moon Envoy,Normal Monster,LIGHT,Warrior,1100
336601,Moon Gardna,Effect Monster,LIGHT,Spellcaster,100
74941992,Moon Magician,Effect Monster,LIGHT,Spellcaster,1800
71818935,Moon of the Closed Heaven,Link Monster,LIGHT,Fiend,1200
16366944,Moonlit Papillon,Effect Monster,LIGHT,Insect,1200
38505587,Moremarshmallon,Effect Monster,LIGHT,Fairy,300
24027078,"Morgan, the Enchantress of Avalon",Effect Monster,DARK,Spellcaster,1300
29439831,Morgana the Witch of Eyes,Effect Monster,DARK,Spellcaster,1500
55784832,Morinphen,Normal Monster,DARK,Fiend,1550
71717923,Mormolith,Effect Monster,EARTH,Rock,1000
85457355,Morph King Stygi-Gel,Tuner Monster,DARK,Fiend,100
38267552,"Morpheus, the Dream Mirror Black Knight",Effect Monster,DARK,Warrior,2800
1872843,"Morpheus, the Dream Mirror White Knight",Effect Monster,LIGHT,Warrior,1000
33508719,Morphing Jar,Flip Effect Monster,EARTH,Rock,700
79106360,Morphing Jar #2,Flip Effect Monster,EARTH,Rock,800
43573231,Morpho Butterspy,Effect Monster,DARK,Warrior,1200
48381268,Morphtronic Boarden,Effect Monster,EARTH,Machine,500
92720564,Morphtronic Boomboxen,Effect Monster,EARTH,Machine,1200
28124263,Morphtronic Cameran,Effect Monster,LIGHT,Machine,800
93542102,Morphtronic Celfon,Effect Monster,EARTH,Machine,100
91607976,Morphtronic Clocken,Effect Monster,EARTH,Machine,600
66331855,Morphtronic Datatron,Effect Monster,FIRE,Pyro,1200
37260946,Morphtronic Earfon,Synchro Monster,EARTH,Machine,1200
76865611,Morphtronic Lantron,Tuner Monster,LIGHT,Machine,200
29947751,Morphtronic Magnen,Effect Monster,EARTH,Thunder,800
45593005,Morphtronic Magnen Bar,Effect Monster,EARTH,Thunder,100
55119278,Morphtronic Radion,Effect Monster,LIGHT,Thunder,1000
57108202,Morphtronic Remoten,Tuner Monster,EARTH,Machine,300
1876841,Morphtronic Scannen,Tuner Monster,EARTH,Machine,1500
10591919,Morphtronic Scopen,Tuner Monster,LIGHT,Machine,800
75775867,Morphtronic Slingen,Effect Monster,WIND,Machine,1200
15521027,Morphtronic Smartfon,Tuner Monster,EARTH,Machine,100
2250266,Morphtronic Staplen,Effect Monster,EARTH,Machine,1400
38082437,Morphtronic Telefon,Tuner Monster,EARTH,Machine,100
48868994,Morphtronic Vacuumen,Effect Monster,WIND,Machine,0
84592800,Morphtronic Videon,Effect Monster,LIGHT,Machine,1000
8483333,Mosaic Manticore,Effect Monster,EARTH,Beast,2800
57839750,Mother Grizzly,Effect Monster,WATER,Beast-Warrior,1400
17021204,Mother Spider,Effect Monster,DARK,Insect,2300
34034150,Mother Spider Splitter,Effect Monster,DARK,Insect,0
18837926,Motivating Captain,Effect Monster,EARTH,Warrior,400
77672444,Motor Frenzy,Effect Monster,DARK,Machine,2100
65515667,Motor Kaiser,Effect Monster,DARK,Machine,2000
78394032,Motor Shell,Effect Monster,DARK,Machine,1300
13959634,Moulinglacia the Elemental Lord,Effect Monster,WATER,Sea Serpent,2800
4931562,Mountain Warrior,Normal Monster,EARTH,Beast-Warrior,600
3395226,Mozarta the Melodious Maestra,Effect Monster,LIGHT,Fairy,2600
31477025,Mr. Volcano,Normal Monster,FIRE,Pyro,2100
86767655,Ms. Judge,Effect Monster,LIGHT,Fiend,1800
71607202,Muckraker From the Underworld,Link Monster,DARK,Fiend,1000
70307656,Mucus Yolk,Effect Monster,DARK,Aqua,0
71002019,Mudan the Rikka Fairy,Effect Monster,WATER,Plant,1000
84040113,Muddy Mudragon,Synchro Monster,DARK,Dragon,500
82108372,Mudora,Effect Monster,EARTH,Fairy,1500
99937011,Mudora the Sword Oracle,Effect Monster,EARTH,Fairy,1500
54757758,Mudragon of the Swamp,Fusion Monster,WATER,Wyrm,1900
46657337,Muka Muka,Effect Monster,EARTH,Rock,600
42141493,Mulcharmy Fuwalos,Effect Monster,WIND,Winged Beast,100
87126721,Mulcharmy Meowls,Effect Monster,EARTH,Beast,100
84192580,Mulcharmy Purulia,Effect Monster,WATER,Aqua,100
71628381,Multiple Piece Golem,Fusion Monster,EARTH,Rock,2600
92385016,Munin the Runick Wings,Fusion Monster,LIGHT,Fairy,0
4848423,Muscle Medic,Effect Monster,WATER,Warrior,2200
69992868,Muse-A,Normal Monster,LIGHT,Fairy,850
14181608,Mushroom Man,Normal Monster,EARTH,Plant,800
93900406,Mushroom Man #2,Effect Monster,EARTH,Warrior,1250
96637156,Musical Sumo Dice Games,XYZ Monster,FIRE,Machine,600
56907389,Musician King,Fusion Monster,LIGHT,Spellcaster,1750
9837195,"Musto, Oracle of Gusto",Effect Monster,WIND,Psychic,1800
11508758,Mutant Mindmaster,Effect Monster,DARK,Spellcaster,0
26563200,Muzurhythm the String Djinn,XYZ Monster,WIND,Fiend,1500
13735899,Mysterion the Dragon Crown,Fusion Monster,LIGHT,Spellcaster,3000
1347977,Mysterious Guard,Flip Effect Monster,EARTH,Spellcaster,800
54098121,Mysterious Puppeteer,Effect Monster,EARTH,Warrior,1000
62793020,Mystery Hand,Normal Monster,DARK,Fiend,500
18108166,Mystery Shell Dragon,Normal Monster,DARK,Wyrm,2000
47060154,Mystic Clown,Normal Monster,DARK,Fiend,1500
68516705,Mystic Horseman,Normal Monster,EARTH,Beast,1300
98049915,Mystic Lamp,Effect Monster,DARK,Spellcaster,400
51912531,Mystic Macrocarpa Seed,Tuner Monster,EARTH,Plant,500
14198496,Mystic Piper,Effect Monster,LIGHT,Spellcaster,0
97534104,Mystic Potato,Effect Monster,DARK,Plant,1400
47507260,Mystic Swordsman LV2,Effect Monster,EARTH,Warrior,900
74591968,Mystic Swordsman LV4,Effect Monster,EARTH,Warrior,1900
60482781,Mystic Swordsman LV6,Effect Monster,EARTH,Warrior,2300
83011278,Mystic Tomato,Effect Monster,DARK,Plant,1400
89194033,Mystical Beast of Serket,Effect Monster,EARTH,Fairy,2500
63515678,Mystical Capture Chain,Normal Monster,LIGHT,Fairy,700
15025844,Mystical Elf,Normal Monster,LIGHT,Spellcaster,800
15613529,Mystical Elf - White Lightning,Effect Monster,LIGHT,Spellcaster,800
85239662,Mystical Fairy Elfuria,Effect Monster,WIND,Spellcaster,1500
98745000,Mystical Knight of Jackal,Effect Monster,LIGHT,Beast-Warrior,2700
32751480,Mystical Sand,Fusion Monster,EARTH,Rock,2100
30451366,Mystical Sheep #1,Effect Monster,EARTH,Beast,1150
83464209,Mystical Sheep #2,Normal Monster,EARTH,Beast,800
39552864,Mystical Shine Ball,Normal Monster,LIGHT,Fairy,500
81263643,Mystrick Hulder,Effect Monster,DARK,Spellcaster,1500
50457953,Mythic Tree Dragon,Effect Monster,EARTH,Dragon,100
92841002,Mythic Water Dragon,Effect Monster,WATER,Dragon,1000
80959027,Mythical Beast Bashilisk,Pendulum Effect Monster,LIGHT,Spellcaster,1800
55424270,Mythical Beast Cerberus,Effect Monster,LIGHT,Spellcaster,1400
28570310,Mythical Beast Garuda,Pendulum Effect Monster,LIGHT,Spellcaster,1200
91182675,Mythical Beast Jackal,Pendulum Effect Monster,DARK,Spellcaster,0
27354732,Mythical Beast Jackal King,Pendulum Effect Monster,DARK,Spellcaster,2400
53842431,Mythical Beast Master Cerberus,Pendulum Effect Monster,LIGHT,Spellcaster,2800
54965929,Mythical Beast Medusa,Pendulum Effect Monster,LIGHT,Spellcaster,1500
7574904,Myutant Arsenal,Effect Monster,FIRE,Machine,3000
34695290,Myutant Beast,Effect Monster,EARTH,Beast,2400
43709490,Myutant GB-88,Effect Monster,WATER,Psychic,500
62201847,Myutant M-05,Effect Monster,WATER,Psychic,0
61089209,Myutant Mist,Effect Monster,WIND,Spellcaster,2700
26561172,Myutant Mutant,Effect Monster,WATER,Psychic,0
8200556,Myutant ST-46,Effect Monster,WATER,Psychic,500
79194594,Myutant Synthesis,Fusion Monster,WATER,Psychic,2500
6182103,Myutant Ultimus,Fusion Monster,DARK,Psychic,3500
34876719,N.As.H. Knight,XYZ Monster,WATER,Aqua,1700
97518132,Naelshaddoll Ariel,Flip Effect Monster,WATER,Psychic,1000
2881864,"Naglfar, Generaider Boss of Fire",Effect Monster,FIRE,Beast-Warrior,3100
70948327,Nanobreaker,Effect Monster,EARTH,Machine,1600
99150062,Naturia Antjaw,Effect Monster,EARTH,Insect,400
20174189,Naturia Bamboo Shoot,Effect Monster,EARTH,Plant,2000
2956282,Naturia Barkion,Synchro Monster,EARTH,Dragon,2500
44789585,Naturia Beans,Effect Monster,EARTH,Plant,100
33198837,Naturia Beast,Synchro Monster,EARTH,Beast,2200
27762803,Naturia Beetle,Effect Monster,EARTH,Insect,400
42110434,Naturia Butterfly,Tuner Monster,EARTH,Insect,500
29942771,Naturia Camellia,Tuner Monster,EARTH,Plant,1400
60668166,Naturia Cherries,Tuner Monster,EARTH,Plant,200
33866130,Naturia Cliff,Effect Monster,EARTH,Rock,1500
98437424,Naturia Cosmobeet,Tuner Monster,EARTH,Plant,1000
70083723,Naturia Dragonfly,Effect Monster,EARTH,Insect,1200
37349495,Naturia Eggplant,Effect Monster,EARTH,Plant,1000
99916754,Naturia Exterio,Fusion Monster,EARTH,Beast,2800
11390349,Naturia Fruitfly,Effect Monster,EARTH,Insect,800
90555947,Naturia Gaiastrio,Fusion Monster,EARTH,Rock,3200
80555116,Naturia Guardian,Effect Monster,EARTH,Plant,1600
84905691,Naturia Horneedle,Effect Monster,EARTH,Insect,1800
47795344,Naturia Hydrangea,Effect Monster,EARTH,Plant,1900
19605133,Naturia Ladybug,Effect Monster,EARTH,Insect,100
43932460,Naturia Landoise,Synchro Monster,EARTH,Rock,2350
16527176,Naturia Leodrake,Synchro Monster,EARTH,Beast,3000
51254980,Naturia Mantis,Effect Monster,EARTH,Insect,1700
24694698,Naturia Marron,Effect Monster,EARTH,Plant,1200
93454062,Naturia Mole Cricket,Effect Monster,EARTH,Insect,0
17285476,Naturia Mosquito,Effect Monster,EARTH,Insect,200
7304544,Naturia Pineapple,Effect Monster,EARTH,Plant,100
96653775,Naturia Pumpkin,Effect Monster,EARTH,Plant,1400
87649699,Naturia Ragweed,Effect Monster,EARTH,Plant,1200
54161401,Naturia Rock,Effect Monster,EARTH,Rock,1200
61049315,Naturia Rosewhip,Tuner Monster,EARTH,Plant,400
25654671,Naturia Spiderfang,Effect Monster,EARTH,Insect,2100
23051413,Naturia Stag Beetle,Effect Monster,EARTH,Insect,2200
25866285,Naturia Stinkbug,Tuner Monster,EARTH,Insect,200
55099248,Naturia Strawberry,Effect Monster,EARTH,Plant,1600
7478431,Naturia Sunflower,Effect Monster,EARTH,Plant,500
70261145,Naturia Tulip,Tuner Monster,EARTH,Plant,600
16940215,Naturia Vein,Tuner Monster,EARTH,Plant,200
24644634,Naturia White Oak,Effect Monster,EARTH,Plant,1800
62405028,"Nauya, the Ogdoadic Remnant",Effect Monster,DARK,Reptile,0
80040886,Navy Dragon Mech,Synchro Monster,WATER,Machine,2700
41525660,Nazuki the Vaylantz Ninja,Pendulum Effect Monster,WATER,Spellcaster,1800
51786039,Nebula Dragon,Effect Monster,LIGHT,Dragon,2000
94655777,"Nebulus, Dragon Ruler of Mishaps",Effect Monster,DARK,Dragon,1000
70084224,Neck Hunter,Normal Monster,DARK,Fiend,1750
77700347,Necro Defender,Effect Monster,DARK,Fiend,0
99000151,Necro Fleur,Effect Monster,DARK,Plant,0
4906301,Necro Gardna,Effect Monster,DARK,Warrior,600
44236692,Necro Linker,Effect Monster,DARK,Fiend,600
48421595,Necro Synchron,Tuner Monster,DARK,Machine,200
28297833,Necroface,Effect Monster,DARK,Zombie,1200
61454890,Necrolancer the Time-lord,Normal Monster,DARK,Spellcaster,800
93860227,Necroquip Princess,Fusion Monster,DARK,Fiend,2000
66570171,Necroworld Banshee,Effect Monster,DARK,Zombie,1800
94230224,Needle Ball,Flip Effect Monster,DARK,Fiend,750
98162242,Needle Burrower,Effect Monster,DARK,Machine,1700
17841097,Needle Soldier,Effect Monster,EARTH,Machine,100
56223084,Needle Sunfish,Effect Monster,WATER,Fish,1500
81843628,Needle Worm,Flip Effect Monster,EARTH,Insect,750
60666820,Nefarious Archfiend Eater of Nefariousness,Effect Monster,EARTH,Beast,1500
66675911,Nehshaddoll Genius,Flip Effect Monster,EARTH,Machine,1800
18189187,"Neiroy, the Dream Mirror Disciple",Effect Monster,LIGHT,Fairy,1000
90176467,"Neiroy, the Dream Mirror Traitor",Effect Monster,DARK,Fiend,1000
11021521,Neko Mane King,Effect Monster,EARTH,Beast,0
1761063,Nekogal #1,Normal Monster,EARTH,Beast,1100
43352213,Nekogal #2,Normal Monster,EARTH,Beast-Warrior,1900
39468724,Nekroz of Areadbhair,Ritual Effect Monster,WATER,Warrior,3300
26674724,Nekroz of Brionac,Ritual Effect Monster,WATER,Warrior,2300
52846880,Nekroz of Catastor,Ritual Effect Monster,WATER,Dragon,2200
99185129,Nekroz of Clausolas,Ritual Effect Monster,WATER,Warrior,1200
88240999,Nekroz of Decisive Armor,Ritual Effect Monster,WATER,Dragon,3300
74122412,Nekroz of Gungnir,Ritual Effect Monster,WATER,Spellcaster,2500
13408726,Nekroz of Metaltron,Pendulum Effect Ritual Monster,LIGHT,Wyrm,2500
21105106,Nekroz of Sophia,Ritual Effect Monster,LIGHT,Spellcaster,3600
52068432,Nekroz of Trishula,Ritual Effect Monster,WATER,Warrior,2700
89463537,Nekroz of Unicore,Ritual Effect Monster,WATER,Spellcaster,2300
25857246,Nekroz of Valkyrus,Ritual Effect Monster,WATER,Spellcaster,2900
72090076,Nemeses Corridor,Effect Monster,WIND,Thunder,1900
19211362,Nemeses Flag,Effect Monster,FIRE,Pyro,1100
44440058,Nemeses Keystone,Effect Monster,EARTH,Rock,700
46606977,Nemeses Umbrella,Effect Monster,WATER,Aqua,1500
43944080,Nemleria Dream Defender - Couette,Effect Monster,LIGHT,Beast,2000
17550376,Nemleria Dream Defender - Oreiller,Effect Monster,LIGHT,Beast,2500
52382379,Nemleria Dream Devourer - Reveil,Effect Monster,DARK,Beast,2500
90963488,Nemuriko,Normal Monster,DARK,Spellcaster,800
49563947,Neo Aqua Madoor,Normal Monster,WATER,Spellcaster,1200
56532353,Neo Blue-Eyes Ultimate Dragon,Fusion Monster,LIGHT,Dragon,4500
16587243,Neo Bug,Normal Monster,EARTH,Insect,1800
65156847,Neo Flamvell Garuda,Effect Monster,FIRE,Pyro,1200
2377034,Neo Flamvell Hedgehog,Tuner Monster,FIRE,Pyro,800
816427,Neo Flamvell Lady,Effect Monster,FIRE,Pyro,1600
66378485,Neo Flamvell Origin,Tuner Monster,FIRE,Pyro,500
91554542,Neo Flamvell Sabre,Effect Monster,FIRE,Pyro,1500
39761138,Neo Flamvell Shaman,Effect Monster,FIRE,Pyro,1700
12632096,Neo Galaxy-Eyes Cipher Dragon,XYZ Monster,LIGHT,Dragon,4500
39272762,Neo Galaxy-Eyes Photon Dragon,XYZ Monster,LIGHT,Dragon,4500
54332792,Neo Kaiser Sea Horse,Tuner Monster,LIGHT,Dragon,1700
85840608,Neo Space Connector,Effect Monster,LIGHT,Warrior,800
19594506,Neo Space Pathfinder,Effect Monster,LIGHT,Warrior,1800
95493471,Neo Super Quantal Mech King Blaster Magna,Link Monster,LIGHT,Machine,2500
50930991,Neo the Magic Swordsman,Normal Monster,LIGHT,Spellcaster,1700
12510878,"Neo-Parshath, the Sky Paladin",Effect Monster,LIGHT,Fairy,2300
54959865,Neo-Spacian Air Hummingbird,Effect Monster,WIND,Winged Beast,800
17955766,Neo-Spacian Aqua Dolphin,Effect Monster,WATER,Warrior,600
43237273,Neo-Spacian Dark Panther,Effect Monster,DARK,Beast,1000
89621922,Neo-Spacian Flare Scarab,Effect Monster,FIRE,Insect,500
17732278,Neo-Spacian Glow Moss,Effect Monster,LIGHT,Plant,300
80344569,Neo-Spacian Grand Mole,Effect Monster,EARTH,Rock,900
78734254,Neo-Spacian Marine Dolphin,Fusion Monster,WATER,Warrior,900
13857930,Neo-Spacian Twinkle Moss,Fusion Monster,LIGHT,Plant,500
5126490,Neos Wiseman,Effect Monster,LIGHT,Spellcaster,3000
46518210,"Nephilabyss, the Ogdoadic Overlord",Effect Monster,DARK,Reptile,2200
87054946,"Nephthys, the Sacred Flame",Link Monster,FIRE,Winged Beast,2400
50669347,"Nephthys, the Sacred Preserver",Link Monster,FIRE,Winged Beast,1200
21565445,"Neptabyss, the Atlantean Prince",Effect Monster,WATER,Sea Serpent,800
53589300,Nerva the Power Patron of Creation,Fusion Monster,EARTH,Illusion,3300
19505896,Nettles,Tuner Monster,EARTH,Plant,1200
73413514,Neverending Nightmare Absorber,Effect Monster,WATER,Fairy,0
10807219,Newbee!,Effect Monster,LIGHT,Insect,0
4335645,Newdoria,Effect Monster,DARK,Fiend,1200
54862960,Ni-Ni the Mirror Mikanko,Effect Monster,WATER,Spellcaster,0
27204311,"Nibiru, the Primal Being",Effect Monster,LIGHT,Rock,3000
49275969,"Nidhogg, Generaider Boss of Ice",Effect Monster,WATER,Wyrm,2100
16226786,Night Assailant,Flip Effect Monster,DARK,Fiend,200
88724332,Night Dragolich,Effect Monster,DARK,Wyrm,1700
51126152,Night Express Knight,Effect Monster,EARTH,Machine,3000
78402798,Night Lizard,Normal Monster,WATER,Aqua,1150
2191144,Night Papilloperative,XYZ Monster,DARK,Warrior,2600
20295753,Night Sword Serpent,Effect Monster,WATER,Reptile,500
49826746,Night Wing Sorceress,Effect Monster,WIND,Spellcaster,1300
3779493,Night's End Administrator,Synchro Monster,LIGHT,Spellcaster,2300
36107810,Night's End Sorcerer,Tuner Monster,DARK,Spellcaster,1300
58143852,Nightmare Apprentice,Effect Monster,DARK,Illusion,2000
59290628,Nightmare Horse,Effect Monster,DARK,Zombie,500
40221691,Nightmare Magician,Effect Monster,DARK,Illusion,2500
81306586,Nightmare Penguin,Effect Monster,WATER,Aqua,900
88643173,Nightmare Scorpion,Normal Monster,EARTH,Insect,900
66569334,Nightmell the Dark Bonder,Effect Monster,WIND,Psychic,1500
79519259,Nightwinged Cleric,Synchro Monster,WIND,Spellcaster,2500
24701235,Nikitama,Spirit Monster,LIGHT,Fairy,800
88686573,Nimble Angler,Effect Monster,WATER,Fish,600
68353324,Nimble Beaver,Effect Monster,WATER,Beast,400
46384403,Nimble Manta,Effect Monster,WATER,Fish,800
22567609,Nimble Momonga,Effect Monster,EARTH,Beast,1000
57844634,Nimble Musasabi,Effect Monster,EARTH,Beast,800
2843014,Nimble Sunfish,Effect Monster,WATER,Fish,1000
11987744,Nin-Ken Dog,Normal Monster,WIND,Beast-Warrior,1800
8660395,"Ninaruru, the Magistus Glass Goddess",XYZ Monster,EARTH,Rock,1800
28981598,Nine-Lives Cat,XYZ Monster,EARTH,Zombie,900
27198001,Nine-Tailed Fox,Effect Monster,FIRE,Zombie,2200
30194529,Ningirsu the World Chalice Warrior,Link Monster,EARTH,Warrior,2500
95027497,Ninja Grandmaster Hanzo,Effect Monster,DARK,Warrior,1800
37354507,Ninja Grandmaster Saizo,Link Monster,LIGHT,Warrior,2000
4041838,Ninja Grandmaster Sasuke,Effect Monster,LIGHT,Warrior,1800
80896940,Nirvana High Paladin,Synchro Pendulum Effect Monster,DARK,Spellcaster,3300
96182448,Nitro Synchron,Tuner Monster,FIRE,Machine,300
18013090,Nitro Warrior,Synchro Monster,FIRE,Warrior,2800
7805359,Niwatori,Normal Monster,EARTH,Winged Beast,900
92125819,Noble Knight Artorigus,Normal Monster,LIGHT,Warrior,1800
30575681,Noble Knight Bedwyr,Effect Monster,LIGHT,Warrior,1600
47120245,Noble Knight Borz,Effect Monster,LIGHT,Warrior,1700
57690191,Noble Knight Brothers,Effect Monster,LIGHT,Warrior,1200
42472002,Noble Knight Custennin,Effect Monster,LIGHT,Warrior,1000
53550467,Noble Knight Drystan,Effect Monster,LIGHT,Warrior,1800
93085839,Noble Knight Eachtar,Effect Monster,DARK,Warrior,1600
19680539,Noble Knight Gawayn,Effect Monster,LIGHT,Warrior,1900
13391185,Noble Knight Gwalchavad,Effect Monster,LIGHT,Warrior,1500
88923963,Noble Knight Iyvanne,Effect Monster,LIGHT,Warrior,1700
18426196,Noble Knight Joan,Effect Monster,LIGHT,Warrior,1900
59057152,Noble Knight Medraut,Effect Monster,LIGHT,Warrior,1700
5361816,Noble Knight Pellinore,Effect Monster,LIGHT,Warrior,1900
73359475,Noble Knight Peredur,Effect Monster,LIGHT,Warrior,1900
34242278,Noble Knight's Shield-Bearer,Effect Monster,LIGHT,Warrior,800
7721912,Noble Knight's Spearholder,Effect Monster,LIGHT,Warrior,800
88935103,Nobledragon Magician,Pendulum Tuner Effect Monster,FIRE,Spellcaster,700
65878864,Nobleman-Eater Bug,Flip Effect Monster,EARTH,Insect,900
70333910,Noctovision Dragon,Effect Monster,DARK,Dragon,0
72238166,Node Ryzeal,Effect Monster,FIRE,Thunder,1400
6609736,Noh-P.U.N.K. Deer Note,Effect Monster,EARTH,Warrior,2100
55920742,Noh-P.U.N.K. Foxy Tune,Effect Monster,LIGHT,Beast,2300
81914447,Noh-P.U.N.K. Ogre Dance,Effect Monster,DARK,Fiend,2500
75046994,Noh-P.U.N.K. Rising Scale,Effect Monster,WATER,Sea Serpent,2400
19535693,Noh-P.U.N.K. Ze Amin,Tuner Monster,EARTH,Psychic,600
45620686,Noisy Gnat,Effect Monster,EARTH,Insect,700
92887027,Nomadic Force,Effect Monster,WIND,Warrior,1700
32623004,Nopenguin,Effect Monster,WATER,Aqua,1600
65626958,Nordic Beast Gullinbursti,Tuner Monster,LIGHT,Beast,300
91011603,Nordic Smith Ivaldi,Effect Monster,EARTH,Warrior,1500
14152862,Norito the Moral Leader,XYZ Monster,LIGHT,Spellcaster,2700
48783998,Nova Summoner,Effect Monster,LIGHT,Fairy,1400
25607552,Nowru Aries the Vernal Dragon,Effect Monster,WIND,Dragon,2000
45488703,NT8000 - SIRIUS,Effect Monster,DARK,Machine,2300
51616747,Nubian Guard,Effect Monster,FIRE,Warrior,500
10666000,Number 1: Infection Buzzking,XYZ Monster,DARK,Fiend,3000
15232745,Number 1: Numeron Gate Ekam,XYZ Monster,LIGHT,Machine,1000
11411223,Number 10: Illumiknight,XYZ Monster,LIGHT,Warrior,2400
57314798,Number 100: Numeron Dragon,XYZ Monster,LIGHT,Dragon,0
48739166,Number 101: Silent Honor ARK,XYZ Monster,WATER,Aqua,2100
49678559,Number 102: Star Seraph Sentry,XYZ Monster,LIGHT,Fairy,2500
94380860,Number 103: Ragnazero,XYZ Monster,WATER,Fairy,2400
2061963,Number 104: Masquerade,XYZ Monster,LIGHT,Spellcaster,2700
59627393,Number 105: Battlin' Boxer Star Cestus,XYZ Monster,FIRE,Warrior,2500
63746411,Number 106: Giant Hand,XYZ Monster,EARTH,Rock,2000
88177324,Number 107: Galaxy-Eyes Tachyon Dragon,XYZ Monster,LIGHT,Dragon,3000
80117527,Number 11: Big Eye,XYZ Monster,DARK,Spellcaster,2600
19333131,Number 12: Crimson Shadow Armor Ninja,XYZ Monster,EARTH,Warrior,2400
69058960,Number 13: Embodiment of Crime,XYZ Monster,DARK,Fiend,500
21313376,Number 14: Greedy Sarameya,XYZ Monster,DARK,Beast,2500
88120966,Number 15: Gimmick Puppet Giant Grinder,XYZ Monster,DARK,Machine,1500
54719828,Number 16: Shock Master,XYZ Monster,LIGHT,Fairy,2300
69610924,Number 17: Leviathan Dragon,XYZ Monster,WATER,Dragon,2000
23649496,Number 18: Heraldry Patriarch,XYZ Monster,LIGHT,Psychic,2200
55067058,Number 19: Freezadon,XYZ Monster,WATER,Dinosaur,2000
32453837,Number 2: Ninja Shadow Mosquito,XYZ Monster,WIND,Insect,0
42230449,Number 2: Numeron Gate Dve,XYZ Monster,LIGHT,Machine,1000
47805931,Number 20: Giga-Brilliant,XYZ Monster,LIGHT,Insect,1800
57707471,Number 21: Frozen Lady Justice,XYZ Monster,WATER,Aqua,500
73445448,Number 22: Zombiestein,XYZ Monster,DARK,Zombie,4500
66547759,"Number 23: Lancelot, Dark Knight of the Underworld",XYZ Monster,DARK,Zombie,2000
93713837,Number 24: Dragulas the Vampiric Dragon,XYZ Monster,DARK,Wyrm,2400
64554883,Number 25: Force Focus,XYZ Monster,LIGHT,Machine,2800
39622156,Number 26: Spaceway Octobypass,XYZ Monster,LIGHT,Psychic,800
8387138,Number 27: Dreadnought Dreadnoid,XYZ Monster,WATER,Machine,2200
53701457,Number 28: Titanic Moth,XYZ Monster,FIRE,Insect,2400
54191698,Number 29: Mannequin Cat,XYZ Monster,LIGHT,Beast,2000
4997565,Number 3: Cicada King,XYZ Monster,WIND,Insect,1200
78625448,Number 3: Numeron Gate Trini,XYZ Monster,LIGHT,Machine,1000
81330115,Number 30: Acid Golem of Destruction,XYZ Monster,WATER,Rock,3000
95442074,Number 31: Embodiment of Punishment,XYZ Monster,DARK,Fiend,500
65676461,Number 32: Shark Drake,XYZ Monster,WATER,Sea Serpent,2800
39139935,Number 33: Chronomaly Machu Mech,XYZ Monster,LIGHT,Machine,2400
32003338,Number 34: Terror-Byte,XYZ Monster,DARK,Machine,0
90162951,Number 35: Ravenous Tarantula,XYZ Monster,DARK,Insect,0
50260683,Number 36: Chronomaly Chateau Huyuk,XYZ Monster,LIGHT,Machine,2000
37279508,Number 37: Hope Woven Dragon Spider Shark,XYZ Monster,WATER,Sea Serpent,2600
63767246,Number 38: Hope Harbinger Dragon Titanic Galaxy,XYZ Monster,LIGHT,Dragon,3000
84013237,Number 39: Utopia,XYZ Monster,LIGHT,Warrior,2500
21521304,Number 39: Utopia Beyond,XYZ Monster,LIGHT,Warrior,3000
62517849,Number 39: Utopia Double,XYZ Monster,LIGHT,Warrior,0
93777634,Number 39: Utopia Rising,XYZ Monster,LIGHT,Warrior,0
84124261,Number 39: Utopia Roots,XYZ Monster,LIGHT,Warrior,500
4019153,Number 4: Numeron Gate Catvari,XYZ Monster,LIGHT,Machine,1000
67557908,Number 4: Stealth Kragen,XYZ Monster,WATER,Aqua,1900
75433814,Number 40: Gimmick Puppet of Strings,XYZ Monster,DARK,Machine,3000
90590303,Number 41: Bagooska the Terribly Tired Tapir,XYZ Monster,EARTH,Fiend,2100
10389142,Number 42: Galaxy Tomahawk,XYZ Monster,WIND,Machine,0
56051086,Number 43: Manipulator of Souls,XYZ Monster,DARK,Fiend,0
80764541,Number 44: Sky Pegasus,XYZ Monster,LIGHT,Beast,1800
29208536,Number 45: Crumble Logos the Prophet of Demolition,XYZ Monster,EARTH,Zombie,2200
2978414,Number 46: Dragluon,XYZ Monster,LIGHT,Dragon,3000
31320433,Number 47: Nightmare Shark,XYZ Monster,WATER,Sea Serpent,2000
1426714,Number 48: Shadow Lich,XYZ Monster,DARK,Zombie,1800
16259549,Number 49: Fortune Tune,XYZ Monster,LIGHT,Winged Beast,400
90126061,Number 5: Doom Chimera Dragon,XYZ Monster,DARK,Dragon,0
51735257,Number 50: Blackship of Corn,XYZ Monster,DARK,Plant,2100
56292140,Number 51: Finisher the Strong Arm,XYZ Monster,EARTH,Rock,2600
7194917,Number 52: Diamond Crab King,XYZ Monster,EARTH,Rock,0
23998625,Number 53: Heart-eartH,XYZ Monster,DARK,Fiend,100
54366836,Number 54: Lion Heart,XYZ Monster,EARTH,Warrior,100
46871387,Number 55: Gogogo Goliath,XYZ Monster,EARTH,Rock,2400
55935416,Number 56: Gold Rat,XYZ Monster,LIGHT,Beast,500
53244294,Number 57: Tri-Head Dust Dragon,XYZ Monster,FIRE,Dragon,100
93108839,Number 58: Burner Visor,XYZ Monster,FIRE,Pyro,1000
82697249,Number 59: Crooked Cook,XYZ Monster,FIRE,Warrior,2300
9161357,Number 6: Chronomaly Atlandis,XYZ Monster,LIGHT,Machine,2600
66011101,Number 60: Dugares the Timeless,XYZ Monster,FIRE,Fiend,1200
29669359,Number 61: Volcasaurus,XYZ Monster,FIRE,Dinosaur,2500
31801517,Number 62: Galaxy-Eyes Prime Photon Dragon,XYZ Monster,LIGHT,Dragon,4000
89642993,Number 63: Shamoji Soldier,XYZ Monster,LIGHT,Fairy,0
39972129,Number 64: Ronin Raccoon Sandayu,XYZ Monster,EARTH,Beast,1000
3790062,Number 65: Djinn Buster,XYZ Monster,DARK,Fiend,1300
76067258,Number 66: Master Key Beetle,XYZ Monster,DARK,Insect,2500
35772782,Number 67: Pair-a-Dice Smasher,XYZ Monster,LIGHT,Fairy,2100
23085002,Number 68: Sanaphond the Sky Prison,XYZ Monster,DARK,Rock,2100
2407234,Number 69: Heraldry Crest,XYZ Monster,LIGHT,Psychic,2600
77571454,Number 69: Heraldry Crest - Dark Matter Demolition,XYZ Monster,LIGHT,Psychic,3100
31086840,Number 69: Heraldry Crest - Shatter Stream,XYZ Monster,LIGHT,Psychic,2800
82308875,Number 7: Lucky Straight,XYZ Monster,LIGHT,Fairy,700
80796456,Number 70: Malevolent Sin,XYZ Monster,DARK,Insect,2400
59479050,Number 71: Rebarian Shark,XYZ Monster,WATER,Dragon,0
75253697,Number 72: Shogi Rook,XYZ Monster,EARTH,Beast-Warrior,2500
36076683,Number 73: Abyss Splash,XYZ Monster,WATER,Warrior,2400
16037007,Number 74: Master of Blades,XYZ Monster,EARTH,Psychic,2700
71166481,Number 75: Bamboozling Gossip Shadow,XYZ Monster,WIND,Spellcaster,1000
92015800,Number 76: Harmonizer Gradielle,XYZ Monster,LIGHT,Fairy,2700
62541668,Number 77: The Seven Sins,XYZ Monster,DARK,Fiend,4000
29085954,Number 78: Number Archive,XYZ Monster,LIGHT,Spellcaster,0
71921856,Number 79: Battlin' Boxer Nova Kaiser,XYZ Monster,FIRE,Warrior,2300
47387961,Number 8: Heraldic King Genom-Heritage,XYZ Monster,LIGHT,Psychic,2400
93568288,Number 80: Rhapsody in Berserk,XYZ Monster,DARK,Fiend,0
49032236,Number 81: Superdreadnought Rail Cannon Super Dora,XYZ Monster,EARTH,Machine,3200
31437713,Number 82: Heartlandraco,XYZ Monster,EARTH,Dragon,2000
48928529,Number 83: Galaxy Queen,XYZ Monster,DARK,Spellcaster,500
26556950,Number 84: Pain Gainer,XYZ Monster,DARK,Insect,0
42421606,Number 85: Crazy Box,XYZ Monster,DARK,Fiend,3000
63504681,Number 86: Heroic Champion - Rhongomyniad,XYZ Monster,DARK,Warrior,1500
89516305,Number 87: Queen of the Night,XYZ Monster,WATER,Plant,3200
48995978,Number 88: Gimmick Puppet of Leo,XYZ Monster,DARK,Machine,3200
95474755,Number 89: Diablosis the Mind Hacker,XYZ Monster,DARK,Psychic,2800
1992816,Number 9: Dyson Sphere,XYZ Monster,LIGHT,Machine,2800
8165596,Number 90: Galaxy-Eyes Photon Lord,XYZ Monster,LIGHT,Warrior,2500
84417082,Number 91: Thunder Spark Dragon,XYZ Monster,LIGHT,Dragon,2400
97403510,Number 92: Heart-eartH Dragon,XYZ Monster,DARK,Dragon,0
23187256,Number 93: Utopia Kaiser,XYZ Monster,LIGHT,Warrior,2500
62070231,Number 94: Crystalzero,XYZ Monster,WATER,Warrior,2200
58820923,Number 95: Galaxy-Eyes Dark Matter Dragon,XYZ Monster,DARK,Dragon,4000
55727845,Number 96: Dark Mist,XYZ Monster,DARK,Fiend,100
28400508,Number 97: Draglubion,XYZ Monster,DARK,Dragon,3000
55470553,Number 98: Antitopian,XYZ Monster,DARK,Warrior,2000
95134948,Number 99: Utopia Dragonar,XYZ Monster,LIGHT,Warrior,3000
51543904,Number 99: Utopic Dragon,XYZ Monster,LIGHT,Dragon,4000
79747096,Number C1: Numeron Chaos Gate Sunya,XYZ Monster,DARK,Machine,2000
89477759,Number C1000: Numerounius,XYZ Monster,LIGHT,Fiend,-1
12744567,Number C101: Silent Honor DARK,XYZ Monster,WATER,Aqua,2800
67173574,Number C102: Archfiend Seraph,XYZ Monster,LIGHT,Fairy,2900
20785975,Number C103: Ragnafinity,XYZ Monster,WATER,Fairy,2800
49456901,Number C104: Umbral Horror Masquerade,XYZ Monster,DARK,Spellcaster,3000
85121942,Number C105: Battlin' Boxer Comet Cestus,XYZ Monster,FIRE,Warrior,2800
55888045,Number C106: Giant Red Hand,XYZ Monster,EARTH,Rock,2600
68396121,Number C107: Neo Galaxy-Eyes Tachyon Dragon,XYZ Monster,LIGHT,Dragon,4500
33776843,Number C15: Gimmick Puppet Giant Hunter,XYZ Monster,DARK,Machine,2500
7628844,Number C32: Shark Drake LeVeiss,XYZ Monster,WATER,Sea Serpent,3100
49221191,Number C32: Shark Drake Veiss,XYZ Monster,WATER,Sea Serpent,2800
56840427,Number C39: Utopia Ray,XYZ Monster,LIGHT,Warrior,2500
66970002,Number C39: Utopia Ray V,XYZ Monster,LIGHT,Warrior,2600
87911394,Number C39: Utopia Ray Victory,XYZ Monster,LIGHT,Warrior,2800
69170557,Number C40: Gimmick Puppet of Dark Strings,XYZ Monster,DARK,Machine,3300
32446630,Number C43: High Manipulator of Chaos,XYZ Monster,DARK,Fiend,0
69757518,Number C5: Chaos Chimera Dragon,XYZ Monster,DARK,Dragon,0
6387204,Number C6: Chronomaly Chaos Atlandis,XYZ Monster,LIGHT,Machine,3300
48348921,Number C62: Neo Galaxy-Eyes Prime Photon Dragon,XYZ Monster,LIGHT,Dragon,4000
49195710,Number C65: King Overfiend,XYZ Monster,DARK,Fiend,1600
11522979,Number C69: Heraldry Crest of Horror,XYZ Monster,LIGHT,Psychic,4000
96864105,Number C73: Abyss Supra Splash,XYZ Monster,WATER,Warrior,3000
10300821,Number C79: Battlin' Boxer General Kaiser,XYZ Monster,FIRE,Warrior,2600
20563387,Number C80: Requiem in Berserk,XYZ Monster,DARK,Fiend,0
6165656,Number C88: Gimmick Puppet Disaster Leo,XYZ Monster,DARK,Machine,3500
32559361,Number C9: Chaos Dyson Sphere,XYZ Monster,LIGHT,Machine,3600
47017574,Number C92: Heart-eartH Chaos Dragon,XYZ Monster,DARK,Dragon,1000
77205367,Number C96: Dark Storm,XYZ Monster,DARK,Fiend,1000
26973555,Number F0: Utopic Draco Future,XYZ Monster,LIGHT,Warrior,3000
65305468,Number F0: Utopic Future,XYZ Monster,LIGHT,Warrior,0
43490025,Number F0: Utopic Future Slash,XYZ Monster,LIGHT,Warrior,0
41522092,Number F0: Utopic Future Zexal,XYZ Monster,LIGHT,Warrior,0
15862758,Number iC1000: Numerounius Numerounia,XYZ Monster,LIGHT,Fiend,-1
52653092,Number S0: Utopic ZEXAL,XYZ Monster,LIGHT,Warrior,-1
79625003,Number S37: Spider Shark,XYZ Monster,WATER,Sea Serpent,2600
16110708,Number S38: Titanic Galaxy,XYZ Monster,LIGHT,Dragon,3000
86532744,Number S39: Utopia Prime,XYZ Monster,LIGHT,Warrior,2510
56832966,Number S39: Utopia the Lightning,XYZ Monster,LIGHT,Warrior,2500
21858819,Number XX: Utopic Dark Infinity,XYZ Monster,DARK,Warrior,4000
92065772,Numbing Grub in the Ice Barrier,Effect Monster,WATER,Insect,1300
83061014,Numen erat Testudo,Effect Monster,WATER,Aqua,1800
37115973,Numeral Hunter,Effect Monster,LIGHT,Warrior,1600
42352091,Numeron Wall,Effect Monster,DARK,Fiend,0
36010310,"Nunu, the Ogdoadic Remnant",Effect Monster,LIGHT,Reptile,0
60681372,Nurikabe,Effect Monster,EARTH,Zombie,900
40398073,Nurse Dragonmaid,Effect Monster,EARTH,Dragon,500
12953226,Nuvia the Wicked,Effect Monster,DARK,Fiend,2000
14920218,Oafdragon Magician,Pendulum Effect Monster,WIND,Spellcaster,2100
10000000,Obelisk the Tormentor,Effect Monster,DIVINE,Divine-Beast,4000
56713552,Obese Marmot of Nefariousness,Normal Monster,EARTH,Beast,750
52077741,Obnoxious Celtic Guard,Effect Monster,EARTH,Warrior,1400
30607616,"Oboro-Guruma, the Wheeled Mayakashi",Synchro Monster,EARTH,Zombie,800
98806751,Obsessive Uvualoop,Tuner Monster,EARTH,Fiend,1200
90464188,Obsidian Dragon,Effect Monster,DARK,Rock,800
23931679,Ocean Dragon Lord - Kairyu-Shin,Effect Monster,WATER,Sea Serpent,2000
10485110,Ocean Dragon Lord - Neo-Daedalus,Effect Monster,WATER,Sea Serpent,2900
45045866,Ocean's Keeper,Effect Monster,WATER,Fish,1500
74637266,Octoberser,Normal Monster,WATER,Aqua,1600
86088138,Ocubeam,Normal Monster,LIGHT,Fairy,1550
16691074,Odd-Eyes Absolute Dragon,XYZ Monster,WATER,Dragon,2800
61391302,Odd-Eyes Advance Dragon,Effect Monster,DARK,Dragon,3000
14105623,Odd-Eyes Arc Pendulum Dragon,Pendulum Normal Monster,DARK,Dragon,2700
6218704,Odd-Eyes Arcray Dragon,Pendulum Effect Fusion Monster,LIGHT,Dragon,4000
53025096,Odd-Eyes Dragon,Effect Monster,DARK,Dragon,2500
23851033,Odd-Eyes Gravity Dragon,Ritual Effect Monster,EARTH,Dragon,2800
83347294,Odd-Eyes Lancer Dragon,Effect Monster,LIGHT,Dragon,3000
80696379,Odd-Eyes Meteorburst Dragon,Synchro Monster,FIRE,Dragon,2500
67754901,Odd-Eyes Mirage Dragon,Pendulum Effect Monster,DARK,Dragon,1200
16178681,Odd-Eyes Pendulum Dragon,Pendulum Effect Monster,DARK,Dragon,2500
66425726,Odd-Eyes Pendulumgraph Dragon,Pendulum Effect Ritual Monster,LIGHT,Dragon,2700
21250202,Odd-Eyes Persona Dragon,Pendulum Effect Monster,DARK,Dragon,1200
21770839,Odd-Eyes Phantasma Dragon,Pendulum Effect Monster,DARK,Dragon,3000
93149655,Odd-Eyes Phantom Dragon,Pendulum Effect Monster,DARK,Dragon,2500
86238081,Odd-Eyes Raging Dragon,XYZ Pendulum Effect Monster,DARK,Dragon,3000
45627618,Odd-Eyes Rebellion Dragon,XYZ Pendulum Effect Monster,DARK,Dragon,3000
98452268,Odd-Eyes Rebellion Dragon Overlord,XYZ Pendulum Effect Monster,DARK,Dragon,3000
30095833,Odd-Eyes Rebellion Xyz Dragon,XYZ Pendulum Effect Monster,DARK,Dragon,3000
16306932,Odd-Eyes Revolution Dragon,Pendulum Effect Monster,LIGHT,Dragon,-1
19221310,Odd-Eyes Saber Dragon,Effect Monster,LIGHT,Dragon,2800
29325276,Odd-Eyes Solblaze Dragon,Synchro Tuner Monster,LIGHT,Dragon,2000
45014450,Odd-Eyes Venom Dragon,Pendulum Effect Fusion Monster,DARK,Dragon,3300
53262004,Odd-Eyes Vortex Dragon,Fusion Monster,WIND,Dragon,2500
58074177,Odd-Eyes Wing Dragon,Synchro Pendulum Effect Monster,DARK,Dragon,3000
85497611,Odd-Eyes Wizard Dragon,Effect Monster,DARK,Dragon,2500
93483212,"Odin, Father of the Aesir",Synchro Monster,LIGHT,Fairy,4000
97565997,"Ogdoabyss, the Ogdoadic Overlord",Effect Monster,LIGHT,Reptile,3100
45121025,Ogre of the Black Shadow,Normal Monster,EARTH,Beast-Warrior,1200
82670878,Ogre of the Scarlet Sorrow,Effect Monster,DARK,Fiend,0
81260679,Ohime the Manifested Mikanko,Ritual Effect Monster,LIGHT,Fairy,0
31768112,Oilman,Union Effect Monster,EARTH,Machine,400
79663524,Oily Cicada,Effect Monster,WIND,Insect,1000
79335209,Ojama Black,Normal Monster,LIGHT,Beast,0
64627453,Ojama Blue,Effect Monster,LIGHT,Beast,0
34031284,Ojama Emperor,Link Monster,LIGHT,Beast,0
12482652,Ojama Green,Normal Monster,LIGHT,Beast,0
90140980,Ojama King,Fusion Monster,LIGHT,Beast,0
40391316,Ojama Knight,Fusion Monster,LIGHT,Beast,0
42517468,Ojama Pink,Effect Monster,LIGHT,Beast,0
37132349,Ojama Red,Effect Monster,LIGHT,Beast,0
42941100,Ojama Yellow,Normal Monster,LIGHT,Beast,0
12948099,Old Entity Cthugua,Synchro Monster,FIRE,Pyro,2200
70913714,Old Entity Hastorr,Synchro Monster,WIND,Reptile,2300
45141844,Old Vindictive Magician,Flip Effect Monster,DARK,Spellcaster,450
8972398,Omni Dragon Brotaur,Effect Monster,DARK,Dragon,0
3606209,One Who Hunts Souls,Normal Monster,EARTH,Beast-Warrior,1100
33064647,One-Eyed Shield Dragon,Normal Monster,WIND,Dragon,700
75620895,One-Eyed Skill Gainer,XYZ Monster,LIGHT,Warrior,2500
35187185,"Oneiros, the Dream Mirror Erlking",Fusion Monster,LIGHT,Fairy,3000
37678339,"Oneiros, the Dream Mirror Tormentor",Fusion Monster,DARK,Fiend,3000
66927994,Oni Tank T-34,Normal Monster,EARTH,Machine,1400
9486959,Onibimaru Soul Sweeper,XYZ Monster,DARK,Fiend,1900
95990456,Onmoraki,Effect Monster,EARTH,Zombie,1200
55088578,Onomatokage,Effect Monster,DARK,Reptile,1100
58861941,Ooguchi,Effect Monster,WATER,Aqua,300
43268675,Opera the Melodious Diva,Effect Monster,LIGHT,Fairy,2300
58538870,Oppressed People,Normal Monster,WATER,Aqua,400
14531242,Opticlops,Normal Monster,DARK,Fiend,1800
42280216,Oracle of the Sun,Effect Monster,LIGHT,Spellcaster,1000
71071546,Orbital 7,Effect Monster,LIGHT,Machine,500
44009443,Orbital Hydralander,Effect Monster,DARK,Machine,3000
63120904,Orca Mega-Fortress of Darkness,Effect Monster,WATER,Sea Serpent,2100
94046012,Orcust Brass Bombard,Tuner Monster,DARK,Machine,500
21441617,Orcust Cymbal Skeleton,Effect Monster,DARK,Machine,1200
57835716,Orcust Harp Horror,Effect Monster,DARK,Machine,1700
4055337,Orcust Knightmare,Effect Monster,DARK,Machine,100
3134857,Orcustrion,Link Monster,DARK,Machine,3000
95239444,"Orea, the Sylvan High Arbiter",XYZ Monster,DARK,Plant,2800
15744417,Orgoth the Relentless,Effect Monster,EARTH,Warrior,2500
7634581,Orichalcos Shunoros,Effect Monster,DARK,Machine,-1
68124775,Orient Dragon,Synchro Monster,WIND,Dragon,2300
7930346,Origami Goddess,Effect Monster,DARK,Fairy,100
2971090,Orion the Battle King,Normal Monster,LIGHT,Fairy,1800
97240499,Orphebull the Harmonious Bullfighter Bard,Effect Monster,LIGHT,Beast-Warrior,3000
82065276,Oscillo Hero,Normal Monster,EARTH,Warrior,1250
71519605,Oshaleon,Effect Monster,WATER,Reptile,1400
39751094,Otohime,Spirit Monster,LIGHT,Spellcaster,0
72782945,Otonari Thunder,Effect Monster,LIGHT,Thunder,500
14957440,Otoshidamashi,Tuner Monster,EARTH,Beast,1000
87263576,Outburst Dragon,Effect Monster,DARK,Dragon,2100
34945480,Outer Entity Azathot,XYZ Monster,DARK,Fiend,2400
8809344,Outer Entity Nyarla,XYZ Monster,EARTH,Fiend,0
11548522,Outstanding Dog Marron,Effect Monster,LIGHT,Beast,100
71583486,Outstanding Dog Mary,Effect Monster,LIGHT,Beast,100
15627227,Overburst Dragon,Link Monster,DARK,Dragon,1800
2311603,Overdrive,Normal Monster,EARTH,Machine,1600
1834753,Overdrive Teleporter,Effect Monster,LIGHT,Psychic,2100
76589546,Overflow Dragon,Effect Monster,DARK,Dragon,0
75214390,Overlay Booster,Effect Monster,LIGHT,Warrior,2000
81816475,Overlay Eater,Effect Monster,LIGHT,Reptile,300
59644958,Overlay Owl,Effect Monster,WIND,Winged Beast,800
39229392,Overlay Sentinel,Effect Monster,LIGHT,Warrior,2000
24221808,Overmind Archfiend,Synchro Monster,DARK,Psychic,3300
41782653,Overtex Qoatlus,Effect Monster,DARK,Dinosaur,2700
58071123,Oxygeddon,Effect Monster,WIND,Dinosaur,1800
83239739,Oyster Meister,Effect Monster,WATER,Fish,1600
13760677,P.M. Captor,Pendulum Effect Monster,DARK,Zombie,1800
28403802,P.U.N.K. JAM Dragon Drive,Synchro Monster,EARTH,Psychic,2700
11441009,P.U.N.K. JAM FEVER!,XYZ Monster,LIGHT,Psychic,2800
46037983,"Paces, Light of the Ghoti",Tuner Monster,WATER,Fish,0
84530620,Pahunder,Effect Monster,LIGHT,Thunder,1300
21620076,Pain Painter,Tuner Monster,DARK,Zombie,400
16114248,Pair Cycroid,Fusion Monster,EARTH,Machine,1600
71408082,Paladin of Dark Dragon,Ritual Effect Monster,DARK,Dragon,1900
6075801,Paladin of Felgrand,Effect Monster,LIGHT,Warrior,1700
85346853,Paladin of Photon Dragon,Ritual Effect Monster,LIGHT,Warrior,1900
86401517,Paladin of Storm Dragon,Ritual Effect Monster,LIGHT,Cyberse,1900
68670547,Paladin of the Cursed Dragon,Effect Monster,LIGHT,Zombie,1900
73398797,Paladin of White Dragon,Ritual Effect Monster,LIGHT,Dragon,1900
21263083,Pale Beast,Normal Monster,EARTH,Beast,1500
61307542,Paleozoic Anomalocaris,XYZ Monster,WATER,Aqua,2400
36346532,Paleozoic Cambroraster,Link Monster,WATER,Aqua,1200
37649320,Paleozoic Opabinia,XYZ Monster,WATER,Aqua,0
71703785,Palladium Oracle Mahad,Effect Monster,LIGHT,Spellcaster,2500
61116514,Palm Ryzeal,Effect Monster,FIRE,Thunder,1200
39091951,Pandaborg,Effect Monster,WATER,Psychic,1700
68299524,Pandemic Dragon,Effect Monster,DARK,Dragon,2500
75375465,Pandemonium Watchbear,Effect Monster,DARK,Beast,1300
15936370,Pandora's Jewelry Box,Pendulum Effect Monster,DARK,Wyrm,1500
70101178,Panther Shark,Effect Monster,WATER,Fish,1100
42035044,Panther Warrior,Effect Monster,EARTH,Beast-Warrior,2000
72959823,Panzer Dragon,Fusion Monster,LIGHT,Machine,1000
73776643,Papa-Corn,Effect Monster,EARTH,Plant,1200
71278040,Parallel eXceed,Effect Monster,WIND,Cyberse,2000
22712877,Paralyzing Mushroom,Effect Monster,LIGHT,Thunder,1400
37491810,Parametalfoes Azortless,Pendulum Effect Fusion Monster,FIRE,Psychic,2500
10024317,Parametalfoes Melcaster,Pendulum Effect Monster,FIRE,Psychic,2000
27911549,Parasite Paracide,Flip Effect Monster,EARTH,Insect,500
14457896,Parasite Paranoid,Effect Monster,EARTH,Insect,500
87978805,Parasitic Ticky,Effect Monster,EARTH,Insect,-1
3289027,"Parl, Hermit of Dark World",Effect Monster,DARK,Fiend,300
88453933,Parlor Dragonmaid,Effect Monster,WIND,Dragon,500
62762898,Parrot Dragon,Normal Monster,WIND,Dragon,2000
17988746,Parry Knights,Effect Monster,EARTH,Warrior,2300
32872833,"Parsec, the Interstellar Dragon",Effect Monster,LIGHT,Dragon,800
81481818,Patchwork Fluffal,Effect Monster,EARTH,Fairy,0
26435595,Patissciel Couverture,Pendulum Effect Fusion Monster,DARK,Fairy,1700
19153634,Patrician of Darkness,Effect Monster,DARK,Zombie,2000
71930383,Patroid,Effect Monster,EARTH,Machine,1200
76775123,Patrol Robo,Effect Monster,EARTH,Machine,1100
77384395,Pazuzule,Pendulum Effect Monster,DARK,Fiend,500
20624263,Peacock,Normal Monster,WIND,Winged Beast,1700
58720904,Pendransaction,XYZ Monster,WATER,Cyberse,2000
24433920,Pendulum Machine,Normal Monster,DARK,Machine,1750
43502497,Pendulum Witch,Pendulum Effect Monster,EARTH,Spellcaster,1500
66150724,PenduLuMoon,Pendulum Effect Monster,LIGHT,Spellcaster,200
18210764,Pendulumucho,Pendulum Effect Monster,EARTH,Winged Beast,0
91397409,Penguin Brave,Synchro Monster,WATER,Aqua,2400
73640163,Penguin Cleric,Effect Monster,WATER,Aqua,600
36039163,Penguin Knight,Effect Monster,WATER,Aqua,900
41255165,Penguin Ninja,Flip Effect Monster,WATER,Aqua,1400
93920745,Penguin Soldier,Flip Effect Monster,WATER,Aqua,750
14761450,Penguin Squire,Tuner Monster,WATER,Aqua,1800
17679043,Penguin Torpedo,Effect Monster,WATER,Aqua,550
72336818,Pentestag,Link Monster,DARK,Cyberse,1600
64751286,Penumbral Soldier Lady,Effect Monster,DARK,Warrior,2100
12143771,People Running About,Normal Monster,FIRE,Pyro,600
71564150,Perditious Puppeteer,Effect Monster,DARK,Fiend,2700
18891691,Perfect Machine King,Effect Monster,EARTH,Machine,2700
48579379,Perfectly Ultimate Great Moth,Effect Monster,EARTH,Insect,3500
92530005,Performage Ball Balancer,Pendulum Effect Monster,EARTH,Spellcaster,1000
6812770,Performage Cup Tricker,Pendulum Effect Monster,LIGHT,Spellcaster,1200
68819554,Performage Damage Juggler,Effect Monster,LIGHT,Spellcaster,1500
7934362,Performage Fire Dancer,Pendulum Effect Monster,FIRE,Spellcaster,1400
4807253,Performage Flame Eater,Effect Monster,FIRE,Spellcaster,1200
31292357,Performage Hat Tricker,Effect Monster,EARTH,Spellcaster,1100
71578874,Performage Mirror Conductor,Pendulum Effect Monster,LIGHT,Spellcaster,600
7563579,Performage Plushfire,Pendulum Effect Monster,FIRE,Spellcaster,1000
69655484,Performage Shadow Maker,XYZ Monster,DARK,Spellcaster,2600
4081665,Performage Stilts Launcher,Effect Monster,EARTH,Spellcaster,2200
6659193,Performage Trapeze High Magician,XYZ Monster,LIGHT,Spellcaster,2700
17016362,Performage Trapeze Magician,XYZ Monster,LIGHT,Spellcaster,2500
33206889,Performage Trapeze Witch,Fusion Monster,DARK,Spellcaster,2400
67696066,Performage Trick Clown,Effect Monster,LIGHT,Spellcaster,1600
34323367,Performage Water Dancer,Pendulum Effect Monster,WATER,Spellcaster,1200
70417076,Performage Wind Drainer,Pendulum Effect Monster,WIND,Spellcaster,2100
4849037,Performance of Sword,Ritual Monster,EARTH,Warrior,1950
66768175,Performapal Ballad,Pendulum Effect Monster,EARTH,Plant,500
19050066,Performapal Barokuriboh,Pendulum Effect Monster,DARK,Fiend,300
92767273,Performapal Barracuda,Pendulum Effect Monster,EARTH,Plant,500
89113320,Performapal Bit Bite Turtle,Pendulum Effect Monster,WATER,Reptile,800
72708264,Performapal Bot-Eyes Lizard,Effect Monster,EARTH,Reptile,1600
37745740,Performapal Bowhopper,Effect Monster,EARTH,Insect,1500
34379489,Performapal Bubblebowwow,Pendulum Effect Monster,EARTH,Beast,2300
44481227,Performapal Camelump,Pendulum Effect Monster,EARTH,Beast,800
37256334,Performapal Card Gardna,Pendulum Effect Monster,EARTH,Rock,1000
58092907,Performapal Celestial Magician,Pendulum Effect Monster,DARK,Spellcaster,1500
69228245,Performapal Changeraffe,Pendulum Effect Monster,EARTH,Beast,100
17857780,Performapal Cheermole,Pendulum Effect Monster,EARTH,Beast,600
55554175,Performapal Classikuriboh,Pendulum Effect Monster,DARK,Fiend,300
8820526,Performapal Clay Breaker,Effect Monster,EARTH,Warrior,2000
9000988,Performapal Coin Dragon,Pendulum Effect Monster,WATER,Dragon,1700
33103459,Performapal Corn,Effect Monster,LIGHT,Beast-Warrior,600
17540705,Performapal Dag Daggerman,Pendulum Effect Monster,EARTH,Warrior,2000
70479321,Performapal Drummerilla,Pendulum Effect Monster,EARTH,Beast,1600
92644052,Performapal Duelist Extraordinaire,Pendulum Effect Monster,LIGHT,Spellcaster,1800
340002,Performapal Elephammer,Effect Monster,EARTH,Beast,2600
45591967,Performapal Extra Slinger,Pendulum Effect Monster,DARK,Spellcaster,800
33823832,Performapal Fire Mufflerlion,Pendulum Effect Monster,FIRE,Beast,800
12255007,Performapal Fireflux,Pendulum Effect Monster,LIGHT,Insect,1200
19619755,Performapal Five-Rainbow Magician,Pendulum Effect Monster,LIGHT,Spellcaster,100
91449532,Performapal Flip Hippo,Effect Monster,EARTH,Beast,800
96606246,Performapal Friendonkey,Effect Monster,EARTH,Beast,1600
49820233,Performapal Gatlinghoul,Fusion Monster,DARK,Fiend,2900
21949879,Performapal Gentrude,Pendulum Effect Monster,DARK,Fiend,1500
64207696,Performapal Gold Fang,Pendulum Effect Monster,LIGHT,Beast,1800
9106362,Performapal Gongato,Pendulum Effect Monster,EARTH,Beast,100
53724621,Performapal Guitartle,Pendulum Effect Monster,WATER,Aqua,300
8384771,Performapal Gumgumouton,Pendulum Effect Monster,EARTH,Beast,900
55997110,Performapal Handsamuraiger,Effect Monster,EARTH,Beast-Warrior,1800
81055000,Performapal Handstandaccoon,Pendulum Effect Monster,EARTH,Beast,400
88358139,Performapal Helpprincess,Effect Monster,DARK,Warrior,1200
41440148,Performapal Hip Hippo,Effect Monster,EARTH,Beast,800
71985676,Performapal Inflater Tapir,Effect Monster,WIND,Beast,1000
78835747,Performapal Kaleidoscorp,Pendulum Effect Monster,LIGHT,Insect,100
67808837,Performapal King Bear,Pendulum Effect Monster,EARTH,Beast-Warrior,2200
69181753,Performapal Kuribohble,Effect Monster,DARK,Fiend,300
58938528,Performapal Ladyange,Pendulum Effect Monster,LIGHT,Fairy,1000
44944304,Performapal Laugh Maker,Pendulum Effect Monster,LIGHT,Spellcaster,2500
3752422,Performapal Lebellman,Pendulum Effect Monster,LIGHT,Fairy,100
7268133,Performapal Life Swordsman,Effect Monster,LIGHT,Warrior,0
73130445,Performapal Lizardraw,Pendulum Effect Monster,EARTH,Reptile,1200
92170894,Performapal Longphone Bull,Effect Monster,EARTH,Beast,1600
92932860,Performapal Miss Director,Tuner Monster,DARK,Spellcaster,0
20281581,Performapal Momoncarpet,Pendulum Flip Effect Monster,EARTH,Beast,1000
17330916,Performapal Monkeyboard,Pendulum Effect Monster,EARTH,Beast,1000
56677752,Performapal Odd-Eyes Butler,Pendulum Effect Monster,DARK,Spellcaster,1000
46136942,Performapal Odd-Eyes Dissolver,Pendulum Effect Monster,DARK,Spellcaster,2000
59762399,Performapal Odd-Eyes Light Phoenix,Pendulum Effect Monster,LIGHT,Winged Beast,2000
65029288,Performapal Odd-Eyes Metal Claw,Fusion Monster,DARK,Dragon,3000
10731333,Performapal Odd-Eyes Minitaurus,Pendulum Effect Monster,DARK,Beast-Warrior,1200
4836680,Performapal Odd-Eyes Seer,Pendulum Effect Monster,DARK,Spellcaster,100
82224646,Performapal Odd-Eyes Synchron,Pendulum Tuner Effect Monster,DARK,Spellcaster,200
86157908,Performapal Odd-Eyes Unicorn,Pendulum Effect Monster,LIGHT,Beast,100
82661461,Performapal Odd-Eyes Valet,Pendulum Effect Monster,LIGHT,Spellcaster,100
56675280,Performapal Parrotrio,Pendulum Effect Monster,WIND,Winged Beast,500
69211541,Performapal Partnaga,Pendulum Effect Monster,EARTH,Reptile,500
47075569,Performapal Pendulum Sorcerer,Pendulum Effect Monster,EARTH,Spellcaster,1500
71863024,Performapal Radish Horse,Pendulum Effect Monster,EARTH,Plant,500
16617334,Performapal Rain Goat,Effect Monster,WATER,Beast,0
36527535,Performapal Revue Dancer,Effect Monster,LIGHT,Spellcaster,800
44364077,Performapal Salutiger,Effect Monster,EARTH,Beast-Warrior,1700
33833230,Performapal Seal Eel,Pendulum Effect Monster,WATER,Fish,100
15978426,Performapal Secondonkey,Effect Monster,EARTH,Beast,1000
23377694,Performapal Sellshell Crab,Pendulum Effect Monster,WATER,Aqua,500
26270847,Performapal Silver Claw,Pendulum Effect Monster,DARK,Beast,1800
42562690,Performapal Skeeter Skimmer,Effect Monster,WATER,Insect,500
40318957,Performapal Skullcrobat Joker,Pendulum Effect Monster,DARK,Spellcaster,1800
73734821,Performapal Sky Magician,Effect Monster,WIND,Spellcaster,2500
3859859,Performapal Sky Magician Girl,Effect Monster,WIND,Spellcaster,2000
122520,Performapal Sky Pupil,Effect Monster,LIGHT,Spellcaster,800
20403123,Performapal Sleight Hand Magician,Effect Monster,LIGHT,Spellcaster,2500
7799906,Performapal Smile Sorcerer,Pendulum Effect Monster,LIGHT,Spellcaster,2500
22091345,Performapal Spikeagle,Effect Monster,WIND,Winged Beast,900
52963531,Performapal Splashmammoth,Pendulum Effect Monster,WATER,Beast,1900
128454,Performapal Springoose,Effect Monster,WIND,Winged Beast,1100
65195959,Performapal Stamp Turtle,Effect Monster,WATER,Aqua,100
93892436,Performapal Swincobra,Pendulum Effect Monster,EARTH,Reptile,300
15452043,Performapal Sword Fish,Effect Monster,WATER,Fish,600
29169993,Performapal Teeter Totter Hopper,Effect Monster,EARTH,Insect,100
70458081,Performapal Thunderhino,Effect Monster,LIGHT,Rock,200
43241495,Performapal Trampolynx,Pendulum Effect Monster,EARTH,Beast,300
42002073,Performapal Trump Girl,Pendulum Effect Monster,DARK,Spellcaster,200
91584698,Performapal Trump Witch,Pendulum Effect Monster,DARK,Spellcaster,100
32787239,Performapal Trumpanda,Pendulum Effect Monster,EARTH,Beast,800
4239451,Performapal Turn Toad,Pendulum Effect Monster,WATER,Aqua,0
220414,Performapal Turn Trooper,Effect Monster,LIGHT,Warrior,1200
73511233,Performapal U Go Golem,Pendulum Effect Monster,DARK,Fiend,1600
7714344,Performapal Uni,Effect Monster,LIGHT,Beast-Warrior,800
64450427,Performapal Whim Witch,Pendulum Effect Monster,DARK,Spellcaster,800
79967395,Performapal Whip Snake,Effect Monster,EARTH,Reptile,1700
72924435,"Periallis, Empress of Blossoms",Synchro Monster,LIGHT,Plant,1600
69764158,Peropero Cerperus,Effect Monster,EARTH,Beast,0
66429798,Pesanta the Titan of Troubadours,Normal Monster,DARK,Illusion,2500
52624755,Peten the Dark Clown,Effect Monster,DARK,Spellcaster,500
38142739,Petit Angel,Normal Monster,LIGHT,Fairy,600
75356564,Petit Dragon,Normal Monster,WIND,Dragon,600
58192742,Petit Moth,Normal Monster,EARTH,Insect,300
82946847,Petiteranodon,Effect Monster,EARTH,Dinosaur,500
59901153,Phalaenop Sisters,Effect Monster,WIND,Fairy,300
95463814,Phantasm Emperor Trilojig,Fusion Monster,DARK,Fiend,4000
56649609,Phantasm Spiral Dragon,Normal Monster,WATER,Wyrm,2900
90884403,Phantasmal Lord Ultimitl Bishbaalkin,Synchro Monster,DARK,Dragon,0
53134520,Phantasmal Summoning Beast,Effect Monster,DARK,Fiend,0
99792080,"Phantasos, the Dream Mirror Foe",Effect Monster,DARK,Beast-Warrior,1900
62393472,"Phantasos, the Dream Mirror Friend",Effect Monster,LIGHT,Beast-Warrior,900
71181155,Phantom Beast Cross-Wing,Effect Monster,LIGHT,Beast-Warrior,1300
70969517,Phantom Beast Rock-Lizard,Effect Monster,DARK,Beast-Warrior,2200
34961968,Phantom Beast Thunder-Pegasus,Effect Monster,LIGHT,Beast-Warrior,700
7576264,Phantom Beast Wild-Horn,Effect Monster,EARTH,Beast-Warrior,1700
17189532,Phantom Bounzer,Effect Monster,DARK,Warrior,2400
56605802,Phantom Cricket,Flip Effect Monster,EARTH,Insect,300
77603950,Phantom Dewan,Normal Monster,DARK,Spellcaster,700
49879995,Phantom Dragon,Effect Monster,LIGHT,Dragon,2300
43191636,Phantom Dragonray Bronto,Gemini Monster,WATER,Fish,1500
95113856,Phantom Fortress Enterblathnir,XYZ Monster,WIND,Machine,2900
61201220,Phantom Ghost,Normal Monster,DARK,Zombie,600
74852097,Phantom Gryphon,Normal Monster,WIND,Winged Beast,2000
6901008,Phantom King Hydride,Tuner Monster,DARK,Fiend,1500
24103628,Phantom Magician,Effect Monster,DARK,Spellcaster,600
30312361,Phantom of Chaos,Effect Monster,DARK,Fiend,0
80453041,Phantom of Yubel,Fusion Monster,DARK,Fiend,0
12958919,Phantom Skyblaster,Effect Monster,DARK,Fiend,1100
52550973,Pharaoh's Servant,Normal Monster,DARK,Zombie,900
23099524,Pharaonic Advent,Effect Monster,DARK,Spellcaster,2000
89707961,Pharaonic Guardian Sphinx,Effect Monster,EARTH,Rock,2300
89959682,Pharaonic Protector,Normal Monster,EARTH,Zombie,900
43791861,Phoenix Beast Gairuda,Effect Monster,WIND,Winged Beast,2500
69488544,Phoenix Gearfried,Gemini Monster,FIRE,Warrior,2800
23558733,Phoenixian Cluster Amaryllis,Effect Monster,FIRE,Plant,2200
96553688,Phoenixian Seed,Effect Monster,FIRE,Plant,800
67556500,Phonon Pulse Dragon,Synchro Tuner Monster,DARK,Dragon,1900
8192327,Phosphorage the Elemental Lord,Effect Monster,LIGHT,Fairy,2800
98881931,Photon Advancer,Effect Monster,LIGHT,Warrior,1000
75797046,Photon Alexandra Queen,XYZ Monster,LIGHT,Warrior,2400
13492423,Photon Caesar,Effect Monster,LIGHT,Warrior,2000
28990150,Photon Cerberus,Effect Monster,LIGHT,Beast,1300
2618045,Photon Chargeman,Effect Monster,LIGHT,Warrior,1000
64145892,Photon Circle,Effect Monster,LIGHT,Spellcaster,1000
1362589,Photon Crusher,Effect Monster,LIGHT,Warrior,2000
47051709,Photon Delta Wing,Effect Monster,LIGHT,Machine,1800
73478096,Photon Emperor,Effect Monster,LIGHT,Warrior,2800
97639441,Photon Jumper,Effect Monster,LIGHT,Warrior,0
38757297,Photon Leo,Effect Monster,LIGHT,Beast,2100
38973775,Photon Lizard,Effect Monster,LIGHT,Dragon,900
89132148,Photon Orbital,Effect Monster,LIGHT,Machine,500
28150174,Photon Papilloperative,XYZ Monster,LIGHT,Warrior,2100
36834155,Photon Pirate,Effect Monster,LIGHT,Machine,1000
80495985,Photon Sabre Tiger,Effect Monster,LIGHT,Beast,2000
63223260,Photon Satellite,Effect Monster,LIGHT,Machine,0
9718968,Photon Slasher,Effect Monster,LIGHT,Warrior,2100
92661479,Photon Strike Bounzer,XYZ Monster,LIGHT,Warrior,2700
65367484,Photon Thrasher,Effect Monster,LIGHT,Warrior,2100
43147039,Photon Vanisher,Effect Monster,LIGHT,Warrior,2000
55758589,Photon Wyvern,Effect Monster,LIGHT,Dragon,2500
69846323,Piercing Moray,Effect Monster,WATER,Fish,1500
16020923,Pikari @Ignister,Effect Monster,LIGHT,Cyberse,1200
19153590,Pile Armed Dragon,Effect Monster,WIND,Dragon,2800
20700531,Pilgrim of the Ice Barrier,Effect Monster,WATER,Warrior,1500
45742626,Pilgrim Reaper,XYZ Monster,DARK,Zombie,-1
71175527,"Pilica, Descendant of Gusto",Effect Monster,WIND,Psychic,1000
20357457,Pillar of the Future - Cyanos,Effect Monster,LIGHT,Machine,500
26185991,Pinch Hopper,Effect Monster,EARTH,Insect,1000
67445676,Pinecono,Effect Monster,EARTH,Plant,400
50823978,Piranha Army,Effect Monster,WATER,Fish,800
88975532,Pitch-Black Warwolf,Effect Monster,DARK,Beast-Warrior,1600
47415292,Pitch-Dark Dragon,Union Effect Monster,DARK,Dragon,900
47759571,Pitknight Earlie,Link Monster,FIRE,Cyberse,1500
25919316,Pitknight Filly,Link Monster,FIRE,Cyberse,1500
83682209,Piwraithe the Ghost Pirate,Effect Monster,WATER,Aqua,1500
35429292,Pixie Knight,Effect Monster,LIGHT,Spellcaster,1300
55696885,Plague Wolf,Effect Monster,DARK,Zombie,1000
33420078,Plaguespreader Zombie,Tuner Monster,DARK,Zombie,400
97526666,Planet Pathfinder,Effect Monster,EARTH,Machine,1000
92595545,Plasma Ball,Effect Monster,LIGHT,Thunder,900
40216089,Platinum Gadget,Link Monster,LIGHT,Machine,1600
69529567,Playful Possum,Effect Monster,EARTH,Beast,800
94253655,Plunder Patrollship Brann,Synchro Monster,FIRE,Fiend,2500
85969517,Plunder Patrollship Jord,Synchro Pendulum Effect Monster,EARTH,Fiend,1500
18832779,Plunder Patrollship Lys,Fusion Monster,LIGHT,Fiend,2000
20248754,Plunder Patrollship Moerk,XYZ Monster,DARK,Fiend,1000
89016236,Poeltis de Nouvelles,Ritual Effect Monster,DARK,Beast-Warrior,1200
56840658,Poison Draw Frog,Effect Monster,WATER,Aqua,100
43716289,Poison Mummy,Flip Effect Monster,EARTH,Zombie,1000
46485778,Poissonniere de Nouvelles,Pendulum Effect Monster,DARK,Fairy,700
8175346,Poki Draco,Effect Monster,FIRE,Dragon,200
44088292,Poly-Chemicritter Dioxogre,Gemini Monster,DARK,Fiend,2800
80476891,Poly-Chemicritter Hydragon,Gemini Monster,WATER,Dragon,200
5800323,Poplar of the White Forest,Synchro Tuner Monster,LIGHT,Illusion,700
60517697,"Poseidra Abyss, the Atlantean Dragon Lord",XYZ Monster,WATER,Sea Serpent,3000
47826112,"Poseidra, the Atlantean Dragon",Effect Monster,WATER,Sea Serpent,2800
99193444,"Poseidra, the Storming Atlantean",Effect Monster,WATER,Sea Serpent,2800
52860176,Possessed Dark Soul,Effect Monster,DARK,Fiend,1200
91501248,Pot of The Forbidden,Flip Effect Monster,EARTH,Rock,2000
55567161,Pot the Trick,Normal Monster,EARTH,Rock,400
89055154,Power Angel Valkyria,Effect Monster,LIGHT,Fairy,1800
6903857,Power Breaker,Effect Monster,EARTH,Warrior,1900
7025445,Power Giant,Effect Monster,EARTH,Rock,2200
89547299,Power Injector,Effect Monster,EARTH,Psychic,1300
18842395,Power Invader,Effect Monster,DARK,Fiend,2200
81650695,Power Patron DoomZ,Effect Monster,WIND,Machine,300
68075840,Power Pro Knight Sisters,Normal Monster,LIGHT,Warrior,1200
49858495,Power Pro Lady Sisters,Normal Monster,WIND,Winged Beast,1950
55063681,Power Supplier,Effect Monster,EARTH,Spellcaster,400
63265554,Power Tool Braver Dragon,Synchro Monster,EARTH,Machine,2500
2403771,Power Tool Dragon,Synchro Monster,EARTH,Machine,2300
68084557,Power Tool Mecha Dragon,Synchro Monster,DARK,Machine,2300
15844566,Powercode Talker,Link Monster,FIRE,Cyberse,2300
87742943,Powered Crawler,Effect Monster,EARTH,Machine,2700
46132282,Powered Inzektron,Synchro Monster,LIGHT,Machine,2500
50621530,Powered Tuner,Effect Monster,WATER,Dragon,1400
33691040,Pragtical,Fusion Monster,EARTH,Dinosaur,1900
81997228,Prank-Kids Battle Butler,Fusion Monster,WIND,Thunder,3000
43886072,Prank-Kids Bow-Wow-Bark,Link Monster,FIRE,Pyro,2000
17382973,Prank-Kids Dodo-Doodle-Doo,Link Monster,WIND,Thunder,2000
55725117,Prank-Kids Dropsies,Effect Monster,WATER,Aqua,1000
81119816,Prank-Kids Fansies,Effect Monster,WIND,Thunder,0
18236002,Prank-Kids Lampsies,Effect Monster,FIRE,Pyro,1500
25725326,Prank-Kids Meow-Meow-Mu,Link Monster,EARTH,Rock,1000
70875686,Prank-Kids Rip-Roarin-Roaster,Link Monster,WATER,Aqua,3000
18514525,Prank-Kids Rocket Ride,Fusion Monster,FIRE,Pyro,2000
31440046,Prank-Kids Rocksies,Effect Monster,EARTH,Rock,1500
44509529,Prank-Kids Weather Washer,Fusion Monster,WATER,Aqua,2000
31600513,Praying Mantis,Effect Monster,WIND,Insect,1500
66309175,Predaplant Ambulomelides,Fusion Monster,DARK,Plant,1000
22138839,Predaplant Banksiogre,Tuner Monster,DARK,Plant,2000
70427670,Predaplant Bufolicula,Pendulum Effect Monster,DARK,Plant,0
44932065,Predaplant Byblisp,Effect Monster,DARK,Plant,0
25586143,Predaplant Chimerafflesia,Fusion Monster,DARK,Plant,2500
89181134,Predaplant Chlamydosundew,Effect Monster,DARK,Plant,600
7161742,Predaplant Cordyceps,Effect Monster,DARK,Plant,0
61677004,Predaplant Darlingtonia Cobra,Effect Monster,DARK,Plant,1000
69946549,Predaplant Dragostapelia,Fusion Monster,DARK,Plant,2700
99913726,Predaplant Drosophyllum Hydra,Effect Monster,DARK,Plant,800
96622984,Predaplant Flytrap,Effect Monster,DARK,Plant,400
5259518,Predaplant Heliamphorhynchus,Effect Monster,DARK,Plant,1200
22011689,Predaplant Moray Nepenthes,Effect Monster,DARK,Plant,1600
35272499,Predaplant Ophrys Scorpio,Effect Monster,DARK,Plant,1200
26308721,Predaplant Pterapenthes,Effect Monster,DARK,Plant,300
53819028,Predaplant Sarraceniant,Effect Monster,DARK,Plant,100
30537973,Predaplant Spider Orchid,Pendulum Effect Monster,DARK,Plant,0
52792430,Predaplant Spinodionaea,Effect Monster,DARK,Plant,1800
69105797,Predaplant Squid Drosera,Effect Monster,DARK,Plant,800
17825378,Predaplant Triantis,Pendulum Effect Monster,DARK,Plant,2400
79864860,Predaplant Triphyoverutum,Fusion Monster,DARK,Plant,3000
70369116,Predaplant Verte Anaconda,Link Monster,DARK,Plant,500
31118030,Prediction Princess Arrowsylph,Flip Effect Monster,WIND,Fairy,1000
5010422,Prediction Princess Astromorrigan,Flip Effect Monster,DARK,Fairy,1300
66069967,Prediction Princess Bibliomuse,Flip Effect Monster,EARTH,Fairy,2500
32231618,Prediction Princess Coinorma,Flip Effect Monster,EARTH,Fairy,800
67503139,Prediction Princess Crystaldine,Flip Effect Monster,WATER,Fairy,1400
68625727,Prediction Princess Petalelf,Flip Effect Monster,EARTH,Fairy,800
94997874,Prediction Princess Tarotrei,Ritual Effect Monster,LIGHT,Fairy,2700
42932862,Prediction Princess Tarotreith,Ritual Effect Monster,DARK,Fairy,1200
549481,Prevent Rat,Normal Monster,EARTH,Beast,500
91559748,Prickle Fairy,Effect Monster,EARTH,Plant,300
67660909,Priestess of the Ashened City,Effect Monster,DARK,Pyro,1200
36734924,Priestess with Eyes of Blue,Tuner Monster,LIGHT,Spellcaster,0
57448410,Prima Materiactor,Pendulum Normal Monster,LIGHT,Dragon,0
64025981,"Primal Dragon, the Primordial",Effect Monster,LIGHT,Dragon,2000
85692042,Primathmech Alembertian,XYZ Monster,EARTH,Cyberse,2000
88021907,Primathmech Laplacian,XYZ Monster,EARTH,Cyberse,2000
12298909,Prime Material Dragon,Effect Monster,LIGHT,Dragon,2400
1287123,Prime Material Falcon,Effect Monster,WIND,Winged Beast,2200
49729312,Primineral Kongreat,Effect Monster,EARTH,Rock,3000
37021315,Primineral Mandstrong,Effect Monster,EARTH,Rock,2000
63198739,Primite Dragon Ether Beryl,Effect Monster,EARTH,Dragon,1600
26462013,Primite Dragon Nether Berzelius,Fusion Monster,EARTH,Dragon,1600
81418467,Primite Imperial Dragon,Effect Monster,EARTH,Dragon,2600
98154550,Primitive Butterfly,Effect Monster,WIND,Insect,1200
8129306,Primula the Rikka Fairy,Effect Monster,WATER,Plant,800
75574498,Princess Cologne,XYZ Monster,LIGHT,Fairy,500
2316186,Princess Curran,Effect Monster,DARK,Spellcaster,2000
51371017,Princess of Tsurugi,Flip Effect Monster,WIND,Warrior,900
75917088,Princess Pikeru,Effect Monster,LIGHT,Spellcaster,2000
11496832,Principug,Effect Monster,EARTH,Beast,0
78527720,Prinzessin,Effect Monster,LIGHT,Fairy,300
50088247,Prior of the Ice Barrier,Effect Monster,WATER,Aqua,1000
80234301,Prisman,Normal Monster,LIGHT,Rock,800
12612470,Procession of the Tea Jar,Tuner Monster,DARK,Zombie,500
52615248,Progleo,Link Monster,LIGHT,Cyberse,1000
39732186,Prohibit Snake,Effect Monster,LIGHT,Cyberse,500
75713017,"Prometeor, the Burning Star",Effect Monster,FIRE,Machine,2800
2772337,"Promethean Princess, Bestower of Flames",Link Monster,FIRE,Fiend,2700
82213171,"Prometheus, King of the Shadows",Effect Monster,DARK,Fiend,1200
21414674,Prominence Hand,Effect Monster,FIRE,Pyro,600
89770167,"Prominence, Molten Swordsman",Effect Monster,FIRE,Beast-Warrior,1800
50548657,Prompthorn,Effect Monster,DARK,Cyberse,200
85847157,Proof of Pruflas,Effect Monster,DARK,Fiend,100
61681816,Propa Gandake,Effect Monster,EARTH,Psychic,500
56174248,Prophecy Destroyer,Effect Monster,DARK,Spellcaster,2500
58036229,Protectcode Talker,Link Monster,DARK,Cyberse,2300
84339249,Protecting Spirit Loagaeth,Effect Monster,LIGHT,Fairy,2400
11678191,Protective Soul Ailin,Union Effect Monster,LIGHT,Fairy,0
90290572,Protector of The Agents - Moon,Link Monster,LIGHT,Fairy,1800
24221739,Protector of the Sanctuary,Effect Monster,EARTH,Fiend,1100
10071456,Protector of the Throne,Normal Monster,EARTH,Warrior,800
47158777,Protector Whelp of the Destruction Swordsman,Link Monster,LIGHT,Dragon,400
72855441,Protector with Eyes of Blue,Tuner Monster,LIGHT,Spellcaster,800
56187077,"Proto Enneacraft - ""orgIA""",Pendulum Flip Effect Monster,EARTH,Machine,100
26439287,Proto-Cyber Dragon,Effect Monster,LIGHT,Machine,1100
5329790,Protocol Gardna,Link Monster,DARK,Cyberse,1000
95091919,Prototype Psychic Blaster,Effect Monster,EARTH,Psychic,2000
25072579,Prototype Sky Striker Ace - Amatsu,Link Monster,DARK,Machine,1500
24154052,Protron,Normal Monster,EARTH,Cyberse,100
22862454,Proxy Dragon,Link Monster,LIGHT,Cyberse,1400
12450071,Proxy F Magician,Link Monster,FIRE,Cyberse,1400
16684346,Proxy Horse,Effect Monster,LIGHT,Cyberse,1100
9798352,"Prufinesse, the Tactical Trapper",Effect Monster,DARK,Fiend,1800
46291010,Psi-Beast,Effect Monster,EARTH,Psychic,700
29417188,Psi-Blocker,Effect Monster,WIND,Psychic,1200
74644400,Psi-Reflector,Tuner Monster,DARK,Psychic,400
26523337,"Psiics, Moonlight of the Ghoti",Effect Monster,WATER,Fish,2400
49036338,PSY-Frame Driver,Normal Monster,LIGHT,Psychic,2500
43266605,PSY-Frame Multi-Threader,Effect Monster,LIGHT,Psychic,0
75425043,PSY-Framegear Alpha,Tuner Monster,LIGHT,Psychic,500
2810642,PSY-Framegear Beta,Tuner Monster,LIGHT,Psychic,700
74203495,PSY-Framegear Delta,Tuner Monster,LIGHT,Psychic,1200
1697104,PSY-Framegear Epsilon,Tuner Monster,LIGHT,Psychic,1500
38814750,PSY-Framegear Gamma,Tuner Monster,LIGHT,Psychic,1000
8802510,PSY-Framelord Lambda,Link Monster,LIGHT,Psychic,1700
74586817,PSY-Framelord Omega,Synchro Monster,LIGHT,Psychic,2800
37192109,PSY-Framelord Zeta,Synchro Monster,LIGHT,Psychic,2500
84453939,Psychic Ace,Effect Monster,DARK,Psychic,1000
88139289,Psychic Blaster Mk-II,Synchro Monster,EARTH,Psychic,3200
65471349,Psychic Bounder,Effect Monster,LIGHT,Machine,1700
21454943,Psychic Commander,Tuner Monster,EARTH,Psychic,1400
77600660,Psychic Emperor,Effect Monster,LIGHT,Psychic,2400
60465049,Psychic End Punisher,Synchro Monster,LIGHT,Psychic,3500
52430902,Psychic Jumper,Tuner Monster,EARTH,Psychic,100
7892180,Psychic Kappa,Normal Monster,WATER,Aqua,400
45379225,Psychic Lifetrancer,Synchro Monster,EARTH,Psychic,2400
91870448,Psychic Megacyber,Effect Monster,DARK,Machine,2200
7582066,Psychic Nightmare,Synchro Monster,WIND,Psychic,2400
70659412,Psychic Omnibuster,Synchro Monster,WIND,Psychic,2500
70843274,Psychic Processor,Effect Monster,DARK,Psychic,0
53154400,Psychic Rover,Effect Monster,DARK,Psychic,0
58453942,Psychic Snail,Effect Monster,EARTH,Psychic,1900
30227494,Psychic Tracker,Effect Monster,EARTH,Psychic,1600
3233859,Psychic Wheeleder,Tuner Monster,EARTH,Psychic,600
35089369,"Pulao, Wind of the Yang Zing",Effect Monster,WIND,Wyrm,0
14512825,Pumpkin Carriage,Effect Monster,EARTH,Plant,0
29155212,Pumpking the King of Ghosts,Effect Monster,DARK,Zombie,1800
17601919,Pumprincess the Princess of Ghosts,Effect Monster,DARK,Zombie,900
74703140,Punished Eagle,Fusion Monster,WIND,Winged Beast,2100
19959563,Punishment Dragon,Effect Monster,DARK,Dragon,3000
76442347,Puny Penguin,Effect Monster,WATER,Aqua,400
3167573,Puppet King,Effect Monster,EARTH,Warrior,2800
41442341,Puppet Master,Effect Monster,DARK,Fiend,0
89839552,Puppet Pawn,Effect Monster,EARTH,Warrior,800
51119924,Puppet Plant,Effect Monster,EARTH,Plant,1000
15001619,Puppet Queen,Effect Monster,EARTH,Warrior,2200
77590412,Puppet Rook,Effect Monster,EARTH,Warrior,1200
37038993,"Puralis, the Purple Pyrotile",Synchro Tuner Monster,FIRE,Reptile,800
48461764,Purple Poison Magician,Pendulum Effect Monster,DARK,Spellcaster,1200
25550531,Purrely,Effect Monster,LIGHT,Fairy,100
79933029,Purrelyly,Effect Monster,DARK,Fairy,100
27870033,Pursuit Chaser,Effect Monster,EARTH,Machine,1400
85101097,Putrid Pudding Body Buddies,Effect Monster,WATER,Fiend,300
84271823,"Puzzlomino, the Drop-n-Deleter",Link Monster,LIGHT,Spellcaster,1300
77044671,Pyramid Turtle,Effect Monster,EARTH,Zombie,1200
48228390,Pyrite Knight,Effect Monster,EARTH,Warrior,2000
35842855,Pyrorex the Elemental Lord,Effect Monster,FIRE,Dinosaur,2800
61231400,Pyrotech Mech - Shiryu,Effect Monster,FIRE,Pyro,2900
24635329,Qadshaddoll Keios,Flip Effect Monster,LIGHT,Spellcaster,900
86605515,Qardan the Clear-Sighted,Effect Monster,EARTH,Fairy,1400
74725513,"Qebehsenuef, Protection of Horus",Effect Monster,EARTH,Winged Beast,2500
91907707,Qliphort Carrier,Pendulum Effect Monster,EARTH,Machine,2400
87588741,Qliphort Cephalopod,Pendulum Effect Monster,EARTH,Machine,2800
64496451,Qliphort Disk,Pendulum Effect Monster,EARTH,Machine,2800
22423493,Qliphort Genius,Link Monster,EARTH,Machine,1800
37991342,Qliphort Helix,Pendulum Effect Monster,EARTH,Machine,2400
51194046,Qliphort Monolith,Pendulum Normal Monster,EARTH,Machine,2400
65518099,Qliphort Scout,Pendulum Normal Monster,EARTH,Machine,1000
90885155,Qliphort Shell,Pendulum Effect Monster,EARTH,Machine,2800
13073850,Qliphort Stealth,Pendulum Effect Monster,EARTH,Machine,2800
84673574,QQ Enneagon,Effect Monster,FIRE,Dinosaur,900
29296344,Quadborrel Dragon,Link Monster,DARK,Dragon,1000
96470883,Queen Angel of Roses,Effect Monster,EARTH,Plant,2400
65033975,Queen Azamina,Effect Monster,DARK,Illusion,2500
73081602,Queen Bird,Normal Monster,WIND,Winged Beast,1200
13302026,Queen Butterfly Danaus,Effect Monster,WIND,Insect,2800
90726340,Queen Dragun Djinn,XYZ Monster,DARK,Dragon,2200
4179849,Queen of Autumn Leaves,Normal Monster,EARTH,Plant,1800
72162751,Queen of the Blazing Domain,Effect Monster,DARK,Pyro,3000
45500495,Queen of Thorns,Synchro Monster,LIGHT,Plant,2200
71411377,Queen's Bodyguard,Effect Monster,EARTH,Warrior,1700
5901497,Queen's Double,Effect Monster,EARTH,Warrior,350
25652259,Queen's Knight,Normal Monster,LIGHT,Warrior,1500
11287364,Quick-Span Knight,Tuner Monster,EARTH,Machine,1000
20932152,Quickdraw Synchron,Tuner Monster,WIND,Machine,700
23571046,Quillbolt Hedgehog,Effect Monster,EARTH,Machine,800
84433295,Quintet Magician,Fusion Monster,DARK,Spellcaster,4500
73783043,R-Genex Accelerator,Effect Monster,WIND,Machine,1500
65149697,R-Genex Crusher,Effect Monster,EARTH,Machine,800
1533292,R-Genex Magma,Effect Monster,FIRE,Pyro,1000
10178757,R-Genex Oracle,Tuner Monster,DARK,Spellcaster,300
32744558,R-Genex Overseer,Tuner Monster,DARK,Spellcaster,200
6256844,R-Genex Turbo,Effect Monster,WIND,Machine,1500
61052897,R-Genex Turing,Tuner Monster,DARK,Spellcaster,600
46572756,R-Genex Ultimum,Effect Monster,EARTH,Machine,1800
34568783,R-Genex Undine,Effect Monster,WATER,Aqua,1700
33438265,R.B. Ga10 Cutter,Effect Monster,EARTH,Machine,700
6043161,R.B. Ga10 Driller,Effect Monster,EARTH,Machine,500
44573911,R.B. Ga10 Pile Bunker,Effect Monster,EARTH,Machine,1500
17188206,R.B. Lambda Blade,Effect Monster,DARK,Machine,1400
81794107,R.B. Lambda Cannon,Effect Monster,DARK,Machine,1200
80071619,R.B. Shepherd's Crook,Link Monster,DARK,Machine,1500
32216688,R.B. The Brute Blues,Link Monster,WIND,Machine,1500
6821579,R.B. VALCan Booster,Link Monster,FIRE,Machine,500
79436874,R.B. VALCan Rocket,Effect Monster,FIRE,Machine,1000
74875003,Ra's Disciple,Effect Monster,LIGHT,Fairy,1100
30163008,"Ra'ten, the Heavenly General",Link Monster,EARTH,Warrior,2200
94905343,Rabid Horseman,Fusion Monster,EARTH,Beast-Warrior,2000
95788410,Rabidragon,Normal Monster,LIGHT,Dragon,2950
28674152,"Radian, the Multidimensional Kaiju",Effect Monster,DARK,Fiend,2800
84177693,Radiant Jeral,Effect Monster,LIGHT,Fairy,1000
12624008,Radiant Spirit,Effect Monster,LIGHT,Reptile,2000
54143349,Radiant Typhoon Eldam,Effect Monster,WIND,Beast,1300
85315450,"Radiant Typhoon Fonix, the Great Flame",Effect Monster,WIND,Pyro,3000
16922142,Radiant Typhoon Krosea,Effect Monster,WIND,Winged Beast,2200
27755794,Radiant Typhoon Meghala,Effect Monster,WIND,Fairy,500
80538047,Radiant Typhoon Swen,Effect Monster,WIND,Beast-Warrior,1600
39341885,"Radiant Typhoon Varuroon, the Marine Eidolon",Link Monster,WIND,Aqua,0
53927851,"Radiant Typhoon Varuroon, the Vibrant Vortex",Effect Monster,WIND,Aqua,0
70856343,Radiant Vouirescence,Effect Monster,LIGHT,Dragon,1600
6483224,"Radius, the Half-Moon Dragon",Effect Monster,LIGHT,Dragon,1400
38916526,"Rafale, Champion Fur Hire",Effect Monster,LIGHT,Dragon,2800
31440542,Rafflesia Seduction,Flip Effect Monster,EARTH,Plant,300
73778008,Rage of the Deep Sea,Effect Monster,WATER,Fish,0
33955120,Rage Rose Witch,Synchro Monster,DARK,Plant,1600
50957346,Raging Earth,Effect Monster,EARTH,Reptile,2000
56524813,Raging Eria,Effect Monster,WATER,Spellcaster,800
90810762,Raging Flame Sprite,Effect Monster,FIRE,Pyro,100
8836329,Raging Storm Dragon - Beaufort IX,Ritual Effect Monster,WIND,Dragon,2800
52543404,Ragnaraika Armored Lizard,Effect Monster,DARK,Reptile,0
6908161,Ragnaraika Chain Coils,Link Monster,FIRE,Reptile,2900
70514456,Ragnaraika Mantis Monk,Link Monster,WIND,Insect,2300
26548709,Ragnaraika Samurai Beetle,Effect Monster,LIGHT,Insect,1500
75352507,Ragnaraika Selene Snapper,Link Monster,WATER,Reptile,2600
43129357,Ragnaraika Skeletal Soldier,Link Monster,FIRE,Plant,1600
42307760,Ragnaraika Stag Sovereign,Link Monster,EARTH,Insect,3300
99153051,Ragnaraika the Evil Seed,Effect Monster,EARTH,Plant,0
97262307,Ragnaraika Wicked Butterfly,Effect Monster,EARTH,Insect,1800
31173519,Rai Rider,Effect Monster,LIGHT,Thunder,1200
37829468,Rai-Jin,Effect Monster,LIGHT,Thunder,-1
63223467,Rai-Mei,Effect Monster,LIGHT,Thunder,1400
77558536,"Raiden, Hand of the Lightsworn",Tuner Monster,LIGHT,Warrior,1700
28781003,Raider's Knight,XYZ Monster,DARK,Warrior,2000
52159691,Raider's Wing,Effect Monster,DARK,Winged Beast,0
96157835,Raidraptor - Arsenal Falcon,XYZ Monster,DARK,Winged Beast,2500
10194329,Raidraptor - Avenge Vulture,Effect Monster,DARK,Winged Beast,1700
96592102,Raidraptor - Blade Burner Falcon,XYZ Monster,DARK,Winged Beast,1000
45533023,Raidraptor - Blaze Falcon,XYZ Monster,DARK,Winged Beast,1000
25191307,Raidraptor - Bloom Vulture,Effect Monster,DARK,Winged Beast,300
73977033,Raidraptor - Booster Strix,Effect Monster,DARK,Winged Beast,100
8617563,Raidraptor - Brave Strix,XYZ Monster,DARK,Winged Beast,2000
52323874,Raidraptor - Fiend Eagle,XYZ Monster,DARK,Winged Beast,1000
43047672,Raidraptor - Final Fortress Falcon,XYZ Monster,DARK,Winged Beast,3800
73347079,Raidraptor - Force Strix,XYZ Monster,DARK,Winged Beast,100
5929801,Raidraptor - Fuzzy Lanius,Effect Monster,DARK,Winged Beast,500
51933043,Raidraptor - Heel Eagle,Effect Monster,DARK,Winged Beast,700
97219708,Raidraptor - Last Strix,Effect Monster,DARK,Winged Beast,100
96345188,Raidraptor - Mimicry Lanius,Effect Monster,DARK,Winged Beast,1100
60508057,Raidraptor - Napalm Dragonius,Effect Monster,DARK,Winged Beast,1000
51814159,Raidraptor - Necro Vulture,Effect Monster,DARK,Winged Beast,1000
99707692,Raidraptor - Noir Lanius,Effect Monster,DARK,Winged Beast,1600
46589034,Raidraptor - Pain Lanius,Effect Monster,DARK,Winged Beast,100
81927732,Raidraptor - Revolution Falcon,XYZ Monster,DARK,Winged Beast,2000
79985120,Raidraptor - Revolution Falcon - Air Raid,XYZ Monster,DARK,Winged Beast,2000
73887236,Raidraptor - Rise Falcon,XYZ Monster,DARK,Winged Beast,100
71222868,Raidraptor - Rising Rebellion Falcon,XYZ Monster,DARK,Winged Beast,4000
6552938,Raidraptor - Rudder Strix,Effect Monster,DARK,Winged Beast,0
23603403,Raidraptor - Satellite Cannon Falcon,XYZ Monster,DARK,Winged Beast,3000
60950180,Raidraptor - Sharp Lanius,Effect Monster,DARK,Winged Beast,1700
31314549,Raidraptor - Singing Lanius,Effect Monster,DARK,Winged Beast,100
45184165,Raidraptor - Skull Eagle,Effect Monster,DARK,Winged Beast,1000
15092394,Raidraptor - Stranger Falcon,XYZ Monster,DARK,Winged Beast,2000
87321742,Raidraptor - Strangle Lanius,Effect Monster,DARK,Winged Beast,1600
83236601,Raidraptor - Tribute Lanius,Effect Monster,DARK,Winged Beast,1800
86221741,Raidraptor - Ultimate Falcon,XYZ Monster,DARK,Winged Beast,3500
53251824,Raidraptor - Vanishing Lanius,Effect Monster,DARK,Winged Beast,1300
8785161,Raidraptor - Wild Vulture,Effect Monster,DARK,Winged Beast,1600
36429703,Raidraptor - Wise Strix,Link Monster,DARK,Winged Beast,1400
99991455,Raijin the Breakbolt Star,Fusion Monster,LIGHT,Warrior,3000
95568112,Rain Bozu,Pendulum Effect Monster,LIGHT,Fairy,0
79407975,Rainbow Dark Dragon,Effect Monster,DARK,Dragon,4000
79856792,Rainbow Dragon,Effect Monster,LIGHT,Dragon,4000
21347810,Rainbow Flower,Effect Monster,EARTH,Plant,400
2830693,Rainbow Kuriboh,Effect Monster,LIGHT,Fiend,100
29402771,Rainbow Marine Mermaid,Normal Monster,WATER,Fish,1550
86346643,Rainbow Neos,Fusion Monster,LIGHT,Warrior,4500
37440988,Rainbow Overdragon,Fusion Monster,LIGHT,Dragon,4000
69327790,Raiza the Mega Monarch,Effect Monster,WIND,Winged Beast,2800
73125233,Raiza the Storm Monarch,Effect Monster,WIND,Winged Beast,2400
41382147,Rallis the Star Bird,Effect Monster,WIND,Winged Beast,800
9190563,RAM Clouder,Effect Monster,LIGHT,Cyberse,1800
3784434,Rampaging Rhynos,Effect Monster,EARTH,Beast-Warrior,1500
82197831,Rampaging Smashtank Rhynosaber,Synchro Monster,FIRE,Machine,2400
44680819,Ranryu,Effect Monster,WIND,Dragon,1500
60222213,"Raphion, the Timelord",Effect Monster,WIND,Fairy,0
255998,Rapid Warrior,Effect Monster,WIND,Warrior,1200
6337436,Rapid-Fire Magician,Effect Monster,DARK,Spellcaster,1600
80516007,Rare Fish,Fusion Monster,WATER,Fish,1500
25236056,Rare Metal Dragon,Effect Monster,DARK,Dragon,2400
18716735,Raremetalfoes Bismugear,Pendulum Effect Monster,FIRE,Psychic,0
43378076,Rasetsu,Spirit Monster,FIRE,Fairy,1500
88000953,Rasterliger,Link Monster,LIGHT,Cyberse,2000
87188910,Ravenous Crocodragon Archethys,Synchro Monster,WATER,Fish,1000
69890967,"Raviel, Lord of Phantasms",Effect Monster,DARK,Fiend,4000
28651380,"Raviel, Lord of Phantasms - Shimmering Scraper",Effect Monster,DARK,Fiend,4000
85309439,Ray & Temperature,Normal Monster,LIGHT,Fairy,1000
18372968,Razor Lizard,Effect Monster,EARTH,Reptile,1500
77313225,"Rciela, Sinister Soul of the White Forest",Synchro Tuner Monster,LIGHT,Spellcaster,2000
58695102,Re-Cover,Tuner Monster,EARTH,Psychic,700
18000338,Re: EX,Effect Monster,LIGHT,Dinosaur,1900
91020571,"Reactan, Dragon Ruler of Pebbles",Effect Monster,EARTH,Dragon,1800
79387392,Reactor Slime,Effect Monster,WATER,Aqua,500
9560338,Reaper of Prophecy,Effect Monster,DARK,Spellcaster,2000
33066139,Reaper of the Cards,Flip Effect Monster,DARK,Fiend,1380
85684223,Reaper on the Nightmare,Fusion Monster,DARK,Zombie,800
10028593,Reborn Tengu,Effect Monster,WIND,Beast-Warrior,1700
23421244,Reborn Zombie,Effect Monster,DARK,Zombie,1000
4550066,Rebuildeer,Effect Monster,WIND,Cyberse,1800
31467949,"Recon, Scout Fur Hire",Effect Monster,WIND,Beast,1000
76232522,Recovery Sorcerer,Link Monster,LIGHT,Cyberse,1500
65570596,Red Archery Girl,Normal Monster,WATER,Aqua,1400
71521025,Red Blossoms from Underroot,Effect Monster,DARK,Fiend,0
70902743,Red Dragon Archfiend,Synchro Monster,DARK,Dragon,3000
77336644,Red Dragon Archfiend/Assault Mode,Effect Monster,DARK,Dragon,3500
58165765,Red Dragon Ninja,Effect Monster,FIRE,Winged Beast,2400
61019812,Red Duston,Effect Monster,FIRE,Fiend,0
8372133,Red Familiar,Effect Monster,DARK,Fiend,1600
86445415,Red Gadget,Effect Monster,EARTH,Machine,1300
72318602,Red Gardna,Effect Monster,FIRE,Fiend,0
19636995,Red Hared Hasty Horse,Effect Monster,WIND,Beast,2000
19299793,"Red Lotus King, Flame Crime",Effect Monster,FIRE,Fiend,1700
8706701,Red Mirror,Effect Monster,FIRE,Fiend,0
21142671,Red Nova,Tuner Monster,FIRE,Fairy,0
97489701,Red Nova Dragon,Synchro Monster,DARK,Dragon,3500
68722455,Red Ogre,Effect Monster,EARTH,Zombie,2800
16001119,Red Potan,Effect Monster,FIRE,Fairy,100
40975574,Red Resonator,Tuner Monster,FIRE,Fiend,600
66141736,Red Rising Dragon,Synchro Monster,DARK,Dragon,2100
26118970,Red Rose Dragon,Tuner Monster,DARK,Dragon,1000
81354330,Red Sparrow Summoner,Effect Monster,FIRE,Spellcaster,1600
14886469,Red Sprinter,Effect Monster,FIRE,Fiend,1700
99585850,Red Supernova Dragon,Synchro Monster,DARK,Dragon,4000
45313993,Red Warg,Effect Monster,FIRE,Fiend,1400
76547525,Red Wyvern,Synchro Monster,FIRE,Dragon,2400
39357122,Red-Eyes Archfiend of Lightning,Gemini Monster,DARK,Fiend,2500
58257569,Red-Eyes Baby Dragon,Effect Monster,DARK,Dragon,1200
74677422,Red-Eyes Black Dragon,Normal Monster,DARK,Dragon,2400
19747827,Red-Eyes Black Dragon Sword,Fusion Monster,DARK,Dragon,2400
30079770,Red-Eyes Black Flare Dragon,Gemini Monster,DARK,Dragon,2400
80870883,Red-Eyes Black Fullmetal Dragon,Effect Monster,DARK,Machine,3400
64335805,Red-Eyes Black Metal Dragon,Effect Monster,DARK,Machine,2800
27657173,Red-Eyes Black Meteor Dragon,Effect Monster,DARK,Dragon,2000
37818794,Red-Eyes Dark Dragoon,Fusion Monster,DARK,Spellcaster,3000
96561011,Red-Eyes Darkness Dragon,Effect Monster,DARK,Dragon,2400
88264978,Red-Eyes Darkness Metal Dragon,Effect Monster,DARK,Dragon,2800
44405066,Red-Eyes Flare Metal Dragon,XYZ Monster,DARK,Dragon,2800
83711531,Red-Eyes Metal Claws Dragon,Effect Monster,DARK,Dragon,2400
53485634,Red-Eyes Retro Dragon,Effect Monster,DARK,Dragon,1700
21140872,Red-Eyes Slash Dragon,Fusion Monster,DARK,Dragon,2800
6556909,Red-Eyes Soul,Effect Monster,DARK,Dragon,900
31733941,Red-Eyes Toon Dragon,Toon Monster,DARK,Dragon,2400
67300516,Red-Eyes Wyvern,Effect Monster,WIND,Dragon,1800
5186893,Red-Eyes Zombie Dragon,Effect Monster,DARK,Zombie,2400
38192988,Red-Eyes Zombie Dragon Lord,Synchro Monster,DARK,Zombie,2800
28240337,Red-Eyes Zombie Necro Dragon,Synchro Monster,DARK,Zombie,2400
30494314,Red-Headed Oni,Effect Monster,DARK,Zombie,1700
68769900,"Redbeard, the Plunder Patroll Matey",Effect Monster,WATER,Fiend,1000
90411554,"Redox, Dragon Ruler of Boulders",Effect Monster,EARTH,Dragon,1600
71353388,Reed Butterfly,Effect Monster,WIND,Insect,300
30276969,Reese the Ice Mistress,Tuner Monster,WATER,Sea Serpent,800
51023024,Reeshaddoll Wendi,Flip Effect Monster,WIND,Psychic,1500
36331074,"Reeze, Whirlwind of Gusto",Effect Monster,WIND,Psychic,1900
2851070,Reflect Bounder,Effect Monster,LIGHT,Machine,1700
39000945,Reflection of Endymion,Pendulum Effect Monster,LIGHT,Spellcaster,1850
64881644,Refrain the Melodious Songstress,Pendulum Effect Monster,LIGHT,Fairy,1600
70821187,Regenerating Mummy,Effect Monster,DARK,Zombie,1800
31986288,Regenerating Rose,Effect Monster,DARK,Plant,0
95718355,Regenesis Archfiend,Effect Monster,EARTH,Fiend,2500
59323650,Regenesis Dragon,Effect Monster,WIND,Dragon,2500
22812963,Regenesis Lord,Effect Monster,LIGHT,Illusion,2500
47082621,Regenesis Overlord,Effect Monster,DARK,Illusion,2500
22938501,Regenesis Sage,Effect Monster,WATER,Spellcaster,2500
96540807,Regenesis Warrior,Effect Monster,FIRE,Warrior,2500
20210570,Regulus,Effect Monster,LIGHT,Beast,1700
61480937,Regulus the Fairy Beast,Effect Monster,LIGHT,Beast,1700
41406613,"Reign-Beaux, Overking of Dark World",Effect Monster,DARK,Fiend,3000
99458769,"Reign-Beaux, Overlord of Dark World",Effect Monster,DARK,Fiend,2500
80102359,Reinforced Human Psychic Borg,Effect Monster,EARTH,Psychic,1500
50185950,Relinkuriboh,Effect Monster,DARK,Fiend,300
64631466,Relinquished,Ritual Effect Monster,DARK,Spellcaster,0
94259633,Relinquished Anima,Link Monster,DARK,Spellcaster,0
54248491,Relinquished Spider,Effect Monster,EARTH,Insect,300
60606759,"Renge, Gatekeeper of Dark World",Normal Monster,DARK,Fiend,100
8173184,Repair Genex Controller,Link Monster,DARK,Machine,1200
1665819,Replicard LAD,Effect Monster,DARK,Cyberse,2500
34989413,Reprodocus,Link Monster,EARTH,Dinosaur,800
81782101,Reptia Egg,Effect Monster,EARTH,Reptile,0
89594399,Reptilianne Coatl,Tuner Monster,DARK,Reptile,1400
8602351,Reptilianne Echidna,Link Monster,DARK,Reptile,200
43002864,Reptilianne Gardna,Effect Monster,WATER,Reptile,0
43426903,Reptilianne Gorgon,Effect Monster,DARK,Reptile,1400
60634565,Reptilianne Hydra,Synchro Monster,DARK,Reptile,2100
57647597,Reptilianne Lamia,Tuner Monster,DARK,Reptile,0
89810518,Reptilianne Medusa,Effect Monster,DARK,Reptile,2200
32138660,Reptilianne Melusine,Synchro Monster,DARK,Reptile,2500
79491903,Reptilianne Naga,Effect Monster,DARK,Reptile,0
42090294,Reptilianne Nyami,Effect Monster,DARK,Reptile,200
16909657,Reptilianne Scylla,Effect Monster,DARK,Reptile,1800
16008155,Reptilianne Servant,Effect Monster,DARK,Reptile,100
16886617,Reptilianne Vaskii,Effect Monster,DARK,Reptile,2600
42303365,Reptilianne Viper,Tuner Monster,DARK,Reptile,0
14878871,Rescue Cat,Effect Monster,EARTH,Beast,300
56343672,Rescue Ferret,Effect Monster,EARTH,Beast,300
50485594,Rescue Hamster,Pendulum Effect Monster,EARTH,Beast,300
99742859,Rescue Hedgehog,Effect Monster,EARTH,Beast,300
63009228,Rescue Interlacer,Effect Monster,LIGHT,Cyberse,1000
85138716,Rescue Rabbit,Effect Monster,EARTH,Beast,300
70630741,Rescue Warrior,Effect Monster,EARTH,Warrior,1600
65734501,Rescue-ACE Air Lifter,Effect Monster,FIRE,Warrior,1700
64612053,Rescue-ACE Fire Attacker,Effect Monster,FIRE,Machine,2200
90000652,Rescue-ACE Fire Engine,Effect Monster,FIRE,Machine,2500
37617348,Rescue-ACE Hydrant,Effect Monster,FIRE,Machine,0
38339996,Rescue-ACE Impulse,Effect Monster,FIRE,Warrior,1500
91222209,Rescue-ACE Monitor,Effect Monster,FIRE,Warrior,1800
41443249,Rescue-ACE Preventer,Effect Monster,FIRE,Machine,2800
37495766,Rescue-ACE Turbulence,Effect Monster,FIRE,Machine,3000
24311595,Rescueroid,Effect Monster,FIRE,Machine,1600
62420419,Reshef the Dark Being,Ritual Effect Monster,LIGHT,Fiend,2500
92610868,ReSolfachord Dreamia,Pendulum Effect Monster,WIND,Fairy,600
96938986,Resonance Insect,Effect Monster,EARTH,Insect,1000
74163487,Restoration Point Guard,Link Monster,DARK,Cyberse,1000
55702233,Ret-time Reviver Emit-ter,Tuner Monster,DARK,Fairy,800
46502744,"Retaliating ""C""",Effect Monster,EARTH,Insect,1400
3072077,Return Zombie,Effect Monster,DARK,Zombie,1000
24892828,Returned of the Tistina,Effect Monster,FIRE,Aqua,500
18319762,Revealer of the Ice Barrier,Effect Monster,WATER,Spellcaster,1700
34093683,Revendread Executor,Ritual Effect Monster,DARK,Zombie,3000
4388680,Revendread Slayer,Ritual Effect Monster,DARK,Zombie,2400
90640901,Reverse Buster,Effect Monster,LIGHT,Fiend,1500
67248304,Reverse Jar,Flip Effect Monster,EARTH,Rock,800
45702357,Reversible Beetle,Effect Monster,EARTH,Insect,1100
87347365,Revival Golem,Effect Monster,EARTH,Rock,100
31709826,Revival Jam,Effect Monster,WATER,Aqua,1500
12469386,Revival Rose,Effect Monster,DARK,Plant,1300
5309481,Revived King Ha Des,Synchro Monster,DARK,Zombie,2450
97682931,Revolution Synchron,Tuner Monster,EARTH,Machine,900
28004531,"Rex, Freight Fur Hire",Effect Monster,EARTH,Dinosaur,300
62403074,Rhaimundos of the Red Sword,Normal Monster,EARTH,Warrior,1200
83957459,Rhinotaurus,Effect Monster,FIRE,Beast-Warrior,1800
14235211,Rider of the Storm Winds,Tuner Monster,LIGHT,Dragon,500
70903634,Right Arm of the Forbidden One,Normal Monster,DARK,Spellcaster,200
8124921,Right Leg of the Forbidden One,Normal Monster,DARK,Spellcaster,200
11845050,Right-Hand Shark,Effect Monster,WATER,Fish,1500
60071928,Righty Driver,Tuner Monster,EARTH,Machine,100
39180960,Rigorous Reaver,Flip Effect Monster,FIRE,Plant,1600
71734607,Rikka Petal,Effect Monster,WATER,Plant,0
132308,Rikka Princess,Effect Monster,WATER,Plant,0
3828844,Rikka Queen Strenna,XYZ Monster,WATER,Plant,2000
72498838,"Rilliona, the Magistus of Verre",Effect Monster,LIGHT,Spellcaster,800
74689476,"Rilliona, the Wondrous Magistus Witch Wardrobe",XYZ Monster,LIGHT,Spellcaster,1000
51409648,Rindbrumm the Striking Dragon,Fusion Monster,DARK,Winged Beast,2500
30765615,"Ringowurm, the Dragon Guarding the Hundred Apples",Tuner Monster,LIGHT,Dragon,100
38815069,"Rinyan, Lightsworn Rogue",Flip Effect Monster,LIGHT,Beast,100
56410769,Ripple Bird,XYZ Monster,WIND,Winged Beast,1000
25788011,Risebell the Star Adjuster,Effect Monster,WIND,Psychic,800
14812659,Risebell the Star Psycher,Effect Monster,WIND,Psychic,1500
45103815,Risebell the Summoner,Pendulum Normal Monster,WIND,Psychic,800
14513016,Ritual Beast Tamer Elder,Effect Monster,WIND,Psychic,200
87118301,Ritual Beast Tamer Lara,Effect Monster,WIND,Psychic,100
40907115,Ritual Beast Tamer Wen,Effect Monster,WIND,Psychic,1500
57777714,Ritual Beast Tamer Zeframpilica,Pendulum Effect Monster,WIND,Psychic,1000
23166823,Ritual Beast Tamer Zefrawendi,Pendulum Effect Monster,WIND,Psychic,1500
86274272,Ritual Beast Ulti-Apelio,Fusion Monster,WIND,Pyro,2600
48063985,Ritual Beast Ulti-Cannahawk,Fusion Monster,WIND,Thunder,1400
56655675,Ritual Beast Ulti-Gaiapelio,Fusion Monster,LIGHT,Psychic,3200
58811192,Ritual Beast Ulti-Kimunfalcos,Link Monster,WIND,Psychic,1800
69718652,Ritual Beast Ulti-Nochiudrago,Fusion Monster,LIGHT,Wyrm,2400
12678870,Ritual Beast Ulti-Pettlephin,Fusion Monster,WIND,Aqua,200
96113307,Ritual Beast Ulti-Reirautari,Link Monster,WIND,Psychic,2600
34334692,Ritual Raven,Effect Monster,DARK,Fiend,300
71971554,Road Synchron,Tuner Monster,LIGHT,Machine,1600
2322421,Road Warrior,Synchro Monster,LIGHT,Warrior,3000
19066538,Roaring Ocean Snake,Fusion Monster,WATER,Aqua,2100
92421852,Robolady,Normal Monster,EARTH,Machine,450
38601126,Robot Buster Destruction Sword,Effect Monster,DARK,Machine,1600
44203504,Robotic Knight,Normal Monster,FIRE,Machine,1600
38916461,Roboyarou,Normal Monster,EARTH,Machine,900
28143906,Roc from the Valley of Haze,Effect Monster,WIND,Winged Beast,2400
36187051,Rock Band Xenoguitar,Effect Monster,EARTH,Rock,1000
28168628,Rock of the Vanquisher,Link Monster,DARK,Rock,0
68846917,Rock Ogre Grotto #1,Normal Monster,EARTH,Rock,800
62193699,Rock Ogre Grotto #2,Normal Monster,EARTH,Rock,700
57946551,Rock Scales,Effect Monster,WATER,Fish,2100
82818645,Rock Spirit,Normal Monster,EARTH,Spellcaster,1650
79850798,Rocket Arrow Express,Effect Monster,EARTH,Machine,5000
46354113,Rocket Hermos Cannon,Fusion Monster,LIGHT,Warrior,1500
53890795,Rocket Jumper,Effect Monster,EARTH,Rock,1000
30860696,Rocket Warrior,Effect Monster,LIGHT,Warrior,1500
51987571,Rockstone Warrior,Effect Monster,EARTH,Rock,1800
13478040,Rodenut,Effect Monster,EARTH,Beast,100
91939608,Rogue Doll,Normal Monster,LIGHT,Spellcaster,1600
44640691,Rogue of Endymion,Effect Monster,FIRE,Spellcaster,1500
67127799,Rokket Caliber,Tuner Monster,DARK,Dragon,1700
77189532,Rokket Coder,Effect Monster,DARK,Cyberse,1700
98937206,Rokket Detonator,Effect Monster,DARK,Dragon,1800
25554552,Rokket Loader,Effect Monster,DARK,Dragon,1500
5969957,Rokket Recharger,Effect Monster,DARK,Dragon,0
48355999,Rokket Synchron,Tuner Monster,DARK,Dragon,0
68464358,Rokket Tracer,Tuner Monster,DARK,Dragon,1600
44956694,ROM Cloudia,Effect Monster,DARK,Cyberse,1800
1357146,Ronintoadin,Effect Monster,WATER,Aqua,100
86028783,Rookie Warrior Lady,Effect Monster,EARTH,Warrior,1000
39004808,Root Water,Normal Monster,WATER,Fish,900
81146288,"Rosaria, the Stately Fallen Angel",Effect Monster,EARTH,Plant,2900
51852507,Rose Archer,Effect Monster,EARTH,Warrior,1000
44125452,Rose Fairy,Effect Monster,WIND,Plant,600
29177818,Rose Girl,Tuner Monster,EARTH,Plant,800
89252157,Rose Lover,Effect Monster,EARTH,Plant,800
96385345,Rose Paladin,Effect Monster,EARTH,Warrior,1800
8910240,Rose Papillon,Effect Monster,WIND,Insect,1400
58062306,Rose Princess,Effect Monster,EARTH,Plant,1200
2752099,Rose Shaman,Effect Monster,EARTH,Warrior,1700
32485271,Rose Spectre of Dunn,Fusion Monster,DARK,Plant,2000
41160533,Rose Tentacles,Effect Monster,EARTH,Plant,2200
23087070,Rose Witch,Effect Monster,EARTH,Plant,1600
1557341,"Rose, Warrior of Revenge",Tuner Monster,FIRE,Warrior,1600
46303688,Roulette Barrel,Effect Monster,LIGHT,Machine,1000
93708824,Roxrose Dragon,Tuner Monster,DARK,Dragon,1600
58769832,Royal Archfiend,Effect Monster,FIRE,Fiend,2400
54040221,Royal Firestorm Guards,Effect Monster,FIRE,Pyro,1700
39239728,Royal Guard,Normal Monster,EARTH,Machine,1900
16509093,Royal Keeper,Effect Monster,EARTH,Zombie,1600
68280530,Royal Knight,Effect Monster,LIGHT,Fairy,1300
66661678,Royal Knight of the Ice Barrier,Effect Monster,WATER,Warrior,2000
70791313,Royal Magical Library,Effect Monster,LIGHT,Spellcaster,0
74289646,Royal Rhino with Deceitful Dice,Effect Monster,EARTH,Beast,600
11020863,Royal Straight Slasher,Effect Monster,LIGHT,Warrior,2400
37953640,Royal Swamp Eel,Tuner Monster,WATER,Fish,1700
734741,"Rubic, Malebranche of the Burning Abyss",Tuner Monster,DARK,Fiend,100
6906306,"Rubysapphirus, the Adamant Jewel",XYZ Monster,EARTH,Rock,2700
24779554,Rucia of the White Forest,Tuner Monster,LIGHT,Spellcaster,800
40139997,Ruddy Rose Dragon,Synchro Monster,FIRE,Dragon,3200
29107423,Ruddy Rose Witch,Tuner Monster,LIGHT,Plant,800
26378150,Rude Kaiser,Normal Monster,EARTH,Beast-Warrior,1800
24919805,Ruffian Railcar,Effect Monster,EARTH,Machine,1800
50139096,"Ruin, Angel of Oblivion",Ritual Effect Monster,LIGHT,Fairy,1700
46427957,"Ruin, Queen of Oblivion",Ritual Effect Monster,LIGHT,Fairy,2300
13518809,"Ruin, Supreme Queen of Oblivion",Ritual Effect Monster,LIGHT,Fairy,2900
1516510,Rune-Eyes Pendulum Dragon,Fusion Monster,DARK,Dragon,3000
36736723,Rush Warrior,Effect Monster,WIND,Warrior,300
21502796,"Ryko, Lightsworn Hunter",Flip Effect Monster,LIGHT,Beast,200
83550869,"Ryko, Twilightsworn Fighter",Effect Monster,DARK,Beast,200
57281778,Ryu Kokki,Effect Monster,DARK,Zombie,2400
63737050,Ryu Okami,Effect Monster,LIGHT,Wyrm,2900
49868263,Ryu Senshi,Fusion Monster,EARTH,Warrior,2000
15303296,Ryu-Kishin,Normal Monster,DARK,Fiend,1000
42647539,Ryu-Kishin Clown,Effect Monster,DARK,Fiend,800
24611934,Ryu-Kishin Powered,Normal Monster,DARK,Fiend,1600
2964201,Ryu-Ran,Normal Monster,FIRE,Dragon,2200
34909328,Ryzeal Detonator,XYZ Monster,LIGHT,Pyro,3000
7511613,Ryzeal Duo Drive,XYZ Monster,FIRE,Thunder,2500
65479980,S-Force Dog Tag,Effect Monster,LIGHT,Machine,1600
91864689,S-Force Edge Razor,Effect Monster,DARK,Cyberse,1500
21368442,S-Force Gravitino,Effect Monster,LIGHT,Psychic,2000
35334193,S-Force Justify,Link Monster,LIGHT,Cyberse,2600
27383719,S-Force Lapcewell,Effect Monster,LIGHT,Fiend,2400
20515672,S-Force Nightchaser,Link Monster,DARK,Cyberse,800
95974848,S-Force Orrafist,Effect Monster,LIGHT,Cyberse,1800
58363151,S-Force Pla-Tina,Effect Monster,DARK,Spellcaster,2200
58589739,S-Force Professor DiGamma,Effect Monster,DARK,Psychic,1000
22180094,S-Force Rappa Chiyomaru,Effect Monster,DARK,Warrior,800
53782828,S-Force Retroactive,Effect Monster,LIGHT,Warrior,0
29301450,S:P Little Knight,Link Monster,DARK,Warrior,1600
46999905,Saambell the Star Bonder,Pendulum Effect Monster,WIND,Spellcaster,1400
45282603,Saambell the Summoner,Effect Monster,WIND,Spellcaster,600
49645921,Saber Beetle,Effect Monster,EARTH,Insect,2400
63193879,Saber Shark,Effect Monster,WATER,Fish,1600
37265642,Sabersaurus,Normal Monster,EARTH,Dinosaur,1900
16261341,Sacred Arch-Airknight Parshath,Effect Monster,LIGHT,Fairy,2800
30914564,Sacred Crane,Effect Monster,LIGHT,Winged Beast,1600
66431519,Sacred Fire King Garunix,Effect Monster,FIRE,Winged Beast,2700
10613952,Sacred Noble Knight of King Artorigus,XYZ Monster,LIGHT,Warrior,2200
78876707,Sacred Noble Knight of King Custennin,XYZ Monster,LIGHT,Warrior,1500
61441708,Sacred Phoenix of Nephthys,Effect Monster,FIRE,Winged Beast,2400
44877690,Sacred Spirit of the Ice Barrier,Spirit Monster,WATER,Zombie,1600
9349094,"Sacred Tree Beast, Hyperyton",XYZ Monster,EARTH,Plant,2600
65314286,"Sadion, the Timelord",Effect Monster,WIND,Fairy,0
10804018,"Saffira, Divine Dragon of the Voiceless Voice",Ritual Effect Monster,LIGHT,Dragon,2550
51296484,"Saffira, Dragon Queen of the Voiceless Voice",Effect Monster,LIGHT,Dragon,2500
56350972,"Saffira, Queen of Dragons",Ritual Effect Monster,LIGHT,Dragon,2500
34456146,Sage of Benevolence - Ciela,Effect Monster,WATER,Machine,2200
26669055,Sage of Silence,Effect Monster,LIGHT,Spellcaster,1400
62054060,Sage of Stillness,Effect Monster,LIGHT,Spellcaster,1400
96795312,Sage of Strength - Akash,Effect Monster,FIRE,Machine,2400
22790910,Sage of Wisdom - Himmel,Effect Monster,EARTH,Machine,500
8240199,Sage with Eyes of Blue,Tuner Monster,LIGHT,Spellcaster,0
66602787,Saggi the Dark Clown,Normal Monster,DARK,Spellcaster,600
93738004,"Sagitta, Maverick Fur Hire",Effect Monster,WIND,Winged Beast,1200
36608728,Saiba the Fighting Swordsmith,Synchro Monster,EARTH,Warrior,2000
85065943,Saint Azamina,Fusion Monster,DARK,Illusion,0
15130912,Saion the Vaylantz Archer,Pendulum Effect Monster,WATER,Spellcaster,1100
67972302,Sakitama,Spirit Monster,LIGHT,Fairy,400
47060528,Sakra Vendirage,XYZ Monster,DARK,Psychic,2000
37531679,"Salamandra, the Flying Flame Dragon",Effect Monster,FIRE,Dragon,700
60303245,Salamangreat Almiraj,Link Monster,FIRE,Cyberse,0
14812471,Salamangreat Balelynx,Link Monster,FIRE,Cyberse,500
25166510,Salamangreat Beat Bison,Effect Monster,FIRE,Cyberse,2800
9608555,Salamangreat Blaze Dragon,XYZ Monster,FIRE,Cyberse,2300
10140443,Salamangreat Burst Gryphon,Synchro Monster,FIRE,Cyberse,2800
71861848,Salamangreat Coyote,Effect Monster,FIRE,Cyberse,1000
16313112,Salamangreat Emerald Eagle,Ritual Effect Monster,FIRE,Cyberse,2800
20618081,Salamangreat Falco,Effect Monster,FIRE,Cyberse,1200
49094491,Salamangreat Fennec,Effect Monster,FIRE,Cyberse,1600
89662401,Salamangreat Fowl,Effect Monster,FIRE,Cyberse,1800
86962245,Salamangreat Foxer,Effect Monster,FIRE,Cyberse,1200
94620082,Salamangreat Foxy,Effect Monster,FIRE,Cyberse,1000
26889158,Salamangreat Gazelle,Effect Monster,FIRE,Cyberse,1500
41463181,Salamangreat Heatleo,Link Monster,FIRE,Cyberse,2300
56003780,Salamangreat Jack Jaguar,Effect Monster,FIRE,Cyberse,1800
67225377,Salamangreat Meer,Effect Monster,FIRE,Cyberse,800
87327776,Salamangreat Miragestallio,XYZ Monster,FIRE,Cyberse,2000
89484053,Salamangreat Mole,Effect Monster,FIRE,Cyberse,0
11962031,Salamangreat of Fire,Effect Monster,FIRE,Cyberse,800
59577547,Salamangreat Parro,Effect Monster,FIRE,Cyberse,2000
31313405,Salamangreat Pyro Phoenix,Link Monster,FIRE,Cyberse,2800
53490455,Salamangreat Raccoon,Effect Monster,FIRE,Cyberse,400
57134592,Salamangreat Raging Phoenix,Link Monster,FIRE,Cyberse,2800
52277807,Salamangreat Spinny,Effect Monster,FIRE,Cyberse,1000
87871125,Salamangreat Sunlight Wolf,Link Monster,FIRE,Cyberse,1800
84755744,Salamangreat Tiger,Tuner Monster,FIRE,Cyberse,2000
37261776,Salamangreat Violet Chimera,Fusion Monster,FIRE,Cyberse,2800
57357130,Salamangreat Weasel,Tuner Monster,FIRE,Cyberse,700
13173832,Salamangreat Wolvie,Effect Monster,FIRE,Cyberse,1700
44161893,Salamangreat Zebroid X,Effect Monster,FIRE,Cyberse,1500
41705642,Salvage Warrior,Effect Monster,WATER,Warrior,1900
62306203,Salvagent Driver,Effect Monster,LIGHT,Cyberse,2200
62318994,Samsara D Lotus,Effect Monster,DARK,Fiend,0
33750025,Samsara Dragon,Effect Monster,LIGHT,Dragon,0
72237166,Samsara Kaiser,Effect Monster,EARTH,Warrior,200
5592689,Samsara Lotus,Effect Monster,DARK,Plant,0
29143726,"Samsara, Dragon of Rebirth",Synchro Monster,DARK,Dragon,100
93124273,Samurai Cavalry of Reptier,Pendulum Effect Monster,EARTH,Dinosaur,1800
40509732,Samurai Destroyer,Synchro Monster,EARTH,Machine,2600
64926005,Samurai of the Ice Barrier,Effect Monster,WATER,Warrior,1800
68989981,Samurai Skull,Effect Monster,DARK,Zombie,1700
14344682,Samurai Sword Baron,Effect Monster,EARTH,Warrior,1600
11161666,Sanaki the Mikanko Devotee,Effect Monster,EARTH,Illusion,0
50593156,Sand Gambler,Effect Monster,LIGHT,Spellcaster,300
73648243,Sand Moth,Effect Monster,EARTH,Rock,1000
73051941,Sand Stone,Normal Monster,EARTH,Rock,1300
33015627,"Sandaion, the Timelord",Effect Monster,LIGHT,Fairy,4000
25955164,Sanga of the Thunder,Effect Monster,LIGHT,Thunder,2600
26202165,Sangan,Effect Monster,DARK,Fiend,1000
82570174,Sangenpai Bident Dragion,Synchro Tuner Monster,FIRE,Dragon,2600
18969888,Sangenpai Transcendent Dragion,Synchro Monster,FIRE,Dragon,3000
46565218,Santa Claws,Effect Monster,LIGHT,Fiend,1200
53539634,Sanwitch,Fusion Monster,DARK,Spellcaster,2100
99801464,Sari of the Silverwing Axe,Effect Monster,LIGHT,Machine,500
74997493,Saryuja Skull Dread,Link Monster,EARTH,Dragon,2800
16222645,Sasuke Samurai,Effect Monster,WIND,Warrior,500
11760174,Sasuke Samurai #2,Effect Monster,WIND,Warrior,200
77379481,Sasuke Samurai #3,Effect Monster,LIGHT,Warrior,1000
64538655,Sasuke Samurai #4,Effect Monster,WIND,Warrior,1200
65056481,Satellarknight Alsahm,Effect Monster,LIGHT,Warrior,1400
2273734,Satellarknight Altair,Effect Monster,LIGHT,Warrior,1700
26057276,Satellarknight Betelgeuse,Effect Monster,LIGHT,Warrior,700
86466163,Satellarknight Capella,Effect Monster,LIGHT,Warrior,1100
75878039,Satellarknight Deneb,Effect Monster,LIGHT,Warrior,1500
99668578,Satellarknight Procyon,Effect Monster,LIGHT,Warrior,1300
13851202,Satellarknight Rigel,Effect Monster,LIGHT,Warrior,1900
63274863,Satellarknight Sirius,Effect Monster,LIGHT,Warrior,1600
1050186,Satellarknight Unukalhai,Effect Monster,LIGHT,Warrior,1800
38667773,Satellarknight Vega,Effect Monster,LIGHT,Warrior,1200
96223501,Satellarknight Zefrathuban,Pendulum Effect Monster,LIGHT,Warrior,0
50400231,Satellite Cannon,Effect Monster,LIGHT,Machine,0
57458399,Satellite Synchron,Tuner Monster,DARK,Machine,700
84664085,Satellite Warrior,Synchro Monster,DARK,Warrior,2500
85032782,Sauge de Fleur,Effect Monster,DARK,Spellcaster,2900
88284599,"Sauravis, Dragon Sage of the Voiceless Voice",Effect Monster,LIGHT,Dragon,2600
4810828,"Sauravis, the Ancient and Ascended",Ritual Effect Monster,LIGHT,Dragon,2600
41753322,Sauropod Brachion,Effect Monster,EARTH,Dinosaur,1500
75198893,Scanner,Effect Monster,LIGHT,Machine,-1
67284107,Scapeghost,Tuner Monster,DARK,Zombie,0
1855886,Scar of the Vendread,Effect Monster,DARK,Zombie,2300
46877100,Scareclaw Acro,Effect Monster,EARTH,Beast,0
83488497,Scareclaw Astra,Effect Monster,EARTH,Beast,0
19882096,Scareclaw Belone,Effect Monster,EARTH,Beast,0
78534861,Scareclaw Kashtira,Effect Monster,EARTH,Psychic,0
53776969,Scareclaw Light-Heart,Link Monster,DARK,Beast-Warrior,500
82361809,Scareclaw Reichheart,Effect Monster,DARK,Warrior,1500
59120809,Scareclaw Tri-Heart,Link Monster,DARK,Beast-Warrior,3000
80666118,Scarlight Red Dragon Archfiend,Synchro Monster,DARK,Dragon,3000
84764038,"Scarm, Malebranche of the Burning Abyss",Effect Monster,DARK,Fiend,800
5498296,"Scarr, Scout of Dark World",Effect Monster,DARK,Fiend,500
87451661,Scarred Dragon Archfiend,Synchro Monster,DARK,Dragon,3000
45298492,Scarred Warrior,Synchro Monster,EARTH,Warrior,2100
68087897,Scary Moth,Effect Monster,WIND,Insect,1800
57594700,Schuberta the Melodious Maestra,Fusion Monster,LIGHT,Fairy,2400
18294799,Schwarzschild Infinity Dragon,Effect Monster,DARK,Dragon,2000
6930746,Schwarzschild Limit Dragon,Effect Monster,DARK,Dragon,2000
67532912,Science Soldier,Normal Monster,DARK,Warrior,800
41767843,Score the Melodious Diva,Effect Monster,LIGHT,Fairy,200
45815891,Scrap Archfiend,Synchro Monster,EARTH,Fiend,2700
19139516,Scrap Beast,Tuner Monster,EARTH,Beast,1600
51555725,Scrap Breaker,Effect Monster,EARTH,Machine,2100
56746202,Scrap Chimera,Effect Monster,EARTH,Beast,1700
76774528,Scrap Dragon,Synchro Monster,EARTH,Dragon,2800
83135907,Scrap Goblin,Tuner Monster,EARTH,Beast-Warrior,0
82012319,Scrap Golem,Effect Monster,EARTH,Rock,2300
55624610,Scrap Hunter,Effect Monster,EARTH,Machine,1600
97000273,Scrap Kong,Effect Monster,EARTH,Beast,2000
67038874,Scrap Mind Reader,Tuner Monster,EARTH,Machine,0
64550682,Scrap Orthros,Tuner Monster,EARTH,Beast,1700
80529459,Scrap Raptor,Tuner Monster,EARTH,Dinosaur,1400
4334811,Scrap Recycler,Effect Monster,EARTH,Machine,900
92901944,Scrap Searcher,Effect Monster,EARTH,Winged Beast,100
69155991,Scrap Shark,Effect Monster,EARTH,Fish,2100
65503206,Scrap Soldier,Tuner Monster,EARTH,Warrior,2100
16449363,Scrap Synchron,Tuner Monster,EARTH,Machine,700
50278554,Scrap Twin Dragon,Synchro Monster,EARTH,Dragon,3000
42711820,Scrap Warrior,Synchro Monster,EARTH,Warrior,1700
32761286,Scrap Worm,Tuner Monster,EARTH,Insect,500
47363932,Scrap Wyvern,Link Monster,EARTH,Dragon,1700
12152769,Scrounging Goblin,Effect Monster,EARTH,Fiend,1000
56161953,Scrypton,Effect Monster,WATER,Cyberse,1500
53309998,Sea Archiver,Effect Monster,WATER,Cyberse,300
76891401,Sea Dragon Lord Gishilnodon,Synchro Monster,WATER,Sea Serpent,2300
82114013,Sea Dragoons of Draconia,Pendulum Normal Monster,WATER,Sea Serpent,200
71746462,Sea Kamen,Normal Monster,WATER,Aqua,1100
23659124,Sea King Dragon,Normal Monster,WATER,Sea Serpent,2000
87685879,Sea Koala,Effect Monster,EARTH,Beast,100
22842214,Sea Lancer,Effect Monster,WATER,Beast-Warrior,1300
96334243,Sea Monster of Theseus,Fusion Monster,WATER,Zombie,2200
42071342,Sea Serpent Warrior of Darkness,Normal Monster,WATER,Sea Serpent,1800
20345391,"Seal, Strategist Fur Hire",Effect Monster,DARK,Beast-Warrior,1600
2468169,Sealmaster Meisei,Normal Monster,DARK,Spellcaster,1100
80885324,Search Striker,Effect Monster,WIND,Warrior,1600
67646312,Searchlightman,Flip Effect Monster,LIGHT,Machine,1000
88032368,Second Booster,Effect Monster,FIRE,Machine,1000
19086954,Second Goblin,Union Effect Monster,DARK,Fiend,100
27527047,Secret Guards of the Ice Barrier,Effect Monster,WATER,Aqua,100
24062258,Secret Sect Druid Dru,Effect Monster,DARK,Spellcaster,1800
97064649,Secret Sect Druid Wid,Effect Monster,DARK,Spellcaster,0
70180284,Secret Six Samurai - Doji,Effect Monster,DARK,Warrior,1700
71207871,Secret Six Samurai - Fuma,Tuner Monster,WIND,Warrior,200
7291576,Secret Six Samurai - Genba,Tuner Monster,FIRE,Warrior,500
44686185,Secret Six Samurai - Hatsume,Effect Monster,WATER,Warrior,1600
6579928,Secret Six Samurai - Kizaru,Effect Monster,EARTH,Warrior,1900
33964637,Secret Six Samurai - Rihan,Fusion Monster,LIGHT,Warrior,2400
89851827,Secreterion Dragon,Fusion Monster,LIGHT,Dragon,3000
15507080,Sectarian of Secrets,Normal Monster,DARK,Spellcaster,700
2220237,Secure Gardna,Link Monster,LIGHT,Cyberse,1000
99111753,Security Dragon,Link Monster,LIGHT,Cyberse,1100
38041940,Seed of Flame,Effect Monster,FIRE,Plant,1600
35263180,Seed-Spitting Saplings,Effect Monster,LIGHT,Plant,1600
15066114,Segmental Dragon,Effect Monster,LIGHT,Cyberse,2600
114932,Seismic Crasher,Effect Monster,EARTH,Rock,1400
6740720,Seiyaryu,Normal Monster,LIGHT,Dragon,2500
29303524,Seleglare the Luminous Lunar Dragon,Effect Monster,LIGHT,Dragon,2400
45819647,"Selene, Queen of the Master Magicians",Link Monster,LIGHT,Spellcaster,1850
23093373,Selettrice Vaalmonica,Effect Monster,WATER,Spellcaster,1200
6783559,Self-Destruct Ant,Flip Effect Monster,EARTH,Insect,1500
76232340,Sengenjin,Normal Monster,EARTH,Beast-Warrior,2750
38775407,Sengenjin Wakes from a Millennium,Effect Monster,EARTH,Beast-Warrior,2750
87483942,Senior Silver Ninja,Effect Monster,EARTH,Warrior,2300
23401839,Senju of the Thousand Hands,Effect Monster,LIGHT,Fairy,1400
62503746,Senko the Skybolt Star,Effect Monster,LIGHT,Warrior,2400
85448931,Sentinel of the Seas,Normal Monster,WATER,Aqua,1300
86111442,Sentinel of the Tistina,Effect Monster,WIND,Aqua,1200
57354389,Sentry Soldier of Stone,Effect Monster,EARTH,Rock,1300
8967776,"Sephylon, the Ultimate Timelord",Effect Monster,LIGHT,Fairy,4000
91140491,Seraphim Papillion,Link Monster,WIND,Insect,2100
42029847,Serenade the Melodious Diva,Effect Monster,LIGHT,Fairy,400
9213491,Serene Psychic Girl,Tuner Monster,EARTH,Psychic,500
5848934,Serene Psychic Sorceress,Synchro Monster,EARTH,Psychic,2400
98358303,Serene Psychic Witch,Effect Monster,EARTH,Psychic,1400
43359262,Sergeant Electro,Effect Monster,FIRE,Machine,1600
82742611,Serpent Marauder,Normal Monster,EARTH,Reptile,700
66516792,Serpent Night Dragon,Normal Monster,DARK,Dragon,2350
71829750,Serpentine Princess,Effect Monster,WATER,Reptile,1400
2792265,Servant of Catabolism,Effect Monster,LIGHT,Aqua,700
92559258,Servant of Endymion,Pendulum Effect Monster,WIND,Spellcaster,900
82466274,"Serziel, Watcher of the Evil Eye",Effect Monster,DARK,Fiend,1600
43366227,Seven Swords Warrior,Synchro Monster,EARTH,Warrior,2300
3717252,Shaddoll Beast,Flip Effect Monster,DARK,Spellcaster,2200
86938484,Shaddoll Construct,Link Monster,LIGHT,Fairy,1200
77723643,Shaddoll Dragon,Flip Effect Monster,DARK,Spellcaster,1900
37445295,Shaddoll Falco,Flip Tuner Effect Monster,DARK,Spellcaster,600
4939890,Shaddoll Hedgehog,Flip Effect Monster,DARK,Spellcaster,800
52551211,Shaddoll Hound,Flip Effect Monster,DARK,Spellcaster,1600
30328508,Shaddoll Squamata,Flip Effect Monster,DARK,Spellcaster,1800
95401059,Shaddoll Zefracore,Pendulum Effect Monster,DARK,Rock,450
58016954,Shaddoll Zefranaga,Pendulum Effect Monster,DARK,Spellcaster,900
57827484,Shadow Delver,Gemini Monster,DARK,Fiend,1500
30778711,Shadow Ghoul,Effect Monster,DARK,Zombie,1600
62411811,Shadow Ghoul of the Labyrinth,Effect Monster,DARK,Zombie,1600
1828513,Shadow of the Six Samurai - Shien,XYZ Monster,EARTH,Warrior,2500
40575313,Shadow Specter,Normal Monster,DARK,Zombie,500
37620434,Shadow Tamer,Flip Effect Monster,EARTH,Warrior,800
14212201,Shadow Vampire,Effect Monster,DARK,Zombie,2000
9603356,Shadowknight Archfiend,Effect Monster,WIND,Fiend,2000
27869883,Shadowpriestess of Ohm,Effect Monster,DARK,Spellcaster,1700
20939559,Shadowslayer,Effect Monster,DARK,Fiend,1400
78936551,"Shafu, the Wheeled Mayakashi",Effect Monster,EARTH,Zombie,1200
35151572,Shaman of the Ashened City,Effect Monster,DARK,Pyro,1300
78917791,Shaman of the Tenyi,Link Monster,FIRE,Wyrm,1600
46057733,Shamisen Samsara Sorrowcat,Synchro Tuner Monster,DARK,Zombie,1600
4035199,Shapesnatch,Normal Monster,DARK,Machine,1200
14306092,Shark Caesar,XYZ Monster,WATER,Fish,1800
20358953,Shark Cruiser,Effect Monster,WATER,Fish,1800
50449881,Shark Fortress,XYZ Monster,DARK,Fish,2400
20838380,Shark Stickers,Effect Monster,WATER,Fish,200
71923655,Sharkraken,Effect Monster,WATER,Fish,2400
10163855,Shell Knight,Effect Monster,EARTH,Rock,0
77312273,Shell of Chaos,Effect Monster,DARK,Machine,1600
5087128,Shelrokket Dragon,Effect Monster,DARK,Dragon,1100
27416701,Shiba-Warrior Taro,Tuner Monster,EARTH,Beast-Warrior,800
1164211,Shield of the Millennium Dynasty,Effect Monster,EARTH,Warrior,0
95360850,Shield Warrior,Effect Monster,EARTH,Warrior,800
28859794,Shield Wing,Effect Monster,WIND,Winged Beast,0
15939448,Shield Worm,Effect Monster,EARTH,Insect,800
98126725,Shien's Advisor,Effect Monster,EARTH,Warrior,1200
98162021,Shien's Daredevil,Effect Monster,EARTH,Warrior,1600
99675356,Shien's Footsoldier,Effect Monster,EARTH,Warrior,700
33883834,Shien's Squire,Tuner Monster,EARTH,Warrior,300
73421698,"Shif, Fairy of the Ghoti",Tuner Monster,WATER,Fish,0
12197223,"Shiina, Twin Tempests of Celestial Thunder",Effect Monster,WIND,Dragon,2900
86327225,"Shinato, King of a Higher Plane",Ritual Effect Monster,LIGHT,Fairy,3300
86952477,Shine Knight,Effect Monster,LIGHT,Warrior,400
87303357,Shining Abyss,Normal Monster,LIGHT,Fairy,1600
95956346,Shining Angel,Effect Monster,LIGHT,Fairy,1400
97170107,Shining Elf,XYZ Monster,WIND,Spellcaster,1600
82085619,Shining Friendship,Normal Monster,LIGHT,Fairy,1300
49776811,Shining Piecephilia,Effect Monster,LIGHT,Rock,700
75874514,Shining Star Dragon,Tuner Monster,LIGHT,Dragon,0
52900000,Shinobaron Peacock,Ritual Effect Monster,WIND,Winged Beast,3000
60823690,Shinobaron Shade Peacock,Ritual Effect Monster,WIND,Winged Beast,2000
25415052,Shinobaroness Peacock,Ritual Effect Monster,WIND,Winged Beast,2500
33325951,Shinobaroness Shade Peacock,Ritual Effect Monster,WIND,Winged Beast,1500
70709488,Shinobi Insect Hagakuremino,Link Monster,WIND,Insect,1000
90020780,Shinobi Necro,Tuner Monster,DARK,Zombie,800
66815913,Shinobird Crane,Spirit Monster,WIND,Winged Beast,1500
39817919,Shinobird Crow,Spirit Monster,WIND,Winged Beast,0
92200612,Shinobird Pigeon,Spirit Monster,WIND,Winged Beast,1000
49131917,Shinonome the Vaylantz Priestess,Pendulum Effect Monster,WATER,Spellcaster,500
94081496,"Shiny Black ""C""",Effect Monster,EARTH,Insect,200
4148264,"Shiny Black ""C"" Squadder",Normal Monster,EARTH,Insect,2000
57256127,Shipping Archfiend,Tuner Monster,WIND,Fiend,0
35818851,Shiranui Samurai,Effect Monster,FIRE,Zombie,1800
57288064,Shiranui Samuraisaga,Synchro Monster,FIRE,Zombie,2500
83283063,Shiranui Shogunsaga,Synchro Monster,FIRE,Zombie,3000
86926989,Shiranui Skillsaga Supremacy,Link Monster,FIRE,Zombie,2300
62038047,Shiranui Smith,Effect Monster,FIRE,Zombie,1000
94801854,Shiranui Solitaire,Effect Monster,FIRE,Zombie,500
36630403,Shiranui Spectralsword,Tuner Monster,FIRE,Zombie,800
79783880,Shiranui Spectralsword Shade,Tuner Monster,FIRE,Zombie,800
99423156,Shiranui Spiritmaster,Effect Monster,FIRE,Zombie,1500
41562624,Shiranui Squire,Effect Monster,FIRE,Zombie,1500
52711246,Shiranui Squiresaga,Synchro Monster,FIRE,Zombie,2100
59843383,Shiranui Sunsaga,Synchro Monster,FIRE,Zombie,3500
5177985,Shiranui Swordmaster,Effect Monster,FIRE,Zombie,600
26326541,Shiranui Swordsaga,Synchro Monster,FIRE,Zombie,1900
2420921,"Shire, Lightsworn Spirit",Effect Monster,LIGHT,Fairy,400
38528901,Shock Troops of the Ice Barrier,Effect Monster,WATER,Spellcaster,1500
2584136,Shocktopus,Effect Monster,WATER,Fish,1600
41493640,Shogi Knight,Effect Monster,EARTH,Beast-Warrior,800
32476434,Shogi Lance,Effect Monster,EARTH,Beast-Warrior,500
40939228,Shooting Majestic Star Dragon,Synchro Monster,WIND,Dragon,4000
35952884,Shooting Quasar Dragon,Synchro Monster,LIGHT,Dragon,4000
68431965,Shooting Riser Dragon,Synchro Tuner Monster,LIGHT,Dragon,2100
24696097,Shooting Star Dragon,Synchro Monster,WIND,Dragon,3300
63180841,Shooting Star Dragon T.G. EX,Synchro Monster,WIND,Dragon,3300
33897356,Shootingcode Talker,Link Monster,WATER,Cyberse,2300
5908650,Shopina the Melodious Maestra,Effect Monster,LIGHT,Fairy,2300
14771222,Shore Knight,Effect Monster,WATER,Warrior,1400
71950093,Shovel Crusher,Normal Monster,EARTH,Machine,900
3603242,Shreddder,Effect Monster,EARTH,Machine,1600
32615065,Shura the Combat Star,Fusion Monster,DARK,Warrior,0
90307777,"Shurit, Strategist of the Nekroz",Effect Monster,WATER,Warrior,300
65422840,Shutendoji,Effect Monster,EARTH,Zombie,1500
9634146,Signal Warrior,Synchro Monster,LIGHT,Warrior,2400
86442081,Silent Abyss,Effect Monster,WATER,Reptile,2000
90303176,Silent Angler,Effect Monster,WATER,Fish,800
40867519,Silent Insect,Effect Monster,EARTH,Insect,200
41175645,Silent Magician,Effect Monster,LIGHT,Spellcaster,1000
73665146,Silent Magician LV4,Effect Monster,LIGHT,Spellcaster,1000
72443568,Silent Magician LV8,Effect Monster,LIGHT,Spellcaster,3500
65726770,Silent Magician Zero,Effect Monster,LIGHT,Spellcaster,1000
19502505,Silent Paladin,Effect Monster,LIGHT,Fairy,500
16246535,Silent Psychic Magician,Synchro Tuner Monster,EARTH,Psychic,2400
62950604,Silent Psychic Wizard,Effect Monster,EARTH,Psychic,1900
31059809,Silent Sea Nettle,Effect Monster,WATER,Aqua,800
18235577,Silent Strider,Effect Monster,EARTH,Insect,300
15180041,Silent Swordsman,Effect Monster,LIGHT,Warrior,1000
1995985,Silent Swordsman LV3,Effect Monster,LIGHT,Warrior,1000
74388798,Silent Swordsman LV5,Effect Monster,LIGHT,Warrior,2300
37267041,Silent Swordsman LV7,Effect Monster,LIGHT,Warrior,2800
39321065,Silent Swordsman Zero,Effect Monster,LIGHT,Warrior,1000
71015787,Silent Wobby,Effect Monster,WATER,Fish,1000
15947754,Silent Wolf Calupo,Effect Monster,DARK,Beast-Warrior,1400
1528054,Silhouhatte Rabbit,Link Monster,LIGHT,Illusion,1500
32619583,"Sillva, Warlord of Dark World",Effect Monster,DARK,Fiend,2300
73001017,Silpheed,Effect Monster,WIND,Fairy,1700
90357090,Silver Fang,Normal Monster,EARTH,Beast,1200
29021114,Silver Gadget,Effect Monster,LIGHT,Machine,1500
9791914,Silver Sentinel,Effect Monster,EARTH,Warrior,1500
41924516,"Silvera, Wolf Tamer of the White Forest",Synchro Tuner Monster,LIGHT,Spellcaster,1900
32476603,Silverrokket Dragon,Effect Monster,DARK,Dragon,1900
13382806,Silvervine Senri,Effect Monster,WIND,Beast,0
98385955,Silvy of the White Forest,Tuner Monster,LIGHT,Spellcaster,1500
67218327,SIMM Tablir,Effect Monster,DARK,Cyberse,0
22586618,Simorgh of Darkness,Effect Monster,DARK,Winged Beast,2900
86489182,"Simorgh, Bird of Ancestry",Effect Monster,WIND,Winged Beast,2900
50820852,"Simorgh, Bird of Beginning",Effect Monster,WIND,Winged Beast,0
96214561,"Simorgh, Bird of Bringing",Effect Monster,WIND,Winged Beast,1000
23619206,"Simorgh, Bird of Calamity",Effect Monster,WIND,Winged Beast,1500
14989021,"Simorgh, Bird of Divinity",Effect Monster,WIND,Winged Beast,2700
52843699,"Simorgh, Bird of Perfection",Effect Monster,DARK,Winged Beast,1800
59707204,"Simorgh, Bird of Protection",Effect Monster,WIND,Winged Beast,1400
72330894,"Simorgh, Bird of Sovereignty",Link Monster,WIND,Winged Beast,2400
95192919,"Simorgh, Lord of the Storm",Effect Monster,WIND,Winged Beast,2900
32484853,Singularity Fiend,Effect Monster,DARK,Fiend,0
8131171,Sinister Serpent,Effect Monster,WATER,Reptile,300
61632317,Sinister Sprocket,Tuner Monster,DARK,Fiend,400
50074392,Sirenorca,Effect Monster,WATER,Winged Beast,2200
57019473,Sishunder,Effect Monster,LIGHT,Thunder,900
60694662,Skelengel,Flip Effect Monster,LIGHT,Fairy,900
89362180,Skelesaurus,Gemini Monster,DARK,Zombie,1700
65187687,Skeletal Dragon Felgrand,Synchro Monster,LIGHT,Zombie,2800
32355828,Skelgon,Fusion Monster,DARK,Zombie,1700
88901771,Skilled Blue Magician,Effect Monster,LIGHT,Spellcaster,1800
88232397,Skilled Brown Magician,Effect Monster,DARK,Spellcaster,300
73752131,Skilled Dark Magician,Effect Monster,DARK,Spellcaster,1900
65338781,Skilled Red Magician,Effect Monster,DARK,Spellcaster,1600
46363422,Skilled White Magician,Effect Monster,LIGHT,Spellcaster,1700
27655513,Skreech,Effect Monster,WATER,Reptile,1500
61370518,Skull Archfiend of Lightning,Effect Monster,DARK,Fiend,2500
62782218,Skull Conductor,Effect Monster,DARK,Zombie,2000
86652646,Skull Dog Marron,Normal Monster,EARTH,Beast,1350
99899504,Skull Flame,Effect Monster,FIRE,Zombie,2600
3627449,Skull Guardian,Ritual Monster,LIGHT,Warrior,2050
10774240,"Skull Guardian, Protector of the Voiceless Voice",Ritual Effect Monster,LIGHT,Warrior,2050
2504891,Skull Knight,Fusion Monster,DARK,Spellcaster,2650
15653824,Skull Knight #2,Effect Monster,DARK,Fiend,1000
98649372,Skull Kraken,Effect Monster,DARK,Aqua,600
5265750,Skull Mariner,Normal Monster,WATER,Warrior,1600
67750322,Skull Meister,Effect Monster,DARK,Fiend,1700
10202894,Skull Red Bird,Normal Monster,WIND,Winged Beast,1550
32274490,Skull Servant,Normal Monster,DARK,Zombie,300
54844990,Skull Stalker,Normal Monster,DARK,Warrior,900
64306248,Skull-Mark Ladybug,Effect Monster,EARTH,Insect,500
8327462,Skullbird,Fusion Monster,WIND,Winged Beast,1900
36776089,Sky Cavalry Centaurea,XYZ Monster,LIGHT,Beast-Warrior,2000
95288024,Sky Dragon,Normal Monster,WIND,Dragon,1900
68182934,Sky Dragoons of Draconia,Pendulum Normal Monster,WIND,Winged Beast,2200
2519690,Sky Galloping Gaia the Dragon Champion,Fusion Monster,WIND,Dragon,2600
15792576,Sky Scourge Cidhels,Effect Monster,EARTH,Fiend,2200
11458071,Sky Scourge Enrise,Effect Monster,LIGHT,Fairy,2400
74841885,Sky Scourge Invicil,Effect Monster,EARTH,Fairy,2200
48453776,Sky Scourge Norleras,Effect Monster,DARK,Fiend,2400
30532390,Sky Scout,Normal Monster,WIND,Winged Beast,1800
98462037,Sky Striker Ace - Azalea,Link Monster,DARK,Machine,1500
56741506,Sky Striker Ace - Azalea Temperance,Link Monster,DARK,Machine,2500
63013339,Sky Striker Ace - Camellia,Link Monster,DARK,Machine,1500
8491308,Sky Striker Ace - Hayate,Link Monster,WIND,Machine,1500
63288573,Sky Striker Ace - Kagari,Link Monster,FIRE,Machine,1500
12421694,Sky Striker Ace - Kaina,Link Monster,EARTH,Machine,1500
26077387,Sky Striker Ace - Raye,Effect Monster,DARK,Warrior,1500
37351133,Sky Striker Ace - Roze,Effect Monster,LIGHT,Warrior,1500
90673288,Sky Striker Ace - Shizuku,Link Monster,WATER,Machine,1500
75147529,Sky Striker Ace - Zeke,Link Monster,DARK,Machine,1500
76072561,Sky Striker Ace = Zero,Link Monster,LIGHT,Machine,2000
3814632,Skypalace Gangaridai,XYZ Monster,WIND,Machine,3400
47349310,Skystarray,Effect Monster,WIND,Sea Serpent,600
58058134,Slacker Magician,XYZ Monster,LIGHT,Spellcaster,200
78636495,Slate Warrior,Flip Effect Monster,WIND,Fiend,1900
40200834,Sleeping Lion,Normal Monster,EARTH,Beast,700
74659582,Sleipnir the Runick Mane,Fusion Monster,LIGHT,Beast,1500
10000020,Slifer the Sky Dragon,Effect Monster,DIVINE,Divine-Beast,-1
68638985,Slime Toad,Normal Monster,WATER,Aqua,700
3797883,Slot Machine,Normal Monster,DARK,Machine,2000
10505300,Slower Swallow,Effect Monster,WIND,Winged Beast,100
84650463,Slushy,Effect Monster,WATER,Aqua,0
22754505,Small Piece Golem,Effect Monster,EARTH,Rock,1100
28427869,Smoke Mosquito,Effect Monster,DARK,Insect,0
9674034,Snake-Eye Ash,Effect Monster,FIRE,Pyro,800
12058741,Snake-Eye Birch,Effect Monster,FIRE,Pyro,0
45663742,Snake-Eye Oak,Effect Monster,FIRE,Pyro,900
27260347,Snake-Eyes Diabellstar,Effect Monster,FIRE,Spellcaster,2800
58071334,Snake-Eyes Doomed Dragon,Fusion Monster,FIRE,Dragon,3000
48452496,Snake-Eyes Flamberge Dragon,Effect Monster,FIRE,Dragon,3000
90241276,Snake-Eyes Poplar,Effect Monster,FIRE,Pyro,700
79415624,Snake-Eyes Vengeance Dragon,Synchro Monster,FIRE,Dragon,3000
29802344,Snakeyashi,Normal Monster,EARTH,Plant,1000
75673220,Snapdragon,Effect Monster,EARTH,Plant,300
25137581,"Sneaky ""C""",Effect Monster,EARTH,Insect,1300
27877771,Sniffer Dragon,Effect Monster,DARK,Dragon,800
84290642,Snipe Hunter,Effect Monster,DARK,Fiend,1500
39522887,"Snopios, Shade of the Ghoti",Effect Monster,WATER,Fish,2100
3070049,Snow Dragon,Effect Monster,WATER,Dragon,1400
24731453,Snow Plow Hustle Rustle,Effect Monster,EARTH,Machine,2500
33491462,Snowdrop the Rikka Fairy,Effect Monster,WATER,Plant,1200
67675300,Snowdust Dragon,Effect Monster,WATER,Dragon,2800
73659078,Snowdust Giant,XYZ Monster,WATER,Beast-Warrior,2200
15893860,Snowman Creator,Effect Monster,WATER,Machine,1600
91133740,Snowman Eater,Effect Monster,WATER,Aqua,0
60228941,"Snoww, Unlight of Dark World",Effect Monster,DARK,Fiend,1700
35448319,Snyffus,Tuner Monster,EARTH,Beast,100
26381750,Soaring Eagle Above the Searing Land,Tuner Monster,FIRE,Winged Beast,100
60246171,Soitsu,Normal Monster,WIND,Fairy,0
45985838,Solar Flare Dragon,Effect Monster,FIRE,Pyro,1500
33911264,Solar Wind Jammer,Effect Monster,LIGHT,Machine,800
7805147,Soldier Dragons,Effect Monster,EARTH,Dragon,700
33318980,Soldier Gaia the Fierce Knight,Effect Monster,DARK,Warrior,2600
11688916,Solfachord Primoa,Pendulum Effect Monster,EARTH,Fairy,0
84693918,Solfachord Solfegia,Pendulum Effect Monster,LIGHT,Fairy,400
28966434,Solitaire Magician,Effect Monster,LIGHT,Spellcaster,1600
84794011,Solitude,Normal Monster,EARTH,Beast-Warrior,1050
14763299,Solo the Melodious Songstress,Effect Monster,LIGHT,Fairy,1600
91598270,SolSolfachord Gracia,Pendulum Effect Monster,WATER,Fairy,2100
38406364,Some Summer Summoner,Link Monster,LIGHT,Thunder,1600
76990617,Sonata the Melodious Diva,Effect Monster,LIGHT,Fairy,1200
57617178,Sonic Bird,Effect Monster,WIND,Winged Beast,1400
36472900,Sonic Chick,Effect Monster,EARTH,Winged Beast,300
84696266,Sonic Duck,Normal Monster,WIND,Winged Beast,1700
84550200,Sonic Jammer,Flip Effect Monster,WIND,Machine,350
38942059,Sonic Maid,Normal Monster,EARTH,Warrior,1200
40384720,Sonic Shooter,Effect Monster,WIND,Winged Beast,1300
17932494,Sonic Warrior,Effect Monster,WIND,Warrior,1000
4335427,"Sophia, Goddess of Rebirth",Effect Monster,DARK,Fairy,3600
62895219,Soprano the Melodious Songstress,Effect Monster,LIGHT,Fairy,1400
88619463,Sorcerer of Dark Magic,Effect Monster,DARK,Spellcaster,3200
39767432,Sorcerer of Sebek,Link Monster,WATER,Aqua,2000
49218300,Sorcerer of the Doomed,Normal Monster,DARK,Spellcaster,1450
36405256,Sorciere de Fleur,Effect Monster,DARK,Spellcaster,2900
92487128,Sosei Ryu-Ge Mistva,Pendulum Effect Ritual Monster,LIGHT,Dragon,3500
55735315,Soul Drain Dragon,Effect Monster,LIGHT,Dragon,4000
72869010,Soul Hunter,Fusion Monster,DARK,Fiend,2200
77527210,Soul of Purity and Light,Effect Monster,LIGHT,Fairy,2000
91895091,Soul of Silvermountain,XYZ Monster,EARTH,Rock,1800
62991792,Soul Resonator,Tuner Monster,FIRE,Fiend,500
12061457,Soul Scissors,Effect Monster,DARK,Fiend,550
15734813,Soul Tiger,Normal Monster,EARTH,Beast,0
63012333,Soul-Absorbing Bone Tower,Effect Monster,DARK,Zombie,400
31242786,Souleater,Normal Monster,EARTH,Fish,1200
44335251,Souleating Oviraptor,Effect Monster,DARK,Dinosaur,1800
24514503,Soulicer Crystal,Effect Monster,LIGHT,Aqua,300
4920010,Souls of the Forgotten,Normal Monster,DARK,Fiend,900
4914353,Space Insulator,Link Monster,DARK,Cyberse,1200
36119641,Space Mambo,Normal Monster,WATER,Fish,1700
47126872,Space-Time Police,Effect Monster,WIND,Psychic,2300
39984786,Spawn Alligator,Effect Monster,WATER,Reptile,2200
44308317,Speaker for the Ice Barriers,Effect Monster,WATER,Spellcaster,1000
58551308,Spear Cretin,Flip Effect Monster,DARK,Fiend,500
31553716,Spear Dragon,Effect Monster,WIND,Dragon,1900
70655556,Spear Shark,Effect Monster,WATER,Fish,1600
84569017,Spearfish Soldier,Effect Monster,WIND,Sea Serpent,1700
62156277,Spearhead of the Ashened City,Effect Monster,DARK,Pyro,1700
58201062,"Spectral, Dragon Ruler of Flickers",Effect Monster,LIGHT,Dragon,600
86174055,Speed Bird,Effect Monster,WIND,Winged Beast,1200
9365703,Speed Warrior,Effect Monster,WIND,Warrior,900
12950294,Speedburst Dragon,Effect Monster,DARK,Dragon,2400
69550259,Speedroid Block-n-Roll,Effect Monster,WIND,Machine,1000
96945958,Speedroid CarTurbo,Tuner Monster,WIND,Machine,800
65155517,Speedroid Colonel Clackers,Pendulum Effect Monster,WIND,Machine,200
59640711,Speedroid Den-Den Daiko Duke,Tuner Monster,WIND,Machine,1000
28151978,Speedroid Dominobutterfly,Pendulum Tuner Effect Monster,WIND,Machine,100
53054833,Speedroid Double Yoyo,Effect Monster,WIND,Machine,1400
50482813,Speedroid Fuki-Modoshi Piper,Tuner Monster,WIND,Machine,1000
70939418,Speedroid Gum Prize,Tuner Monster,WIND,Machine,0
23792058,Speedroid Hexasaucer,Pendulum Effect Monster,WIND,Machine,100
17328157,Speedroid Horse Stilts,Effect Monster,WIND,Machine,1100
62899696,Speedroid Maliciousmagnet,Tuner Monster,WIND,Machine,0
96708940,Speedroid Marble Machine,Pendulum Effect Monster,WIND,Machine,200
16947147,Speedroid Menko,Effect Monster,WIND,Machine,100
89326990,Speedroid Ohajikid,Effect Monster,WIND,Machine,1000
85034450,Speedroid Pachingo-Kart,Effect Monster,WIND,Machine,1800
26420373,Speedroid Passinglider,Pendulum Effect Monster,WIND,Machine,2200
80559548,Speedroid Razorang,Effect Monster,WIND,Machine,2000
16725505,Speedroid Red-Eyed Dice,Tuner Monster,WIND,Machine,100
8284390,Speedroid Rubberband Plane,Effect Monster,WIND,Machine,1800
35494087,Speedroid Skull Marbles,Effect Monster,WIND,Machine,0
53932291,Speedroid Taketomborg,Effect Monster,WIND,Machine,600
81275020,Speedroid Terrortop,Effect Monster,WIND,Machine,1200
27660735,Speedroid Tri-Eyed Dice,Tuner Monster,WIND,Machine,300
86976918,Speedroid Ultra Hound,Effect Monster,WIND,Machine,800
2254222,Speedroid Wing Synchron,Pendulum Tuner Effect Monster,WIND,Machine,1500
84636823,Spell Canceller,Effect Monster,WIND,Machine,1800
15175429,Spell Reactor RE,Effect Monster,DARK,Machine,1200
45118716,Spell Recycler,Effect Monster,DARK,Spellcaster,0
93966624,Spell Strider,Effect Monster,EARTH,Warrior,1800
93187568,Spell Striker,Effect Monster,EARTH,Warrior,600
14824019,Spellbook Magician of Prophecy,Effect Monster,WATER,Spellcaster,500
73061465,Spellbreaker of the Ice Barrier,Effect Monster,WATER,Spellcaster,1200
20630765,Spellstone Sorcerer Karood,Effect Monster,LIGHT,Spellcaster,800
42544773,"Spenta, the Magistus Sealer",Effect Monster,LIGHT,Spellcaster,1000
33245030,Sphere Kuriboh,Effect Monster,DARK,Fiend,300
82693042,Sphere of Chaos,Effect Monster,DARK,Machine,1600
52121290,Spherous Lady,Normal Monster,EARTH,Rock,400
46148485,Sphinx of the Cycle,Effect Monster,EARTH,Rock,2500
51402177,Sphinx Teleia,Effect Monster,LIGHT,Beast,2500
85326399,Spike Seadra,Normal Monster,WATER,Sea Serpent,1600
87511987,Spikebot,Normal Monster,DARK,Machine,1800
98075147,Spiked Snail,Normal Monster,DARK,Insect,700
42463414,Spined Gillman,Effect Monster,WATER,Sea Serpent,1300
32626733,Spiral Serpent,Normal Monster,WATER,Sea Serpent,2900
48659020,Spirit Caller,Flip Effect Monster,LIGHT,Spellcaster,1000
13522325,Spirit of Flames,Effect Monster,FIRE,Pyro,1700
14037717,Spirit of the Books,Normal Monster,WIND,Winged Beast,1400
53530069,Spirit of the Breeze,Effect Monster,WIND,Fairy,0
26517393,Spirit of the Fall Wind,Effect Monster,WIND,Fairy,1800
80770678,Spirit of the Harp,Normal Monster,LIGHT,Fairy,800
34690519,Spirit of the Mountain,Normal Monster,EARTH,Spellcaster,1300
25343280,Spirit of the Pharaoh,Effect Monster,LIGHT,Zombie,2500
4896788,Spirit of the Pot of Greed,Effect Monster,LIGHT,Fairy,100
65685470,Spirit of the Six Samurai,Union Effect Monster,EARTH,Warrior,500
54615781,Spirit of the Winds,Normal Monster,WIND,Spellcaster,1700
90829280,Spirit of Yubel,Effect Monster,DARK,Fiend,0
23205979,Spirit Reaper,Effect Monster,DARK,Zombie,300
67957315,Spirit Ryu,Effect Monster,WIND,Dragon,1000
19307353,Spirit Sculptor,Effect Monster,LIGHT,Fairy,1600
42097666,Spirit with Eyes of Blue,Link Monster,LIGHT,Dragon,300
86396750,Spiritual Beast Apelio,Effect Monster,WIND,Pyro,1800
49885567,Spiritual Beast Cannahawk,Effect Monster,WIND,Thunder,1400
13890468,Spiritual Beast Pettlephin,Effect Monster,WIND,Aqua,0
88123329,Spiritual Beast Rampengu,Effect Monster,WIND,Beast,1600
23623653,Spiritual Beast Tamer Lara,Effect Monster,LIGHT,Psychic,100
65193366,Spiritual Beast Tamer Winda,Effect Monster,WIND,Psychic,1600
50155385,Spiritual Whisper,Effect Monster,WIND,Winged Beast,200
59859086,Splash Mage,Link Monster,WATER,Cyberse,1100
4290468,Splendid Rose,Synchro Monster,WIND,Plant,2200
5645210,Splendid Venus,Effect Monster,LIGHT,Fairy,2800
44175358,Splitting Planarian,Effect Monster,DARK,Insect,1000
11747708,Spore,Tuner Monster,WIND,Plant,400
98888032,Spore the Fairy Seed,Tuner Monster,LIGHT,Plant,400
76145933,Spright Blue,Effect Monster,DARK,Thunder,1100
2311090,Spright Carrot,Effect Monster,FIRE,Thunder,1000
27381364,Spright Elf,Link Monster,FIRE,Thunder,1400
13533678,Spright Jet,Effect Monster,DARK,Thunder,1300
49928686,Spright Pixies,Effect Monster,DARK,Thunder,1400
75922381,Spright Red,Effect Monster,FIRE,Thunder,1200
72329844,Spright Sprind,Link Monster,FIRE,Thunder,1400
1906812,Sprind the Irondash Dragon,Fusion Monster,DARK,Machine,2500
83203672,Springans Branga,Effect Monster,FIRE,Machine,500
67436768,Springans Brothers,Effect Monster,FIRE,Machine,300
29601381,Springans Captain Sargas,Effect Monster,FIRE,Machine,1500
45484331,Springans Kitt,Effect Monster,DARK,Beast,1700
48285768,Springans Merrymaker,XYZ Monster,FIRE,Machine,1100
56818977,Springans Pedor,Effect Monster,FIRE,Machine,0
20424878,Springans Rockey,Effect Monster,FIRE,Machine,1800
62941499,Springans Ship - Exblowrer,XYZ Monster,FIRE,Machine,1600
21088856,Spy-C-Spy,Effect Monster,FIRE,Warrior,1200
80637190,Spyder Spider,Effect Monster,EARTH,Insect,1500
94096018,SPYGAL Misty,Effect Monster,DARK,Spellcaster,1500
88124568,SPYRAL Double Agent,Effect Monster,LIGHT,Fiend,1400
1322368,SPYRAL Double Helix,Link Monster,EARTH,Warrior,1900
4474060,SPYRAL GEAR - Drone,Effect Monster,WIND,Machine,100
37433748,SPYRAL GEAR - Last Resort,Effect Monster,EARTH,Machine,1000
91258852,SPYRAL Master Plan,Effect Monster,DARK,Spellcaster,1200
78080961,SPYRAL Quik-Fix,Effect Monster,EARTH,Machine,500
35699,SPYRAL Sleeper,Effect Monster,LIGHT,Fiend,2800
41091257,SPYRAL Super Agent,Effect Monster,EARTH,Warrior,1900
20584712,SPYRAL Tough,Effect Monster,WIND,Warrior,1900
38783169,Squeaknight,Union Effect Monster,FIRE,Warrior,500
65500515,Squirt Squid,Effect Monster,WATER,Aqua,0
21175632,St. Joan,Fusion Monster,LIGHT,Fairy,2800
9523599,Stack Reviver,Effect Monster,DARK,Cyberse,100
8201910,Star Boy,Effect Monster,WATER,Aqua,550
24610207,Star Drawing,Effect Monster,EARTH,Spellcaster,1600
41517789,Star Eater,Synchro Monster,LIGHT,Dragon,3200
49407319,Star Mine,Synchro Monster,FIRE,Pyro,2000
84433129,Star Ryzeal,Effect Monster,LIGHT,Pyro,1800
44273680,Star Seraph Sage,Effect Monster,LIGHT,Fairy,1600
64726269,Star Seraph Scale,Effect Monster,LIGHT,Fairy,1500
38331564,Star Seraph Scepter,Effect Monster,LIGHT,Fairy,1800
8875971,Star Seraph Scout,Effect Monster,LIGHT,Fairy,1200
91110378,Star Seraph Sovereignty,Effect Monster,LIGHT,Fairy,800
70668285,Star Seraph Sword,Effect Monster,LIGHT,Fairy,1400
34244455,Star Staring Starling,Effect Monster,WIND,Winged Beast,1000
97792247,Stardust Assault Warrior,Synchro Monster,WIND,Warrior,2100
64880894,Stardust Charge Warrior,Synchro Monster,WIND,Warrior,2000
89474727,Stardust Chronicle Spark Dragon,Synchro Monster,LIGHT,Dragon,3000
44508094,Stardust Dragon,Synchro Monster,WIND,Dragon,2500
61257789,Stardust Dragon/Assault Mode,Effect Monster,WIND,Dragon,3000
80244114,Stardust Phantom,Effect Monster,LIGHT,Spellcaster,0
26268488,Stardust Sifr Divine Dragon,Synchro Monster,LIGHT,Dragon,4000
83994433,Stardust Spark Dragon,Synchro Monster,LIGHT,Dragon,2500
37799519,Stardust Synchron,Tuner Monster,LIGHT,Machine,1500
63184227,Stardust Trail,Effect Monster,LIGHT,Dragon,500
74892653,Stardust Warrior,Synchro Monster,WIND,Warrior,3000
91262474,Stardust Wurm,Effect Monster,LIGHT,Dragon,0
68543408,Stardust Xiaolong,Effect Monster,LIGHT,Dragon,100
95403418,Starduston,Effect Monster,DARK,Fiend,-1
44717069,Starfish,Effect Monster,WATER,Aqua,300
94415058,Stargazer Magician,Pendulum Effect Monster,DARK,Spellcaster,1200
40390147,Starliege Lord Galaxion,XYZ Monster,LIGHT,Warrior,2000
61344030,Starliege Paladynamo,XYZ Monster,LIGHT,Warrior,2000
16643334,Starliege Photon Blast Dragon,XYZ Monster,LIGHT,Dragon,1800
15381421,Starliege Seyfert,Effect Monster,LIGHT,Dragon,1800
5916510,Starring Knight,XYZ Monster,LIGHT,Fairy,1900
59228631,Starry Knight Astel,Effect Monster,LIGHT,Fairy,500
27036706,Starry Knight Ciel,Effect Monster,LIGHT,Fairy,1700
86613346,Starry Knight Flamel,Effect Monster,LIGHT,Fairy,1500
44818,Starry Knight Orbitael,Effect Monster,LIGHT,Fairy,400
23220533,Starry Knight Rayel,Effect Monster,LIGHT,Fairy,1800
90835938,"Starry Night, Starry Dragon",Effect Monster,LIGHT,Dragon,2500
37720300,Starship Adjust Plane,Effect Monster,WIND,Machine,500
15458892,Starship Spy Plane,Effect Monster,WIND,Machine,1100
93729065,Starving Venemy Dragon,Pendulum Effect Fusion Monster,DARK,Dragon,2500
22070401,Starving Venemy Lethal Dose Dragon,Pendulum Effect Fusion Monster,DARK,Dragon,2800
41209827,Starving Venom Fusion Dragon,Fusion Monster,DARK,Dragon,2800
39915560,Starving Venom Predapower Fusion Dragon,Fusion Monster,DARK,Dragon,3600
49964567,Staysailor Romarin,Tuner Monster,LIGHT,Plant,1600
3510565,Stealth Bird,Effect Monster,DARK,Winged Beast,700
94942656,Stealth Kragen Spawn,XYZ Monster,WATER,Aqua,1900
98049038,Stealthroid,Effect Monster,DARK,Machine,1200
5368615,Steam Gyroid,Fusion Monster,EARTH,Machine,2200
83295594,Steam Synchron,Tuner Monster,WATER,Machine,600
3743515,Steamed Sabersaurus,XYZ Monster,FIRE,Dinosaur,2000
44729197,Steamroid,Effect Monster,EARTH,Machine,1800
2396042,Steel Cavalry of Dinon,Pendulum Effect Monster,EARTH,Dinosaur,1600
29172562,Steel Ogre Grotto #1,Normal Monster,EARTH,Machine,1400
90908427,Steel Ogre Grotto #2,Normal Monster,EARTH,Machine,1900
13599884,Steel Scorpion,Effect Monster,EARTH,Machine,250
32986898,Steel Star Regulator,Link Monster,LIGHT,Machine,1000
7166709,Steel-Stringed Sacrifice,Effect Monster,LIGHT,Warrior,800
53116300,Steelswarm Caller,Effect Monster,DARK,Fiend,1700
84488827,Steelswarm Caucastag,Effect Monster,DARK,Fiend,2800
54338958,Steelswarm Cell,Effect Monster,DARK,Fiend,0
26722601,Steelswarm Gatekeeper,Effect Monster,DARK,Fiend,1500
62729173,Steelswarm Genome,Effect Monster,DARK,Fiend,1000
58494728,Steelswarm Girastag,Effect Monster,DARK,Fiend,2600
94092230,Steelswarm Hercules,Effect Monster,DARK,Fiend,3200
62007535,Steelswarm Longhorn,Effect Monster,DARK,Fiend,3000
85505315,Steelswarm Mantis,Effect Monster,DARK,Fiend,2200
22009013,Steelswarm Moth,Effect Monster,DARK,Fiend,2400
61888819,Steelswarm Origin,Link Monster,LIGHT,Fiend,2000
37926346,Steelswarm Roach,XYZ Monster,DARK,Fiend,1900
90727556,Steelswarm Scout,Effect Monster,DARK,Fiend,200
99214782,Steelswarm Sentinel,Effect Monster,DARK,Fiend,1100
35618486,Steelswarm Sting,Effect Monster,DARK,Fiend,1850
99733359,Stegocyber,Effect Monster,DARK,Dinosaur,1200
3322931,Stellar Wind Wolfrayet,Synchro Monster,WIND,Beast,2500
9272381,Stellarknight Constellar Diamond,XYZ Monster,LIGHT,Wyrm,2700
56638325,Stellarknight Delteros,XYZ Monster,LIGHT,Warrior,2500
42589641,Stellarknight Triverr,XYZ Monster,LIGHT,Warrior,2100
22617205,Stellarknight Zefraxciton,Pendulum Effect Monster,LIGHT,Fiend,1900
57649113,Stinger the Electric Expeller,Normal Tuner Monster,WIND,Psychic,800
68167124,Stinging Swordsman,Effect Monster,WIND,Warrior,300
54359696,Stoic of Prophecy,Effect Monster,WATER,Spellcaster,300
63432835,Stone Armadiller,Normal Monster,EARTH,Rock,800
68171737,Stone Dragon,Normal Monster,EARTH,Rock,2000
72269672,Stone Ghost,Normal Monster,EARTH,Rock,1200
15023985,Stone Ogre Grotto,Normal Monster,EARTH,Rock,1600
31812496,Stone Statue of the Aztecs,Effect Monster,EARTH,Rock,300
24232799,Storagepod,Fusion Monster,DARK,Machine,2500
15935204,Storm Caller,Effect Monster,WIND,Psychic,2300
89571015,Storm Cipher,Effect Monster,DARK,Cyberse,2400
39188539,Storm Shooter,Effect Monster,WIND,Winged Beast,2300
29013526,Storming Wynn,Effect Monster,WIND,Spellcaster,800
50032342,Strategist of the Ice Barrier,Effect Monster,WATER,Spellcaster,1600
86209650,Stray Asmodian,Effect Monster,FIRE,Fiend,1300
27415516,"Stream, Dragon Ruler of Droplets",Effect Monster,WATER,Dragon,1600
13002461,Strength of Prophecy,Effect Monster,FIRE,Spellcaster,1500
41006930,Strike Ninja,Effect Monster,DARK,Warrior,1700
73539069,Striker Dragon,Link Monster,DARK,Dragon,1000
74715061,Striping Partner,Effect Monster,LIGHT,Cyberse,1200
23770284,Strong Wind Dragon,Effect Monster,WIND,Dragon,2400
23535429,Stronghold Guardian,Effect Monster,EARTH,Warrior,0
71068263,Stuffed Animal,Normal Monster,EARTH,Warrior,1200
50732780,Stygian Security,Tuner Monster,DARK,Fiend,100
86137485,Stygian Sergeants,Synchro Monster,DARK,Fiend,2200
13521194,Stygian Street Patrol,Effect Monster,DARK,Fiend,1600
30106950,"Suanni, Fire of the Yang Zing",Effect Monster,FIRE,Wyrm,1900
54485355,Sublimation Knight,Effect Monster,FIRE,Warrior,1300
87116749,Submareed Tour Ride,Effect Monster,WATER,Dinosaur,2200
63948258,Submarine Frog,Effect Monster,WATER,Aqua,1200
99861526,Submarineroid,Effect Monster,WATER,Machine,800
5014629,Submersible Carrier Aero Shark,XYZ Monster,WATER,Fish,1900
20663556,Substitoad,Effect Monster,WATER,Aqua,100
95218695,Subterror Behemoth Dragossuary,Flip Effect Monster,EARTH,Zombie,2400
74937659,Subterror Behemoth Fiendess,Link Monster,EARTH,Wyrm,2000
1151281,Subterror Behemoth Phospheroglacier,Flip Effect Monster,EARTH,Aqua,2600
47556396,Subterror Behemoth Speleogeist,Flip Effect Monster,EARTH,Fiend,3000
78202553,Subterror Behemoth Stalagmo,Flip Effect Monster,EARTH,Rock,2800
65976795,Subterror Behemoth Stygokraken,Flip Effect Monster,EARTH,Sea Serpent,1400
92970404,Subterror Behemoth Ultramafus,Flip Effect Monster,EARTH,Pyro,3000
42713844,Subterror Behemoth Umastryx,Flip Effect Monster,EARTH,Reptile,2000
21607304,Subterror Behemoth Voltelluric,Flip Effect Monster,EARTH,Thunder,1900
74762582,Subterror Fiendess,Effect Monster,EARTH,Spellcaster,800
16428514,Subterror Guru,Flip Effect Monster,EARTH,Dragon,1600
39581190,Subterror Nemesis Archer,Effect Monster,EARTH,Fairy,1600
68823957,Subterror Nemesis Defender,Effect Monster,EARTH,Beast-Warrior,100
16719140,Subterror Nemesis Warrior,Effect Monster,EARTH,Warrior,1800
55291359,Succubus Knight,Normal Monster,DARK,Warrior,1650
98434877,Suijin,Effect Monster,WATER,Aqua,2500
89493368,Summon Reactor SK,Effect Monster,DARK,Machine,2000
61665245,Summon Sorceress,Link Monster,DARK,Spellcaster,2400
70781052,Summoned Skull,Normal Monster,DARK,Fiend,2500
423585,Summoner Monk,Effect Monster,DARK,Spellcaster,800
14644902,Summoner of Illusions,Flip Effect Monster,LIGHT,Spellcaster,800
39823987,Sun Dragon Inti,Synchro Monster,LIGHT,Dragon,3000
7984540,Sunavalon Daphne,Link Monster,EARTH,Plant,0
39880350,Sunavalon Dryades,Link Monster,EARTH,Plant,0
65285459,Sunavalon Dryanome,Link Monster,EARTH,Plant,0
93896655,Sunavalon Dryas,Link Monster,EARTH,Plant,0
92770064,Sunavalon Dryatrentiay,Link Monster,EARTH,Plant,0
44478599,Sunavalon Melias,Link Monster,EARTH,Plant,0
10321588,Sunlight Unicorn,Effect Monster,LIGHT,Beast,1800
78360952,Sunlit Sentinel,Effect Monster,EARTH,Warrior,2300
73837870,Sunny Pixie,Tuner Monster,LIGHT,Spellcaster,300
27520594,Sunseed Genius Loci,Normal Monster,EARTH,Plant,0
30013902,Sunseed Shadow,Effect Monster,EARTH,Plant,0
66407907,Sunseed Twin,Effect Monster,EARTH,Plant,0
28168762,Sunvine Gardna,Link Monster,EARTH,Plant,600
65563871,Sunvine Healer,Link Monster,EARTH,Plant,600
53618293,Sunvine Maiden,Effect Monster,EARTH,Plant,0
91557476,Sunvine Thrasher,Link Monster,EARTH,Plant,800
78552773,Supay,Tuner Monster,EARTH,Fiend,300
17315396,"Supay, Duskwalker",Effect Monster,EARTH,Spellcaster,2200
84769941,Super Anti-Kaiju War Machine Mecha-Dogoran,Effect Monster,LIGHT,Machine,-1
29913783,Super Anti-Kaiju War Machine Mecha-Thunder-King,Effect Monster,LIGHT,Machine,2200
77754169,"Super Armored Robot Armed Black Iron ""C""",Effect Monster,EARTH,Insect,2400
41516133,Super B.E.S. Metal Slave,Effect Monster,DARK,Machine,3100
85520851,Super Conductor Tyranno,Effect Monster,LIGHT,Dinosaur,3300
86804246,Super Crashbug,Effect Monster,DARK,Fiend,0
45496268,Super Defense Robot Elephan,Effect Monster,EARTH,Machine,1400
8091563,Super Defense Robot Lio,Effect Monster,EARTH,Machine,1200
71880877,Super Defense Robot Monki,Effect Monster,EARTH,Machine,800
52481437,Super Express Bullet Train,Effect Monster,EARTH,Machine,3000
58753372,Super Quantal Fairy Alphan,Effect Monster,LIGHT,Fairy,0
66646087,Super Quantal Fairy Zetan,Effect Monster,DARK,Zombie,0
11646785,Super Quantal Mech Beast Aeroboros,XYZ Monster,WIND,Machine,2200
85252081,Super Quantal Mech Beast Grampulse,XYZ Monster,WATER,Machine,1800
57450198,Super Quantal Mech Beast Lusterrex,XYZ Monster,LIGHT,Machine,2700
57031794,Super Quantal Mech Beast Magnaliger,XYZ Monster,FIRE,Machine,2600
84025439,Super Quantal Mech King Great Magnus,XYZ Monster,LIGHT,Machine,3600
92034192,Super Quantum Black Layer,Effect Monster,DARK,Zombie,2400
12369277,Super Quantum Blue Layer,Effect Monster,WATER,Psychic,1200
85374678,Super Quantum Green Layer,Effect Monster,WIND,Spellcaster,1600
59975920,Super Quantum Red Layer,Effect Monster,FIRE,Warrior,2000
73422829,Super Quantum White Layer,Effect Monster,LIGHT,Fairy,2400
75923050,Super Robolady,Fusion Monster,EARTH,Machine,1200
1412158,Super Roboyarou,Fusion Monster,EARTH,Machine,1200
79234734,Super Soldier Soul,Effect Monster,EARTH,Warrior,0
93039339,Super Starslayer TY-PHON - Sky Crisis,XYZ Monster,DARK,Fiend,2900
17745969,Super Vehicroid - Mobile Base,Fusion Monster,EARTH,Machine,0
3897065,Super Vehicroid - Stealth Union,Fusion Monster,EARTH,Machine,3600
36256625,Super Vehicroid Jumbo Drill,Fusion Monster,EARTH,Machine,3000
33951077,Super War-Lion,Ritual Monster,EARTH,Beast,2300
6849042,Super-Ancient Dinobeast,Effect Monster,EARTH,Dinosaur,2700
20529766,Super-Electromagnetic Voltech Dragon,Effect Monster,LIGHT,Thunder,2400
5220687,Super-Nimble Mega Hamster,Flip Effect Monster,EARTH,Beast,1100
64463828,Superalloy Beast Raptinus,Fusion Monster,LIGHT,Dragon,2200
88307361,Superancient Deepsea King Coelacanth,Effect Monster,WATER,Fish,2800
66523544,Superdimensional Robot Galaxy Destroyer,XYZ Monster,LIGHT,Machine,5000
56910167,Superdreadnought Rail Cannon Gustav Max,XYZ Monster,EARTH,Machine,3000
26096328,Superdreadnought Rail Cannon Juggernaut Liebe,XYZ Monster,EARTH,Machine,4000
9402966,Superheavy Samurai Battleball,Tuner Monster,DARK,Machine,100
85528209,Superheavy Samurai Beast Kyubi,Synchro Monster,EARTH,Machine,1900
3117804,Superheavy Samurai Big Benkei,Effect Monster,EARTH,Machine,1000
36523152,Superheavy Samurai Big Waraji,Effect Monster,EARTH,Machine,800
7864030,Superheavy Samurai Blowtorch,Effect Monster,EARTH,Machine,500
41628550,Superheavy Samurai Blue Brawler,Effect Monster,EARTH,Machine,0
64193046,Superheavy Samurai Brave Masurawo,Synchro Monster,EARTH,Machine,2100
90587641,Superheavy Samurai Commander Shanawo,Synchro Pendulum Effect Monster,DARK,Machine,2000
87535691,Superheavy Samurai Drum,Tuner Monster,EARTH,Machine,300
71386411,Superheavy Samurai Fist,Tuner Monster,EARTH,Machine,900
27978707,Superheavy Samurai Flutist,Effect Monster,EARTH,Machine,500
78274190,Superheavy Samurai General Coral,Pendulum Effect Monster,EARTH,Machine,300
42880485,Superheavy Samurai General Jade,Pendulum Effect Monster,EARTH,Machine,1800
62017867,Superheavy Samurai Gigagloves,Effect Monster,EARTH,Machine,100
44891812,Superheavy Samurai Helper,Effect Monster,EARTH,Machine,0
41307269,Superheavy Samurai Kabuto,Effect Monster,EARTH,Machine,1000
89091772,Superheavy Samurai Magnet,Effect Monster,EARTH,Machine,900
19510093,Superheavy Samurai Monk Big Benkei,Pendulum Effect Monster,EARTH,Machine,1000
83334932,Superheavy Samurai Motorbike,Tuner Monster,EARTH,Machine,800
76471944,Superheavy Samurai Ninja Sarutobi,Synchro Monster,EARTH,Machine,2000
36953371,Superheavy Samurai Ogre Shutendoji,Synchro Monster,EARTH,Machine,500
15495787,Superheavy Samurai Prepped Defense,Effect Monster,EARTH,Machine,100
82112494,Superheavy Samurai Prodigy Wakaushi,Pendulum Tuner Effect Monster,DARK,Machine,1000
78391364,Superheavy Samurai Scales,Effect Monster,EARTH,Machine,800
33918636,Superheavy Samurai Scarecrow,Link Monster,EARTH,Machine,0
5182107,Superheavy Samurai Security,Effect Monster,EARTH,Machine,500
3064425,Superheavy Samurai Soulbang Cannon,Effect Monster,EARTH,Machine,1000
27756115,Superheavy Samurai Soulbeads,Effect Monster,EARTH,Machine,0
77679716,Superheavy Samurai Soulbreaker Armor,Effect Monster,EARTH,Machine,0
35800511,Superheavy Samurai Soulbuster Gauntlet,Effect Monster,EARTH,Machine,0
40028305,Superheavy Samurai Soulclaw,Effect Monster,EARTH,Machine,500
4786063,Superheavy Samurai Soulfire Suit,Effect Monster,FIRE,Machine,800
56727340,Superheavy Samurai Soulgaia Booster,Effect Monster,EARTH,Machine,0
14624296,Superheavy Samurai Soulhorns,Effect Monster,EARTH,Machine,0
95500396,Superheavy Samurai Soulpeacemaker,Effect Monster,EARTH,Machine,0
90361010,Superheavy Samurai Soulpiercer,Effect Monster,EARTH,Machine,1200
31181711,Superheavy Samurai Soulshield Wall,Effect Monster,EARTH,Machine,1200
50065971,Superheavy Samurai Stealth Ninja,Synchro Monster,EARTH,Machine,1200
10333641,Superheavy Samurai Stealthy,Effect Monster,EARTH,Machine,200
17775525,Superheavy Samurai Steam Train King,Synchro Monster,EARTH,Machine,2000
75988594,Superheavy Samurai Swordmaster Musashi,Synchro Monster,EARTH,Machine,300
77013169,Superheavy Samurai Swordsman,Effect Monster,EARTH,Machine,1000
14756848,Superheavy Samurai Thief,Effect Monster,EARTH,Machine,1000
41141943,Superheavy Samurai Transporter,Effect Monster,EARTH,Machine,1200
64373401,Superheavy Samurai Trumpeter,Tuner Monster,EARTH,Machine,300
34496660,Superheavy Samurai Wagon,Effect Monster,EARTH,Machine,1200
494922,Superheavy Samurai Warlord Susanowo,Synchro Monster,EARTH,Machine,2400
63804806,Supersonic Skull Flame,Effect Monster,WIND,Zombie,2600
44072894,Supply,Flip Effect Monster,EARTH,Warrior,1300
23738096,Supply Soldier of the Indestructible Insects,Effect Monster,EARTH,Insect,600
41422426,Supporter in the Shadows,Normal Monster,EARTH,Warrior,1000
92176681,Suppression Collider,Normal Monster,DARK,Cyberse,2800
21113684,Supreme Arcanite Magician,Fusion Monster,LIGHT,Spellcaster,1400
70771599,Supreme King Dragon Clear Wing,Synchro Monster,DARK,Dragon,2500
42160203,Supreme King Dragon Dark Rebellion,XYZ Monster,DARK,Dragon,2500
69610326,Supreme King Dragon Darkwurm,Pendulum Effect Monster,DARK,Dragon,1800
41908872,Supreme King Dragon Lightwurm,Pendulum Tuner Effect Monster,LIGHT,Dragon,1200
96733134,Supreme King Dragon Odd-Eyes,Pendulum Effect Monster,DARK,Dragon,2500
43387895,Supreme King Dragon Starving Venom,Fusion Monster,DARK,Dragon,2800
22211622,Supreme King Gate Infinity,Pendulum Effect Monster,DARK,Fiend,0
14513273,Supreme King Gate Magician,Pendulum Effect Monster,LIGHT,Spellcaster,2500
96227613,Supreme King Gate Zero,Pendulum Effect Monster,DARK,Fiend,0
13331639,Supreme King Z-ARC,Pendulum Effect Fusion Monster,DARK,Dragon,4000
48654267,Supreme King Z-ARC - Synchro Universe,Synchro Pendulum Effect Monster,DARK,Dragon,4000
31259606,Supreme Sea Mare,Effect Monster,WATER,Aqua,1500
31042659,Supreme Sovereign Serpent of Golgonda,Effect Monster,FIRE,Reptile,-1
55697723,Surfacing Big Jaws,Effect Monster,WATER,Fish,1800
33331231,Surgical Striker - H.A.M.P.,Effect Monster,DARK,Machine,2500
23530726,Surgical Striker - S.P.E.C.T.R.A.,Link Monster,DARK,Machine,3000
40473581,Susa Soldier,Spirit Monster,EARTH,Thunder,2000
77060848,Svartalf of the Nordic Alfar,Tuner Monster,DARK,Spellcaster,1400
79972330,Swallowtail Butterspy,Effect Monster,DARK,Warrior,1800
40453765,Swamp Battleguard,Effect Monster,EARTH,Warrior,1800
30968774,Swap Cleric,Effect Monster,EARTH,Cyberse,500
9126351,Swap Frog,Effect Monster,WATER,Aqua,1000
6116731,Swarm of Centipedes,Effect Monster,DARK,Insect,1500
41039846,Swarm of Crows,Effect Monster,DARK,Winged Beast,1200
41872150,Swarm of Locusts,Effect Monster,DARK,Insect,1000
15383415,Swarm of Scarabs,Effect Monster,DARK,Insect,500
74983881,Sweet Corn,Effect Monster,EARTH,Plant,0
81896370,Swift Birdman Joe,Effect Monster,WIND,Winged Beast,2300
16589042,Swift Gaia the Fierce Knight,Effect Monster,DARK,Warrior,2300
18964575,Swift Scarecrow,Effect Monster,EARTH,Machine,0
13069066,Sword Arm of Dragon,Normal Monster,EARTH,Dinosaur,1750
64689404,Sword Breaker,XYZ Monster,EARTH,Warrior,2700
51345461,Sword Hunter,Effect Monster,EARTH,Warrior,2450
81336148,Sword Master,Tuner Monster,EARTH,Warrior,1200
35844557,Sword Ryzeal,Effect Monster,FIRE,Thunder,1500
73911410,Sword Slasher,Normal Monster,DARK,Machine,1450
85255550,Swordsman from a Distant Land,Effect Monster,EARTH,Warrior,250
3573512,Swordsman of Landstar,Normal Monster,EARTH,Warrior,500
64605089,Swordsman of Revealing Light,Effect Monster,LIGHT,Warrior,0
29884951,Swordsoul Auspice Chunjun,Effect Monster,EARTH,Wyrm,2400
69248256,Swordsoul Grandmaster - Chixiao,Synchro Monster,LIGHT,Wyrm,2800
20001443,Swordsoul of Mo Ye,Effect Monster,WATER,Wyrm,1700
56495147,Swordsoul of Taia,Effect Monster,WIND,Wyrm,1800
47710198,Swordsoul Sinister Sovereign - Qixing Longyuan,Synchro Monster,FIRE,Wyrm,2900
93490856,Swordsoul Strategist Longyuan,Effect Monster,FIRE,Wyrm,1200
96633955,Swordsoul Supreme Sovereign - Chengying,Synchro Monster,WATER,Wyrm,3000
50005633,Swordstalker,Normal Monster,DARK,Warrior,2000
11682713,Sylvan Bladefender,Effect Monster,EARTH,Plant,1900
10753491,Sylvan Cherubsprout,Effect Monster,LIGHT,Plant,100
21903613,Sylvan Dancepione,Link Monster,WIND,Plant,1200
62434031,Sylvan Flowerknight,Effect Monster,EARTH,Plant,1800
99429730,Sylvan Guardioak,Effect Monster,EARTH,Plant,2400
25824484,Sylvan Hermitree,Effect Monster,FIRE,Plant,2700
99641328,Sylvan Komushroomo,Effect Monster,FIRE,Plant,100
73136204,Sylvan Lotuswain,Effect Monster,WATER,Plant,2300
36046926,Sylvan Marshalleaf,Effect Monster,WATER,Plant,1500
47077318,Sylvan Mikorange,Effect Monster,WATER,Plant,400
63257623,Sylvan Peaskeeper,Effect Monster,WIND,Plant,400
33909817,Sylvan Princessprite,XYZ Monster,LIGHT,Plant,1800
20579538,Sylvan Princessprout,Effect Monster,LIGHT,Plant,100
10530913,Sylvan Sagequoia,Effect Monster,WIND,Plant,2600
47741109,Sylvan Snapdrassinagon,Effect Monster,DARK,Plant,900
68933343,Symphonic Warrior Basses,Tuner Monster,WIND,Machine,600
70204022,Symphonic Warrior DJJ,Pendulum Effect Monster,WIND,Machine,1200
94331452,Symphonic Warrior Drumss,Tuner Monster,WIND,Machine,700
12525049,Symphonic Warrior Guitaar,Pendulum Effect Monster,WIND,Machine,1500
43210483,Symphonic Warrior Guitariss,Pendulum Tuner Effect Monster,WIND,Machine,1100
5399521,Symphonic Warrior Miccs,Pendulum Effect Monster,WIND,Machine,2300
31826057,Symphonic Warrior Piaano,Tuner Monster,WIND,Machine,900
24070330,Symphonic Warrior Rockks,Synchro Pendulum Effect Monster,WIND,Machine,2500
49919798,Symphonic Warrior Synthess,Flip Effect Monster,WIND,Machine,1200
75646173,Synchar,Normal Monster,EARTH,Beast,800
15839054,Synchro Fusionist,Effect Monster,DARK,Spellcaster,800
50702124,Synchro Magnet,Tuner Monster,EARTH,Machine,1000
79796561,Synchro Soldier,Effect Monster,EARTH,Machine,0
62125438,Synchron Carrier,Effect Monster,EARTH,Machine,0
36643046,Synchron Explorer,Effect Monster,EARTH,Machine,0
77360173,Synkron Resonator,Tuner Monster,DARK,Fiend,100
12927849,SZW - Fenrir Sword,Effect Monster,LIGHT,Beast,1800
10456559,T.A.D.P.O.L.E.,Effect Monster,WATER,Aqua,0
51447164,T.G. Blade Blaster,Synchro Monster,EARTH,Machine,3300
48633301,T.G. Booster Raptor,Effect Monster,WIND,Dinosaur,400
64898834,T.G. Catapult Dragon,Effect Monster,EARTH,Dragon,900
64910482,T.G. Cyber Magician,Tuner Monster,LIGHT,Spellcaster,0
30348744,T.G. Drill Fish,Effect Monster,WATER,Fish,100
94350039,T.G. Gear Zombie,Tuner Monster,DARK,Zombie,600
95973569,T.G. Glaive Blaster,Synchro Monster,EARTH,Machine,4000
97836203,T.G. Halberd Cannon,Synchro Monster,EARTH,Machine,4000
47027714,T.G. Halberd Cannon/Assault Mode,Effect Monster,EARTH,Machine,4500
90953320,T.G. Hyper Librarian,Synchro Monster,DARK,Spellcaster,2400
37300735,T.G. Jet Falcon,Tuner Monster,WIND,Winged Beast,1400
66733743,T.G. Metal Skeleton,Effect Monster,DARK,Zombie,1100
32480825,T.G. Mighty Striker,Synchro Tuner Monster,EARTH,Warrior,1800
68989420,T.G. Over Dragonar,Synchro Monster,DARK,Dragon,2100
24943456,T.G. Power Gladiator,Synchro Monster,EARTH,Warrior,2300
62560742,T.G. Recipro Dragonfly,Synchro Monster,WIND,Insect,300
77392987,T.G. Rocket Salamander,Effect Monster,FIRE,Pyro,600
36687247,T.G. Rush Rhino,Effect Monster,EARTH,Beast,1600
11234702,T.G. Screw Serpent,Tuner Monster,WATER,Sea Serpent,1300
99937842,T.G. Star Guardian,Synchro Tuner Monster,LIGHT,Warrior,100
1315120,T.G. Striker,Tuner Monster,EARTH,Warrior,800
74627016,T.G. Tank Grub,Tuner Monster,EARTH,Insect,0
50750868,T.G. Trident Launcher,Link Monster,EARTH,Machine,2200
293542,T.G. Warwolf,Effect Monster,DARK,Beast-Warrior,1200
98558751,T.G. Wonder Magician,Synchro Tuner Monster,LIGHT,Spellcaster,1900
72705654,Tachyon Cloudragon,Effect Monster,LIGHT,Dragon,300
12467005,Tackle Crusader,Effect Monster,EARTH,Rock,1500
89698120,Tactical Espionage Expert,Effect Monster,EARTH,Warrior,1300
16968936,Tactical Trainer of the Six Samurai,Tuner Monster,EARTH,Warrior,200
50281477,Tainted of the Tistina,Effect Monster,DARK,Aqua,2000
28725004,Tainted Wisdom,Effect Monster,DARK,Fiend,1250
44073668,Takriminos,Normal Monster,WATER,Sea Serpent,1500
3170832,Takuhee,Normal Monster,WIND,Winged Beast,1450
80190753,"Talaya, Princess of Cherry Blossoms",Effect Monster,WATER,Plant,2800
96380700,Talkback Lancer,Link Monster,DARK,Cyberse,1200
74150658,Talons of Shurilane,Effect Monster,LIGHT,Illusion,2100
79757784,Tamtam the Melodious Diva,Effect Monster,LIGHT,Fairy,1000
14677495,Tanngnjostr of the Nordic Beasts,Effect Monster,EARTH,Beast,800
15394083,Tanngrisnir of the Nordic Beasts,Effect Monster,EARTH,Beast,1200
7020743,Tantrum Toddler,XYZ Monster,FIRE,Beast,0
45016904,Tao Tao the Chanter,Tuner Monster,EARTH,Illusion,900
46247516,Tao the Chanter,Normal Monster,EARTH,Spellcaster,1200
82566662,Taotie Dragon,Link Monster,DARK,Wyrm,2500
99946920,"Taotie, Shadow of the Yang Zing",Effect Monster,DARK,Wyrm,2200
8152834,Tarai,Effect Monster,EARTH,Fairy,0
64892035,Tardy Orc,Effect Monster,DARK,Fiend,2200
86039057,Tasuke Knight,Effect Monster,LIGHT,Warrior,1700
18444902,Tatakawa Knight,Effect Monster,EARTH,Warrior,1500
3096468,Tatsunecro,Tuner Monster,DARK,Zombie,500
55863245,Tatsunoko,Synchro Tuner Monster,WATER,Wyrm,1700
47922711,Tatsunootoshigo,Normal Monster,EARTH,Beast,1350
33779875,Teardrop the Rikka Queen,XYZ Monster,WATER,Plant,2800
37961969,Tearlaments Havnis,Effect Monster,DARK,Aqua,1600
28226490,Tearlaments Kaleido-Heart,Fusion Monster,DARK,Fiend,3000
4928565,Tearlaments Kashtira,Effect Monster,WATER,Psychic,2300
92731385,Tearlaments Kitkallos,Fusion Monster,DARK,Aqua,2300
74078255,Tearlaments Merrli,Effect Monster,DARK,Aqua,800
73956664,Tearlaments Reinoheart,Effect Monster,WATER,Warrior,1500
84330567,Tearlaments Rulkallos,Fusion Monster,WATER,Aqua,3000
572850,Tearlaments Scheiren,Effect Monster,DARK,Aqua,1800
84847656,Telekinetic Shocker,Effect Monster,EARTH,Psychic,1700
42822433,Tellarknight Altairan,Effect Monster,LIGHT,Warrior,1700
58858807,Tellarknight Constellar Caduceus,XYZ Monster,LIGHT,Warrior,2500
79210531,Tellarknight Lyran,Effect Monster,LIGHT,Warrior,1200
18326736,Tellarknight Ptolemaeus,XYZ Monster,LIGHT,Warrior,550
19280589,Tellus the Little Angel,Effect Monster,LIGHT,Fairy,500
24431911,Tellusion the Magna Warrior,Effect Monster,EARTH,Rock,2500
87608852,Temperance of Prophecy,Effect Monster,EARTH,Spellcaster,1000
63101919,Tempest Magician,Synchro Monster,DARK,Spellcaster,2200
89399912,"Tempest, Dragon Ruler of Storms",Effect Monster,WIND,Dragon,2400
24521325,Template Skipper,Effect Monster,DARK,Cyberse,0
732302,Temple of Skulls,Normal Monster,DARK,Zombie,900
86304179,Tempura of Fortune - EBI,Pendulum Normal Monster,FIRE,Aqua,1600
52558805,Temtempo the Percussion Djinn,XYZ Monster,EARTH,Fiend,1700
10000,Ten Thousand Dragon,Effect Monster,DARK,Dragon,-1
57935140,Tenderness,Normal Monster,LIGHT,Fairy,700
4103668,"Tengu, the Winged Mayakashi",Synchro Monster,WIND,Zombie,2600
41589166,Tenkabito Shien,Effect Monster,FIRE,Pyro,1500
33837653,Tenma the Sky Star,Effect Monster,LIGHT,Warrior,2100
90122655,Tenmataitei,Effect Monster,DARK,Warrior,2400
91810826,Tenpai Dragon Chundra,Tuner Monster,FIRE,Dragon,1500
65326118,Tenpai Dragon Fadra,Effect Monster,FIRE,Dragon,1600
23657016,Tenpai Dragon Genroku,Effect Monster,FIRE,Dragon,0
39931513,Tenpai Dragon Paidra,Effect Monster,FIRE,Dragon,1700
56322832,Tensei Ryu-Ge Anva,Pendulum Effect Monster,DARK,Dragon,3000
59563768,Tenshin,Effect Monster,LIGHT,Fairy,800
60715406,Tentacle Plant,Normal Monster,WATER,Plant,500
98159737,Tenyi Spirit - Adhara,Tuner Monster,EARTH,Wyrm,0
87052196,Tenyi Spirit - Ashuna,Effect Monster,LIGHT,Wyrm,1600
60942444,Tenyi Spirit - Mapura,Effect Monster,FIRE,Wyrm,600
73121813,Tenyi Spirit - Mula Adhara,Synchro Monster,LIGHT,Wyrm,3000
97036149,Tenyi Spirit - Nahata,Effect Monster,WIND,Wyrm,800
38030232,Tenyi Spirit - Sahasrara,Link Monster,LIGHT,Wyrm,3000
24557335,Tenyi Spirit - Shthana,Effect Monster,WATER,Wyrm,400
52854600,Tenyi Spirit - Suruya,Tuner Monster,LIGHT,Wyrm,1600
23431858,Tenyi Spirit - Vishuda,Effect Monster,DARK,Wyrm,1500
63308047,Terra the Terrible,Normal Monster,DARK,Fiend,1200
56681873,"Terratiger, the Empowered Warrior",Effect Monster,EARTH,Warrior,1800
77428945,Terrene Toothed Tsuchinoko,Effect Monster,EARTH,Reptile,1600
48468330,Terrifying Toddler of Torment,Flip Effect Monster,DARK,Fiend,0
35975813,Terrorking Archfiend,Effect Monster,DARK,Fiend,2000
78060096,Terrorking Salmon,Normal Monster,WATER,Fish,2400
67584223,Tessera the Primal Squire,Effect Monster,LIGHT,Warrior,800
3030892,Test Ape,Effect Monster,EARTH,Beast,700
62076252,Test Bear,Effect Monster,EARTH,Beast,900
66863374,Test Panther,Link Monster,EARTH,Beast,800
92373006,Test Tiger,Effect Monster,EARTH,Beast,600
74952447,Testudo erat Numen,Effect Monster,WATER,Aqua,0
87148330,"Tethys, Goddess of Light",Effect Monster,LIGHT,Fairy,2400
16469012,Teva,Effect Monster,LIGHT,Warrior,2000
74210057,Texchanger,Effect Monster,DARK,Cyberse,100
52367652,That Which Feeds on Life,Normal Monster,DARK,Fiend,1200
32864,The 13th Grave,Normal Monster,DARK,Zombie,1200
5141117,The Abyss Dragon Swordsoul,Effect Monster,FIRE,Wyrm,3000
70410002,The Accumulator,Effect Monster,LIGHT,Thunder,0
64734921,The Agent of Creation - Venus,Effect Monster,LIGHT,Fairy,1600
99054885,The Agent of Destruction - Venus,Tuner Monster,DARK,Fairy,0
97750534,The Agent of Entropy - Uranus,Tuner Monster,DARK,Fairy,2200
91123920,The Agent of Force - Mars,Effect Monster,LIGHT,Fairy,0
91345518,The Agent of Judgment - Saturn,Effect Monster,LIGHT,Fairy,2400
38529357,The Agent of Life - Neptune,Effect Monster,LIGHT,Fairy,0
28573958,The Agent of Miracles - Jupiter,Effect Monster,LIGHT,Fairy,1800
91188343,The Agent of Mystery - Earth,Tuner Monster,LIGHT,Fairy,1000
38730226,The Agent of Wisdom - Mercury,Effect Monster,LIGHT,Fairy,0
32269855,The All-Seeing White Tiger,Normal Monster,WIND,Beast,1300
11738489,The Arrival Cyberse @Ignister,Link Monster,DARK,Cyberse,0
70493141,The Ascended of Thunder,Effect Monster,LIGHT,Thunder,2700
14466224,The Atmosphere,Effect Monster,WIND,Winged Beast,1000
24348204,The Bewitching Phantom Thief,Normal Monster,DARK,Spellcaster,700
34004470,The Big Saturn,Effect Monster,DARK,Machine,2800
71107816,The Bistro Butcher,Effect Monster,DARK,Fiend,1800
66574418,The Black Stone of Legend,Effect Monster,DARK,Dragon,0
15033525,The Blazing Mars,Effect Monster,FIRE,Pyro,2600
69120785,The Bystial Alba Los,Effect Monster,LIGHT,Dragon,3500
45005708,The Bystial Aluber,Tuner Monster,DARK,Dragon,1800
32731036,The Bystial Lubellion,Effect Monster,LIGHT,Dragon,2500
51196174,The Calculator,Effect Monster,LIGHT,Thunder,-1
54706054,The Calibrator,Effect Monster,LIGHT,Thunder,1500
90488465,The Chaos Creator,Effect Monster,DARK,Thunder,2300
61505339,The Creator,Effect Monster,LIGHT,Thunder,2300
97093037,The Creator Incarnate,Effect Monster,LIGHT,Warrior,1600
48386462,The Cuckoo Commanded to Croon,Effect Monster,FIRE,Winged Beast,800
52101615,The Dark - Hex-Sealed Fusion,Effect Monster,DARK,Rock,1000
92719314,The Dark Creator,Effect Monster,DARK,Thunder,2300
50237654,The Dark Magicians,Fusion Monster,DARK,Spellcaster,2800
32588805,The Despair Uranus,Effect Monster,LIGHT,Rock,2900
93346024,The Dragon Dwelling in the Cave,Normal Monster,WIND,Dragon,1300
4404099,The Dragon Dwelling in the Deep,Effect Monster,WATER,Sea Serpent,1700
76666602,The Dragon that Devours the Dogma,Fusion Monster,DARK,Beast,3000
8944575,The Drdek,Normal Monster,DARK,Fiend,700
45445571,The Duke of Demise,Fusion Monster,DARK,Fiend,2000
66989694,The Earl of Demise,Normal Monster,DARK,Fiend,2000
88696724,The Earth - Hex-Sealed Fusion,Effect Monster,EARTH,Rock,1000
65403020,The End of Anubis,Effect Monster,DARK,Fiend,2500
37706769,The Executor of the Underworld - Pluto,Synchro Tuner Monster,DARK,Fairy,2300
83039608,The Fabled Abanc,Tuner Monster,LIGHT,Beast,1000
68897338,The Fabled Behilmoth,Tuner Monster,LIGHT,Beast,1000
56399890,The Fabled Catsith,Tuner Monster,LIGHT,Beast,800
82888408,The Fabled Cerburrel,Tuner Monster,LIGHT,Beast,1000
29905795,The Fabled Chawa,Tuner Monster,LIGHT,Beast,200
18282103,The Fabled Ganashia,Effect Monster,LIGHT,Beast,1600
26704411,The Fabled Kokkator,Effect Monster,LIGHT,Beast,1700
89194103,The Fabled Kudabbi,Synchro Monster,LIGHT,Beast,2200
55277252,The Fabled Nozoochee,Effect Monster,LIGHT,Beast,1200
90616316,The Fabled Peggulsus,Tuner Monster,LIGHT,Beast,100
94845226,The Fabled Rubyruda,Tuner Monster,LIGHT,Beast,1100
44155002,The Fabled Unicore,Synchro Monster,LIGHT,Beast,2300
66362965,The Fiend Megacyber,Effect Monster,DARK,Warrior,2200
4167084,The First Darklord,Fusion Monster,DARK,Fairy,4000
84080939,The Forgiving Maiden,Effect Monster,LIGHT,Fairy,850
18710707,The Furious Sea King,Normal Monster,WATER,Aqua,800
82489470,The Golden Swordsoul,Tuner Monster,LIGHT,Spellcaster,1800
16255173,The Grand Jupiter,Effect Monster,DARK,Warrior,2500
83340560,The Great Double Casted Caster,Fusion Monster,LIGHT,Spellcaster,0
6836211,The Great Emperor Penguin,Effect Monster,WATER,Aqua,1800
68049471,The Gross Ghost of Fled Dreams,Normal Monster,DARK,Fiend,1300
1525329,The Hunter with 7 Weapons,Effect Monster,EARTH,Warrior,1000
83764996,The Illusory Gentleman,Normal Monster,DARK,Spellcaster,1500
52035300,The Immortal Bushi,Effect Monster,DARK,Warrior,1200
84926738,The Immortal of Thunder,Flip Effect Monster,LIGHT,Thunder,1500
62849088,The Iris Swordsoul,Effect Monster,LIGHT,Spellcaster,2500
28003512,The Judgement Hand,Normal Monster,EARTH,Warrior,1400
90407382,The Kick Man,Effect Monster,DARK,Zombie,1300
8978197,The King of D.,Effect Monster,DARK,Spellcaster,1200
40991587,The Lady in Wight,Effect Monster,DARK,Zombie,0
86099788,The Last Warrior from Another Planet,Fusion Monster,EARTH,Warrior,2350
58604027,The Legendary Exodia Incarnate,Effect Monster,DARK,Spellcaster,-1
3643300,The Legendary Fisherman,Effect Monster,WATER,Warrior,1850
19801646,The Legendary Fisherman II,Effect Monster,WATER,Warrior,2200
44968687,The Legendary Fisherman III,Effect Monster,WATER,Warrior,2500
15717011,The Light - Hex-Sealed Fusion,Effect Monster,LIGHT,Rock,1000
25109950,The Little Swordsman of Aile,Effect Monster,WATER,Warrior,800
97522863,The Man with the Mark,Effect Monster,EARTH,Spellcaster,1000
49064413,The Masked Beast,Ritual Monster,DARK,Fiend,3200
98898173,The Melting Red Shadow,Normal Monster,WATER,Aqua,500
90432163,The Phantom Knights of Ancient Cloak,Effect Monster,DARK,Warrior,800
62709239,The Phantom Knights of Break Sword,XYZ Monster,DARK,Warrior,2000
99315585,The Phantom Knights of Cloven Helm,Effect Monster,DARK,Warrior,1500
12219047,The Phantom Knights of Cursed Javelin,XYZ Monster,DARK,Warrior,1600
36704180,The Phantom Knights of Fragile Armor,Effect Monster,DARK,Warrior,1000
63821877,The Phantom Knights of Ragged Gloves,Effect Monster,DARK,Warrior,1000
26692769,The Phantom Knights of Rusty Bardiche,Link Monster,DARK,Warrior,2100
36426778,The Phantom Knights of Silent Boots,Effect Monster,DARK,Warrior,200
88544390,The Phantom Knights of Stained Greaves,Effect Monster,DARK,Warrior,1200
25538345,The Phantom Knights of Torn Scales,Effect Monster,DARK,Warrior,600
32541773,The Portrait's Secret,Normal Monster,EARTH,Fiend,1200
76305638,The Rock Spirit,Effect Monster,EARTH,Rock,1700
63125616,The Shadow Who Controls the Dark,Normal Monster,DARK,Fiend,800
27782503,The Six Samurai - Irou,Effect Monster,DARK,Warrior,1700
90397998,The Six Samurai - Kamon,Effect Monster,FIRE,Warrior,1500
31904181,The Six Samurai - Nisashi,Effect Monster,WIND,Warrior,1400
64398890,The Six Samurai - Yaichi,Effect Monster,WATER,Warrior,1300
69025477,The Six Samurai - Yariza,Effect Monster,EARTH,Warrior,1000
95519486,The Six Samurai - Zanji,Effect Monster,LIGHT,Warrior,1800
29491031,The Snake Hair,Normal Monster,DARK,Zombie,1500
15123983,THE Star Ham,Synchro Monster,LIGHT,Beast,1000
10262698,The Statue of Easter Island,Normal Monster,EARTH,Rock,1100
87557188,The Stern Mystic,Flip Effect Monster,LIGHT,Spellcaster,1500
24413299,The Suppression Pluto,Effect Monster,DARK,Fiend,2600
51402908,The Supremacy Sun,Effect Monster,DARK,Fiend,3000
78243409,The Thing in the Crater,Effect Monster,FIRE,Pyro,1000
18180762,The Thing That Hides in the Mud,Normal Monster,EARTH,Rock,1200
74405783,The Three Brave Swordsouls,Synchro Monster,LIGHT,Spellcaster,2500
14778250,The Tricky,Effect Monster,WIND,Spellcaster,2000
3912064,The Tripper Mercury,Effect Monster,WATER,Aqua,2000
38479725,The Trojan Horse,Effect Monster,EARTH,Beast,1600
88071625,The Tyrant Neptune,Effect Monster,WATER,Reptile,0
65475294,The Unfriendly Amazon,Effect Monster,EARTH,Warrior,2000
27618634,The Unhappy Girl,Effect Monster,LIGHT,Spellcaster,400
51275027,The Unhappy Maiden,Effect Monster,LIGHT,Spellcaster,0
83257450,The Unstoppable Exodia Incarnate,Fusion Monster,DARK,Spellcaster,-1
93788854,The Wandering Doomed,Normal Monster,DARK,Zombie,800
27784944,The Weather Painter Aurora,Effect Monster,DARK,Fairy,2200
28806532,The Weather Painter Cloud,Effect Monster,WIND,Fairy,1500
95515518,The Weather Painter Moonbow,Link Monster,DARK,Fairy,2400
92411493,The Weather Painter Rain,Effect Monster,WATER,Fairy,1200
54178659,The Weather Painter Rainbow,Link Monster,LIGHT,Fairy,2400
65017789,The Weather Painter Snow,Effect Monster,EARTH,Fairy,0
54895237,The Weather Painter Sun,Effect Monster,FIRE,Fairy,1600
91299846,The Weather Painter Thunder,Effect Monster,LIGHT,Fairy,1700
71039903,The White Stone of Ancients,Tuner Monster,LIGHT,Dragon,600
79814787,The White Stone of Legend,Tuner Monster,LIGHT,Dragon,300
21208154,The Wicked Avatar,Effect Monster,DARK,Fiend,-1
62180201,The Wicked Dreadroot,Effect Monster,DARK,Fiend,4000
57793869,The Wicked Eraser,Effect Monster,DARK,Fiend,-1
6285791,The Wicked Worm Beast,Effect Monster,EARTH,Beast,1400
10000010,The Winged Dragon of Ra,Effect Monster,DIVINE,Divine-Beast,-1
10000090,The Winged Dragon of Ra - Immortal Phoenix,Effect Monster,DIVINE,Divine-Beast,4000
10000080,The Winged Dragon of Ra - Sphere Mode,Effect Monster,DIVINE,Divine-Beast,-1
73082255,The Zombie Vampire,XYZ Monster,DARK,Zombie,3000
51838385,Theban Nightmare,Effect Monster,LIGHT,Fiend,1500
85687952,"Theia, the Primal Being",Effect Monster,DARK,Rock,3000
87997872,Theinen the Great Sphinx,Effect Monster,LIGHT,Beast,3500
98986900,Thelematech Clatis,XYZ Monster,DARK,Spellcaster,3000
84332527,"Therion ""Bull"" Ain",Effect Monster,FIRE,Warrior,2100
57111330,"Therion ""Duke"" Yul",Effect Monster,LIGHT,Psychic,2100
48806195,"Therion ""Empress"" Alasia",Effect Monster,EARTH,Reptile,2100
10604644,"Therion ""King"" Regulus",Effect Monster,EARTH,Machine,2800
83610035,"Therion ""Lily"" Borea",Effect Monster,WIND,Plant,2400
21727231,"Therion ""Reaper"" Fum",Effect Monster,WATER,Aqua,1400
75290703,Therion Irregular,Effect Monster,DARK,Machine,1600
6588580,Thermal Genex,Synchro Monster,FIRE,Machine,2400
26205777,Thestalos the Firestorm Monarch,Effect Monster,FIRE,Pyro,2400
69230391,Thestalos the Mega Monarch,Effect Monster,FIRE,Pyro,2800
77832858,Thestalos the Shadowfire Monarch,Effect Monster,FIRE,Pyro,3000
30604579,"Thor, Lord of the Aesir",Synchro Monster,EARTH,Beast-Warrior,3500
70780151,Thought Ruler Archfiend,Synchro Monster,DARK,Psychic,2700
41462083,Thousand Dragon,Fusion Monster,WIND,Dragon,2400
33977496,Thousand Needles,Effect Monster,EARTH,Beast,1000
27125110,Thousand-Eyes Idol,Normal Monster,DARK,Spellcaster,0
81434470,Thousand-Eyes Jellyfish,Effect Monster,WATER,Fish,300
63519819,Thousand-Eyes Restrict,Fusion Monster,DARK,Spellcaster,0
7852878,Three Thousand Needles,Effect Monster,EARTH,Beast,3000
43464884,Three Trolling Trolls,Tuner Monster,WATER,Beast-Warrior,1000
31464658,Three-Eyed Ghost,Effect Monster,DARK,Fiend,900
78423643,Three-Headed Geedo,Normal Monster,DARK,Fiend,1200
33734439,Three-Legged Zombies,Normal Monster,DARK,Zombie,1100
31944175,Threshold Borg,Effect Monster,EARTH,Cyberse,2400
12332865,Thron the Disciplined Angel,Effect Monster,EARTH,Fairy,1500
76075810,Throwstone Unit,Effect Monster,EARTH,Warrior,900
84813516,Thunder Ball,Effect Monster,DARK,Fiend,450
31786629,Thunder Dragon,Effect Monster,LIGHT,Thunder,1600
15291624,Thunder Dragon Colossus,Fusion Monster,DARK,Thunder,2600
12081875,Thunder Dragon Thunderstormech,Link Monster,LIGHT,Thunder,2800
41685633,Thunder Dragon Titan,Fusion Monster,LIGHT,Thunder,3200
56713174,Thunder Dragondark,Effect Monster,DARK,Thunder,1600
55591586,Thunder Dragonduo,Effect Monster,DARK,Thunder,2800
83107873,Thunder Dragonhawk,Effect Monster,LIGHT,Thunder,1800
5206415,Thunder Dragonlord,Effect Monster,LIGHT,Thunder,3000
20318029,Thunder Dragonmatrix,Effect Monster,LIGHT,Thunder,0
29596581,Thunder Dragonroar,Effect Monster,DARK,Thunder,2400
698785,Thunder End Dragon,XYZ Monster,LIGHT,Dragon,3000
16223761,Thunder Hand,Effect Monster,LIGHT,Thunder,1600
15510988,Thunder Kid,Normal Monster,WIND,Thunder,700
71564252,Thunder King Rai-Oh,Effect Monster,LIGHT,Thunder,1900
48770333,"Thunder King, the Lightningstrike Kaiju",Effect Monster,LIGHT,Thunder,3300
70797118,Thunder Nyan Nyan,Effect Monster,LIGHT,Thunder,1900
48049769,Thunder Sea Horse,Effect Monster,LIGHT,Thunder,1600
77506119,Thunder Unicorn,Synchro Monster,LIGHT,Beast,2200
66722103,Thunderclap Monk,Effect Monster,LIGHT,Thunder,1900
13683298,Thunderclap Skywolf,Effect Monster,LIGHT,Thunder,2500
26400609,"Tidal, Dragon Ruler of Waterfalls",Effect Monster,WATER,Dragon,2600
91588074,"Tierra, Source of Destruction",Effect Monster,LIGHT,Fiend,3400
49791927,Tiger Axe,Normal Monster,EARTH,Beast-Warrior,1300
10097168,Tiger Dragon,Effect Monster,EARTH,Dragon,2400
77855162,Tilting Entrainment,Synchro Monster,EARTH,Machine,2800
53315891,Timaeus the Knight of Destiny,Fusion Monster,LIGHT,Warrior,-1
3078380,Timaeus the United Dragon,Effect Monster,LIGHT,Dragon,2800
85899505,Timaeus the United Magical Dragon,Fusion Monster,LIGHT,Dragon,2800
73625877,Time Escaper,Effect Monster,EARTH,Psychic,500
10960419,Time Magic Hammer,Fusion Monster,LIGHT,Spellcaster,500
27107590,Time Maiden,Effect Monster,LIGHT,Fairy,0
86346363,Time Reloader,Effect Monster,LIGHT,Machine,1200
64730881,Time Thief Adjuster,Effect Monster,DARK,Psychic,1200
82496097,Time Thief Bezel Ship,Effect Monster,DARK,Machine,1000
74578720,Time Thief Chronocorder,Effect Monster,DARK,Machine,1000
91135480,Time Thief Double Barrel,XYZ Monster,DARK,Psychic,2200
59208943,Time Thief Perpetua,XYZ Monster,DARK,Psychic,1900
55285840,Time Thief Redoer,XYZ Monster,DARK,Psychic,2400
19891131,Time Thief Regulator,Effect Monster,DARK,Machine,600
52083044,Time Thief Temporwhal,Effect Monster,DARK,Machine,800
56308388,Time Thief Winder,Effect Monster,DARK,Psychic,1800
71625222,Time Wizard,Effect Monster,LIGHT,Spellcaster,500
26273196,Time Wizard of Tomorrow,Fusion Monster,LIGHT,Spellcaster,2000
44913552,Timeater,Effect Monster,DARK,Machine,1900
80335817,Timebreaker Magician,Pendulum Effect Monster,DARK,Spellcaster,1400
20409757,Timegazer Magician,Pendulum Effect Monster,DARK,Spellcaster,1200
67508932,Timelord Progenitor Vorpgate,Synchro Monster,DARK,Fairy,0
47349116,Timestar Magician,XYZ Monster,DARK,Spellcaster,2400
66506689,Tin Archduke,XYZ Monster,EARTH,Machine,2200
18063928,Tin Goldfish,Effect Monster,WATER,Machine,800
75119040,Tindangle Acute Cerberus,Link Monster,DARK,Fiend,0
68860936,Tindangle Angel,Flip Effect Monster,DARK,Fiend,500
94365540,Tindangle Base Gardna,Effect Monster,DARK,Fiend,0
12678601,Tindangle Dholes,Flip Effect Monster,DARK,Fiend,1000
31759689,Tindangle Hound,Flip Effect Monster,DARK,Fiend,2500
94142993,Tindangle Intruder,Flip Effect Monster,DARK,Fiend,2200
24158464,Tindangle Jhrelth,Flip Effect Monster,DARK,Fiend,0
67744384,Tindangle Protector,Flip Effect Monster,DARK,Fiend,800
11375683,Tindangle Trinity,Flip Effect Monster,DARK,Fiend,0
31386180,"Tiras, Keeper of Genesis",XYZ Monster,LIGHT,Fairy,2600
54387923,TiSolfachord Beautia,Pendulum Effect Monster,EARTH,Fairy,2500
87676171,"Tistina, the Divinity that Defies Darkness",XYZ Monster,LIGHT,Aqua,2000
41373230,Titaniklad the Ash Dragon,Fusion Monster,DARK,Dragon,2500
82319644,"Tlakalel, His Malevolent Majesty",Effect Monster,DARK,Fiend,2400
62671448,Toad Master,Normal Monster,WATER,Aqua,1000
90809975,Toadally Awesome,XYZ Monster,WATER,Aqua,2200
31887806,Tobari the Sky Ninja,Effect Monster,EARTH,Winged Beast,0
30118701,Todoroki the Earthbolt Star,Effect Monster,EARTH,Warrior,2100
33878931,Togex,Normal Monster,EARTH,Beast,1600
43534808,Token Collector,Effect Monster,EARTH,Fiend,0
46457856,Tomozaurus,Normal Monster,EARTH,Dinosaur,500
91250514,Tongue Twister,Effect Monster,DARK,Fiend,400
69572024,Tongyo,Normal Monster,WATER,Fish,1350
59383041,Toon Alligator,Normal Monster,WATER,Reptile,800
7171149,Toon Ancient Gear Golem,Toon Monster,EARTH,Machine,3000
28112535,Toon Barrel Dragon,Toon Monster,DARK,Machine,2600
28711704,Toon Black Luster Soldier,Toon Monster,EARTH,Warrior,3000
61190918,Toon Buster Blader,Toon Monster,EARTH,Warrior,2600
79875176,Toon Cannon Soldier,Toon Monster,DARK,Machine,1400
83629030,Toon Cyber Dragon,Toon Monster,LIGHT,Machine,2100
21296502,Toon Dark Magician,Toon Monster,DARK,Spellcaster,2500
90960358,Toon Dark Magician Girl,Toon Monster,DARK,Spellcaster,2000
42386471,Toon Gemini Elf,Toon Monster,EARTH,Spellcaster,1900
15270885,Toon Goblin Attack Force,Toon Monster,EARTH,Warrior,2300
64116319,Toon Harpie Lady,Toon Monster,WIND,Winged Beast,1300
16392422,Toon Masked Sorcerer,Toon Monster,DARK,Spellcaster,900
65458948,Toon Mermaid,Toon Monster,WATER,Aqua,1400
91842653,Toon Summoned Skull,Toon Monster,DARK,Fiend,2500
53623827,Top Runner,Tuner Monster,WIND,Machine,1100
30064423,Topologic Blaster Dragon,Link Monster,DARK,Cyberse,3500
5821478,Topologic Bomber Dragon,Link Monster,DARK,Cyberse,3000
22593417,Topologic Gumblar Dragon,Link Monster,DARK,Cyberse,3000
72529749,Topologic Trisbaena,Link Monster,DARK,Cyberse,2500
66403530,Topologic Zeroboros,Link Monster,DARK,Cyberse,3000
83370323,Torapart,Tuner Monster,DARK,Warrior,600
80813021,Torike,Normal Monster,EARTH,Beast,1200
71283180,Tornado Bird,Flip Effect Monster,WIND,Winged Beast,1100
6983839,Tornado Dragon,XYZ Monster,WIND,Wyrm,2100
90337190,Torpedo Fish,Effect Monster,WATER,Fish,1000
79538761,Torque Tune Gear,Tuner Monster,LIGHT,Machine,0
75372290,Total Defense Shogun,Effect Monster,DARK,Warrior,1550
71068247,Totem Bird,XYZ Monster,WIND,Winged Beast,1900
564541,Totem Dragon,Effect Monster,EARTH,Dragon,400
56346071,Totem Five,Effect Monster,FIRE,Rock,500
52823314,Tour Bus From the Underworld,Effect Monster,DARK,Fiend,1000
89732524,Tour Bus To Forbidden Realms,Flip Effect Monster,DARK,Fiend,600
10802915,Tour Guide From the Underworld,Effect Monster,DARK,Fiend,1000
48882106,Toxic Boxfish,Synchro Monster,WATER,Fish,1800
1826676,Toy Knight,Effect Monster,EARTH,Machine,200
58132856,Toy Magician,Effect Monster,LIGHT,Spellcaster,1600
65504487,Toy Soldier,Effect Monster,LIGHT,Warrior,1500
69925461,Toy Tank,Effect Monster,LIGHT,Machine,1000
66226132,Trackblack,Link Monster,LIGHT,Cyberse,1200
23408872,Tradetoad,Effect Monster,WATER,Aqua,100
41248270,Traffic Ghost,Link Monster,DARK,Cyberse,1800
98777036,Tragoedia,Effect Monster,DARK,Fiend,-1
42348802,Trakodon,Normal Monster,EARTH,Dinosaur,1300
94283662,Trance Archfiend,Effect Monster,DARK,Fiend,1500
14214060,Trance the Magic Swordsman,Normal Monster,EARTH,Spellcaster,2600
7969770,Trancefamiliar,Effect Monster,DARK,Psychic,0
30128445,Transcendosaurus Drillygnathus,XYZ Monster,WIND,Dinosaur,3000
56818742,Transcendosaurus Exaraptor,Link Monster,DARK,Dinosaur,3000
67745632,Transcendosaurus Gigantozowler,Fusion Monster,EARTH,Dinosaur,3800
94130731,Transcendosaurus Glaciasaurus,Synchro Monster,WATER,Dinosaur,3600
31241087,Transcendosaurus Meteorus,Effect Monster,FIRE,Dinosaur,3500
1799464,Transcicada,Tuner Monster,EARTH,Insect,800
46947713,Transcode Talker,Link Monster,EARTH,Cyberse,2300
66094973,Transforming Sphere,Effect Monster,WIND,Winged Beast,100
34072799,Transonic Bird,Ritual Effect Monster,DARK,Winged Beast,0
13821299,Trap Eater,Tuner Monster,DARK,Fiend,1900
46461247,Trap Master,Flip Effect Monster,EARTH,Warrior,500
52286175,Trap Reactor Y FI,Effect Monster,DARK,Machine,800
59071624,Traptrix Allomerus,XYZ Monster,EARTH,Insect,2200
75416738,Traptrix Arachnocampa,Effect Monster,EARTH,Insect,1300
55428242,Traptrix Atrax,Effect Monster,EARTH,Insect,1800
48183890,Traptrix Atypus,Link Monster,EARTH,Insect,1800
952523,Traptrix Cularia,Link Monster,EARTH,Plant,1800
45803070,Traptrix Dionaea,Effect Monster,EARTH,Plant,1700
88078306,Traptrix Genlisea,Effect Monster,EARTH,Plant,1200
82738277,Traptrix Mantis,Effect Monster,EARTH,Insect,1500
91812341,Traptrix Myrmeleo,Effect Monster,EARTH,Insect,1600
28201945,Traptrix Nepenthes,Effect Monster,EARTH,Plant,800
1688285,Traptrix Pinguicula,XYZ Monster,EARTH,Plant,2500
49027020,Traptrix Pudica,Effect Monster,EARTH,Plant,900
6511113,Traptrix Rafflesia,XYZ Monster,EARTH,Plant,300
73639099,Traptrix Sera,Link Monster,EARTH,Plant,800
28868394,Traptrix Vesiculo,Effect Monster,EARTH,Plant,1400
45221020,Treasure Panda,Effect Monster,EARTH,Beast,1100
71759912,Tree Otter,Effect Monster,WATER,Beast,1200
12538374,Treeborn Frog,Effect Monster,WATER,Aqua,100
78780140,Trent,Normal Monster,EARTH,Plant,1500
10019086,Tri-Brigade Arms Bucephalus II,Link Monster,DARK,Winged Beast,3500
33781156,Tri-Brigade Arms Mouser,Link Monster,EARTH,Beast,1800
47163170,Tri-Brigade Bearbrumm the Rampant Rampager,Link Monster,FIRE,Beast,1700
26847978,Tri-Brigade Ferrijit the Barren Blossom,Link Monster,EARTH,Beast,1600
87209160,Tri-Brigade Fraktall,Effect Monster,FIRE,Beast-Warrior,1900
50810455,Tri-Brigade Kerass,Effect Monster,EARTH,Beast,1200
56196385,Tri-Brigade Kitt,Effect Monster,FIRE,Beast,700
19096726,Tri-Brigade Mercourier,Effect Monster,DARK,Winged Beast,800
14816857,Tri-Brigade Nervall,Effect Monster,WIND,Winged Beast,0
52331012,Tri-Brigade Rugal the Silver Sheller,Link Monster,EARTH,Beast-Warrior,2300
99726621,Tri-Brigade Shuraig the Ominous Omen,Link Monster,DARK,Winged Beast,3000
19304410,Tri-Brigade Springans Kitt,Effect Monster,LIGHT,Beast,1700
68836428,Tri-Edge Levia,XYZ Monster,WATER,Sea Serpent,1800
52445243,Tri-Edge Master,Synchro Monster,LIGHT,Warrior,2100
32617464,Tri-Gate Wizard,Link Monster,EARTH,Cyberse,2200
39111158,Tri-Horned Dragon,Normal Monster,DARK,Dragon,2850
77827521,Trial of Nightmare,Normal Monster,DARK,Fiend,1300
69529337,Triamid Dancer,Effect Monster,EARTH,Rock,600
95923441,Triamid Hunter,Effect Monster,EARTH,Rock,1400
32912040,Triamid Master,Effect Monster,EARTH,Rock,1800
68406755,Triamid Sphinx,Effect Monster,EARTH,Rock,2500
26866984,Trias Hierarchia,Effect Monster,LIGHT,Fairy,1900
33184167,Tribe-Infecting Virus,Effect Monster,WATER,Aqua,1600
86361354,Tribe-Shocking Virus,Effect Monster,WATER,Thunder,1700
37405032,Trickstar Aqua Angel,Effect Monster,WATER,Fairy,0
64804137,Trickstar Band Drumatis,Fusion Monster,LIGHT,Fairy,2000
91272072,Trickstar Band Sweet Guitar,Fusion Monster,LIGHT,Fairy,2200
41302052,Trickstar Bella Madonna,Link Monster,LIGHT,Fairy,2800
94626871,Trickstar Black Catbat,Link Monster,LIGHT,Fairy,2000
77307161,Trickstar Bloom,Link Monster,LIGHT,Fairy,100
61283655,Trickstar Candina,Effect Monster,LIGHT,Fairy,1800
298846,Trickstar Colchica,Link Monster,LIGHT,Fairy,200
98169343,Trickstar Corobane,Effect Monster,LIGHT,Fairy,2000
51011872,Trickstar Crimson Heart,Link Monster,LIGHT,Fairy,2000
3792766,Trickstar Delfiendium,Link Monster,LIGHT,Fairy,2200
14365823,Trickstar Divaridis,Link Monster,LIGHT,Fairy,1800
86750474,Trickstar Foxglove Witch,Link Monster,LIGHT,Fairy,2200
32448765,Trickstar Holly Angel,Link Monster,LIGHT,Fairy,2000
1410324,Trickstar Hoody,Effect Monster,LIGHT,Fairy,600
98700941,Trickstar Lilybell,Effect Monster,LIGHT,Fairy,800
35199656,Trickstar Lycoris,Effect Monster,LIGHT,Fairy,1600
22219822,Trickstar Mandrake,Effect Monster,LIGHT,Fairy,0
91505214,Trickstar Narkissus,Effect Monster,LIGHT,Fairy,1000
86825114,Trickstar Nightshade,Effect Monster,LIGHT,Fairy,100
37683441,Trickstar Noble Angel,Link Monster,LIGHT,Fairy,2000
59604521,Trickstar Rhodode,Effect Monster,LIGHT,Fairy,1400
78905039,Tricorn the Cacophonous Concert,Tuner Monster,DARK,Fiend,0
20797524,Tricular,Effect Monster,EARTH,Machine,300
39402797,Trident Dragion,Synchro Monster,FIRE,Dragon,3000
20474741,Trident Warrior,Effect Monster,LIGHT,Warrior,1800
12275533,Trifortressops,Effect Monster,DARK,Machine,1600
95504778,Triggering Wurm,Effect Monster,DARK,Dragon,600
48568432,Trigon,Union Effect Monster,FIRE,Dragon,500
49725936,Triple Burst Dragon,Link Monster,DARK,Dragon,2400
34796454,Triple Star Trion,Effect Monster,LIGHT,Warrior,100
72632190,Triple-Headed Behemoth,Effect Monster,WIND,Dragon,1500
61254509,Tripod Fish,Effect Monster,WATER,Fish,300
45042329,Tripwire Beast,Normal Monster,EARTH,Thunder,1200
3957130,Trisborrel Dragon,Link Monster,DARK,Dragon,2300
52687916,"Trishula, Dragon of the Ice Barrier",Synchro Monster,WATER,Dragon,2700
15661378,"Trishula, the Dragon of Icy Imprisonment",Fusion Monster,WATER,Dragon,2700
70980824,"Trishula, Zero Dragon of the Ice Barrier",Synchro Monster,WATER,Dragon,2700
96163807,"Tristan, Knight of the Underworld",Effect Monster,DARK,Zombie,1800
44716748,"Trito Enneacraft - ""exapatisIA""",Pendulum Flip Effect Monster,EARTH,Machine,100
55013285,Troop Dragon,Effect Monster,WIND,Dragon,700
72144675,Troposphere,Effect Monster,WIND,Winged Beast,2400
61538782,Truckroid,Effect Monster,EARTH,Machine,1000
96746083,"True King Agnimazud, the Vanisher",Effect Monster,FIRE,Wyrm,2900
82321037,"True King Bahrastos, the Fathomer",Effect Monster,WATER,Wyrm,1800
30539496,"True King Lithosagym, the Disaster",Effect Monster,EARTH,Wyrm,2500
88581108,True King of All Calamities,XYZ Monster,DARK,Wyrm,3000
87319876,Trust Guardian,Tuner Monster,LIGHT,Fairy,0
77092311,"Tsuchigumo, the Poisonous Mayakashi",Synchro Monster,EARTH,Zombie,2000
5325155,"Tsukahagi, the Poisonous Mayakashi",Tuner Monster,EARTH,Zombie,0
34853266,Tsukuyomi,Spirit Monster,DARK,Spellcaster,1100
78098950,Tsumuha-Kutsunagi the Lord of Swords,Spirit Monster,WIND,Warrior,3000
84635192,Tsuru-Puru-Purun,Effect Monster,WATER,Aqua,450
27769400,Tualatin,Effect Monster,LIGHT,Fairy,2800
74093656,Tune Warrior,Normal Tuner Monster,EARTH,Warrior,1600
47459126,Tuned Magician,Gemini Monster,WIND,Spellcaster,1800
82744076,Tuning Gum,Tuner Monster,DARK,Fiend,400
54941203,Tuning Magician,Tuner Monster,DARK,Spellcaster,0
92676637,Tuningware,Effect Monster,LIGHT,Machine,100
60187739,Turbo Booster,Effect Monster,EARTH,Machine,0
13574687,Turbo Cannon,Synchro Monster,FIRE,Machine,0
6142213,Turbo Rocket,Tuner Monster,WIND,Machine,0
67270095,Turbo Synchron,Tuner Monster,WIND,Machine,100
46195773,Turbo Warrior,Synchro Monster,WIND,Warrior,2500
16769305,Turbo-Tainted Hot Rod GT19,Flip Tuner Effect Monster,FIRE,Machine,500
88559132,Turret Warrior,Effect Monster,EARTH,Warrior,1200
72929454,Turtle Bird,Normal Monster,WATER,Aqua,1900
17441953,Turtle Raccoon,Normal Monster,WATER,Aqua,700
37313348,Turtle Tiger,Normal Monster,WATER,Aqua,1000
59053232,Turu-Purun,Normal Monster,WATER,Aqua,450
76930964,"Twilight Ninja Getsuga, the Shogun",Effect Monster,DARK,Warrior,2000
79441381,Twilight Ninja Jogen,Pendulum Effect Monster,DARK,Warrior,2000
6830480,Twilight Ninja Kagen,Pendulum Effect Monster,DARK,Warrior,0
40945356,"Twilight Ninja Nichirin, the Chunin",Effect Monster,DARK,Warrior,2300
14541657,Twilight Ninja Shingetsu,Effect Monster,DARK,Warrior,1500
92595825,Twilight Rose Black Knight,Tuner Monster,DARK,Plant,1000
2986553,Twilight Rose Knight,Tuner Monster,DARK,Warrior,1000
60589682,Twin Long Rods #1,Normal Monster,WATER,Aqua,900
29692206,Twin Long Rods #2,Normal Monster,WATER,Aqua,850
29455728,Twin Photon Lizard,Fusion Monster,LIGHT,Dragon,2400
66015185,Twin Triangle Dragon,Link Monster,DARK,Dragon,1200
70050374,Twin-Barrel Dragon,Effect Monster,DARK,Machine,1700
43586926,Twin-Headed Behemoth,Effect Monster,WIND,Dragon,1500
78984772,Twin-Headed Fire Dragon,Normal Monster,FIRE,Pyro,2200
54752875,Twin-Headed Thunder Dragon,Fusion Monster,LIGHT,Thunder,2800
88132637,Twin-Headed Wolf,Effect Monster,DARK,Fiend,1500
24025620,Twin-Shield Defender,Effect Monster,EARTH,Warrior,700
40225398,Twin-Sword Marauder,Effect Monster,DARK,Warrior,1600
82035781,Twinheaded Beast,Effect Monster,FIRE,Beast,1700
83228073,Two Thousand Needles,Effect Monster,EARTH,Beast,2000
89928517,Two-for-One Team,Effect Monster,LIGHT,Warrior,1200
94119974,Two-Headed King Rex,Normal Monster,EARTH,Dinosaur,1600
57305373,Two-Mouth Darkruler,Normal Monster,EARTH,Dinosaur,900
72842870,Tyhone,Normal Monster,WIND,Winged Beast,1200
56789759,Tyhone #2,Normal Monster,FIRE,Dragon,1700
2333365,Tyr of the Nordic Champions,Effect Monster,LIGHT,Warrior,2000
83235263,Tyranno Infinity,Effect Monster,EARTH,Dinosaur,-1
58293343,Tyrant Burst Dragon,Fusion Monster,LIGHT,Dragon,2900
94568601,Tyrant Dragon,Effect Monster,FIRE,Dragon,2900
16172067,Tyrant Red Dragon Archfiend,Synchro Monster,DARK,Dragon,3500
11819616,"Tytannial, Princess of Camellias",Effect Monster,WIND,Plant,2800
34614289,U.A. Blockbacker,Effect Monster,EARTH,Warrior,1600
71279983,U.A. Dreadnought Dunker,Effect Monster,EARTH,Warrior,2500
9485511,U.A. Goalkeeper,Effect Monster,EARTH,Warrior,1000
11637481,U.A. Libero Spiker,Effect Monster,EARTH,Warrior,1800
72491806,U.A. Midfielder,Effect Monster,EARTH,Warrior,1200
56421754,U.A. Mighty Slugger,Effect Monster,EARTH,Warrior,2300
82419869,U.A. Perfect Ace,Effect Monster,EARTH,Warrior,1500
47021196,U.A. Player Manager,Effect Monster,EARTH,Warrior,2000
98229575,U.A. Playmaker,Effect Monster,EARTH,Warrior,2600
17264592,U.A. Rival Rebounder,Effect Monster,EARTH,Warrior,2200
60806437,UFO Turtle,Effect Monster,FIRE,Machine,1400
9275482,UFOLight,Effect Monster,FIRE,Illusion,1500
7602840,UFOroid,Effect Monster,LIGHT,Machine,1200
32752319,UFOroid Fighter,Fusion Monster,LIGHT,Machine,-1
49451215,Ukanomitsune-no-Onari,Link Monster,LIGHT,Beast,1500
93413793,Ukanomitsune-no-Tamayura,Tuner Monster,LIGHT,Beast,1500
44708154,Ukiyoe-P.U.N.K. Amazing Dragon,Synchro Monster,WIND,Sea Serpent,3000
18313046,Ukiyoe-P.U.N.K. Rising Carp,Fusion Monster,WATER,Fish,1000
13258285,Ukiyoe-P.U.N.K. Sharakusai,Tuner Monster,EARTH,Psychic,1200
12652643,Ultimate Ancient Gear Golem,Fusion Monster,EARTH,Machine,4400
40101111,Ultimate Axon Kicker,Fusion Monster,LIGHT,Psychic,2900
67934141,Ultimate Baseball Kid,Effect Monster,FIRE,Warrior,500
14959144,Ultimate Bright Knight Ursatron Alpha,Effect Monster,WATER,Machine,2000
18940556,Ultimate Conductor Tyranno,Effect Monster,LIGHT,Dinosaur,3500
84544192,Ultimate Crystal Rainbow Dragon Overdrive,Fusion Monster,LIGHT,Dragon,4000
75402014,Ultimate Dragonic Utopia Ray,XYZ Monster,LIGHT,Warrior,2500
33250142,Ultimate Flagship Ursatron,Fusion Monster,WATER,Machine,2000
324483,Ultimate Flame Swordsman,Fusion Monster,FIRE,Warrior,2800
87804747,Ultimate Great Insect,Fusion Monster,EARTH,Insect,3000
49441499,Ultimate Insect LV1,Effect Monster,WIND,Insect,0
34088136,Ultimate Insect LV3,Effect Monster,WIND,Insect,1400
34830502,Ultimate Insect LV5,Effect Monster,WIND,Insect,2300
19877898,Ultimate Insect LV7,Effect Monster,WIND,Insect,2600
68679595,Ultimate Leo Utopia Ray,XYZ Monster,LIGHT,Warrior,2500
32240937,Ultimate Obedient Fiend,Effect Monster,FIRE,Fiend,3500
15894048,Ultimate Tyranno,Effect Monster,EARTH,Dinosaur,3000
1686814,Ultimaya Tzolkin,Synchro Monster,DARK,Dragon,0
50855622,Ultra Beetrooper Absolute Hercules,Fusion Monster,EARTH,Insect,4000
59708927,Umbral Horror Ghost,Effect Monster,DARK,Fiend,200
7152333,Umbral Horror Ghoul,Effect Monster,DARK,Fiend,1800
33551032,Umbral Horror Unform,Effect Monster,DARK,Fiend,0
70546737,Umbral Horror Will o' the Wisp,Effect Monster,DARK,Fiend,0
86229493,Umbral Soul,Effect Monster,DARK,Reptile,2000
59281822,Umbramirage the Elemental Lord,Effect Monster,DARK,Fiend,2800
30464153,Uminotaurus,Effect Monster,WATER,Aqua,1700
81951640,Unauthorized Bootup Device,Union Effect Monster,DARK,Machine,500
29479265,Unchained Abomination,Link Monster,DARK,Fiend,3000
24269961,Unchained Soul Lord of Yama,Link Monster,DARK,Fiend,2000
93084621,Unchained Soul of Anguish,Link Monster,DARK,Fiend,2400
89019964,Unchained Soul of Disaster,Effect Monster,DARK,Fiend,0
67680512,Unchained Soul of Rage,Link Monster,DARK,Fiend,1800
41165831,Unchained Soul of Sharvara,Effect Monster,FIRE,Fiend,2000
88554436,Unchained Soul of Shyama,Effect Monster,WATER,Fiend,2000
26236560,Unchained Twins - Aruha,Effect Monster,FIRE,Fiend,1500
53624265,Unchained Twins - Rakea,Effect Monster,WATER,Fiend,1500
31588572,Unchained Twins - Sarama,Effect Monster,DARK,Fiend,1500
8700633,Undaunted Bumpkin Beast,Effect Monster,FIRE,Beast,900
77058170,Underclock Taker,Link Monster,DARK,Cyberse,1000
63465535,Underground Arachnid,Synchro Monster,EARTH,Insect,2400
52639377,Underworld Fighter Balmung,Synchro Monster,DARK,Warrior,2100
98127546,Underworld Goddess of the Closed World,Link Monster,LIGHT,Fiend,3000
38180759,Unformed Void,XYZ Monster,LIGHT,Aqua,0
22318971,Uni-Horned Familiar,Tuner Monster,LIGHT,Beast,0
49959355,Uni-Zombie,Tuner Monster,DARK,Zombie,1300
21296383,Unibird,Effect Monster,WIND,Winged Beast,100
57308711,Unicycular,Normal Monster,EARTH,Machine,100
36318200,"Uniflora, Mystical Beast of the Forest",Effect Monster,EARTH,Beast,700
56052205,Unifrog,Effect Monster,WATER,Aqua,400
83152482,Union Carrier,Link Monster,LIGHT,Machine,1000
2133971,Union Controller,Fusion Monster,LIGHT,Machine,2200
99249638,Union Driver,Union Effect Monster,LIGHT,Machine,2100
89357740,Union Pilot,Union Effect Monster,LIGHT,Machine,2100
11743119,Union Rider,Effect Monster,WIND,Machine,1000
85936485,United Resistance,Normal Monster,WIND,Thunder,1000
15310033,Unknown Synchron,Tuner Monster,DARK,Machine,0
97360116,Unknown Warrior of Fiend,Normal Monster,DARK,Warrior,1000
24218047,Unmasked Dragon,Effect Monster,FIRE,Wyrm,1400
92084010,Unshaven Angler,Effect Monster,WATER,Fish,1500
88093706,Update Jammer,Link Monster,WIND,Cyberse,2000
58911105,Upstart Golden Ninja,Effect Monster,LIGHT,Warrior,500
1784619,Uraby,Normal Monster,EARTH,Dinosaur,1500
6007213,"Uria, Lord of Searing Flames",Effect Monster,FIRE,Pyro,0
80086070,Ursarctic Grand Chariot,Synchro Monster,WATER,Beast-Warrior,2700
81108658,Ursarctic Megabilis,Tuner Monster,WATER,Beast-Warrior,2800
28715905,Ursarctic Megapolar,Tuner Monster,WATER,Beast-Warrior,2500
54700519,Ursarctic Megatanus,Tuner Monster,WATER,Beast-Warrior,2400
81321206,Ursarctic Mikbilis,Effect Monster,WATER,Beast,700
29537493,Ursarctic Mikpolar,Effect Monster,WATER,Beast,700
55936191,Ursarctic Miktanus,Effect Monster,WATER,Beast,700
62714453,Ursarctic Polar Star,Synchro Monster,WATER,Machine,700
27693363,Ursarctic Polari,Synchro Monster,WATER,Beast,700
53087962,Ursarctic Septentrion,Synchro Monster,WATER,Beast-Warrior,3000
47077697,"Urubonus, the Avatar of Malice",Effect Monster,DARK,Reptile,2000
48649353,Ushi Oni,Normal Monster,DARK,Fiend,2150
744887,"Utgarda, Generaider Boss of Delusion",Effect Monster,LIGHT,Rock,2200
8512558,Utopic Onomatopoeia,Effect Monster,LIGHT,Warrior,1500
57566760,Uzuhime the Manifested Mikanko,XYZ Monster,LIGHT,Fairy,0
33725002,V Salamander,Effect Monster,FIRE,Spellcaster,1500
13536606,V-LAN Hydra,Link Monster,LIGHT,Cyberse,1900
51638941,V-Tiger Jet,Normal Monster,LIGHT,Machine,1600
9839115,Vagnawa the Moon-Eating Dragon,Synchro Monster,DARK,Dragon,1500
61272280,"Vahram, the Magistus Divinity Dragon",Synchro Monster,FIRE,Dragon,2500
91749600,"Vala, Seidhr of the Generaider Bosses",Effect Monster,FIRE,Fairy,2500
24096499,"Valerifawn, Mystical Beast of the Forest",Tuner Monster,EARTH,Beast,400
23672629,Valiant Shark Lancer,XYZ Monster,WATER,Beast-Warrior,2500
99348756,Valkyrian Knight,Effect Monster,FIRE,Warrior,1900
2204038,Valkyrie Brunhilde,Effect Monster,LIGHT,Fairy,1800
19190082,Valkyrie Chariot,Union Effect Monster,WIND,Fairy,500
3026686,Valkyrie Dritte,Effect Monster,LIGHT,Fairy,1000
83705073,Valkyrie Erda,Effect Monster,LIGHT,Fairy,2000
66809920,Valkyrie Erste,Effect Monster,LIGHT,Fairy,1600
46701379,Valkyrie Funfte,Effect Monster,LIGHT,Fairy,800
40844552,Valkyrie of the Nordic Ascendant,Tuner Monster,LIGHT,Fairy,400
44163252,Valkyrie Sechste,Effect Monster,LIGHT,Fairy,0
97854941,Valkyrie Sigrun,Effect Monster,LIGHT,Fairy,2200
81558967,Valkyrie Vierte,Effect Monster,LIGHT,Fairy,1400
30411385,Valkyrie Zweite,Effect Monster,LIGHT,Fairy,1600
75347539,Valkyrion the Magna Warrior,Effect Monster,EARTH,Rock,3500
40673853,"Vallon, the Super Psy Skyblaster",XYZ Monster,DARK,Psychic,2500
56387350,Vampire Baby,Effect Monster,DARK,Zombie,700
36352429,Vampire Dragon,Effect Monster,DARK,Zombie,2400
58947797,Vampire Duke,Effect Monster,DARK,Zombie,2000
34250214,Vampire Familiar,Effect Monster,DARK,Zombie,500
72860663,Vampire Fascinator,Link Monster,DARK,Zombie,2400
6039967,Vampire Fraulein,Effect Monster,DARK,Zombie,600
22056710,Vampire Genesis,Effect Monster,DARK,Zombie,3000
90299015,Vampire Ghost,Effect Monster,DARK,Zombie,1500
40607210,Vampire Grace,Effect Monster,DARK,Zombie,2000
33438666,Vampire Grimson,Effect Monster,DARK,Zombie,2000
80485722,Vampire Hunter,Effect Monster,DARK,Warrior,1600
26495087,Vampire Lady,Effect Monster,DARK,Zombie,1550
53839837,Vampire Lord,Effect Monster,DARK,Zombie,2000
6917479,Vampire Red Baron,Effect Monster,DARK,Zombie,2400
70645913,Vampire Retainer,Effect Monster,DARK,Zombie,1200
79523365,Vampire Scarlet Scourge,Effect Monster,DARK,Zombie,2200
88728507,Vampire Sorcerer,Effect Monster,DARK,Zombie,1500
37129797,Vampire Sucker,Link Monster,DARK,Zombie,1600
82962242,Vampire Vamp,Effect Monster,DARK,Zombie,2000
4918855,Vampire Voivode,Effect Monster,DARK,Zombie,2800
34294855,Vampire's Curse,Effect Monster,DARK,Zombie,2000
1371589,Vampiric Koala,Effect Monster,EARTH,Beast,1800
46571052,Vampiric Orchis,Effect Monster,EARTH,Plant,1700
24857466,Van'Dalgyon the Dark Dragon Lord,Effect Monster,DARK,Dragon,2800
61777313,Vanadis of the Nordic Ascendant,Tuner Monster,DARK,Fairy,1200
77135531,Vanguard of the Dragon,Effect Monster,EARTH,Dragon,1700
84366728,Vanguard of the Underground Emperor,Effect Monster,EARTH,Reptile,2600
47084486,Vanity's Fiend,Effect Monster,DARK,Fiend,2400
72634965,Vanity's Ruler,Effect Monster,LIGHT,Fairy,2500
91073013,Vanquish Soul Caesar Valius,Effect Monster,EARTH,Dragon,3000
29280200,Vanquish Soul Dr. Mad Love,Effect Monster,DARK,Fiend,1200
92895501,Vanquish Soul Heavy Borger,Effect Monster,DARK,Machine,2500
93156774,Vanquish Soul Hollie Sue,Effect Monster,EARTH,Psychic,500
9091064,Vanquish Soul Jiaolong,Effect Monster,FIRE,Wyrm,2400
66401502,Vanquish Soul Pantera,Effect Monster,EARTH,Beast-Warrior,1700
55688914,Vanquish Soul Pluton HG,Effect Monster,FIRE,Zombie,0
29302858,Vanquish Soul Razen,Effect Monster,FIRE,Warrior,1800
77894049,Vanquish Soul Rocks,XYZ Monster,DARK,Pyro,2000
1340142,"Varar, Vaalmonican Concord",Link Monster,WATER,Spellcaster,3000
70636044,"Varudras, the Final Bringer of the End Times",XYZ Monster,DARK,Wyrm,3000
14418464,Vaylantz Buster Baron,Pendulum Effect Monster,FIRE,Machine,800
13291886,Vaylantz Dominator Duke,Pendulum Effect Monster,FIRE,Machine,2000
76075139,Vaylantz Genesis Grand Duke,Pendulum Effect Fusion Monster,FIRE,Machine,2500
87897777,Vaylantz Mad Marquess,Pendulum Effect Monster,FIRE,Machine,1700
41802073,Vaylantz Voltage Viscount,Pendulum Effect Monster,FIRE,Machine,1400
69512157,"Vector Pendulum, the Dracoverlord",Pendulum Normal Monster,DARK,Dragon,1850
13452889,Vector Scare Archfiend,Link Monster,DARK,Cyberse,2400
27015862,Veda Kalanta,Effect Monster,DARK,Warrior,2500
40785230,Veda Kalarcanum,Pendulum Effect Monster,DARK,Warrior,0
8540986,Veidos the Dragon of Endless Darkness,Fusion Monster,DARK,Pyro,3000
78783557,Veidos the Eruption Dragon of Extinction,Effect Monster,DARK,Pyro,2800
613013,Veiss Shark,Effect Monster,WATER,Fish,1800
70491682,Vendread Anima,Effect Monster,DARK,Zombie,0
3909436,Vendread Battlelord,Ritual Effect Monster,DARK,Zombie,2700
13482075,Vendread Chimera,Ritual Effect Monster,DARK,Zombie,2300
49394035,Vendread Core,Effect Monster,DARK,Zombie,0
67267333,Vendread Houndhorde,Effect Monster,DARK,Zombie,0
31772684,Vendread Revenants,Effect Monster,DARK,Zombie,1800
29348048,Vendread Scavenger,Ritual Effect Monster,DARK,Zombie,2800
49477180,Vendread Striges,Effect Monster,DARK,Zombie,500
26046205,Vengeful Shinobi,Effect Monster,DARK,Warrior,400
66100116,Vengeful Witch,Effect Monster,DARK,Plant,1100
8062132,Vennominaga the Deity of Poisonous Snakes,Effect Monster,DARK,Reptile,0
72677437,Vennominon the King of Poisonous Snakes,Effect Monster,DARK,Reptile,0
10441498,"Vennu, Bright Bird of Divinity",Ritual Effect Monster,LIGHT,Fairy,2800
9284723,Venom Boa,Effect Monster,EARTH,Reptile,1600
22499463,Venom Cobra,Normal Monster,EARTH,Reptile,100
36278828,Venom Serpent,Effect Monster,DARK,Reptile,1000
73899015,Venom Snake,Effect Monster,EARTH,Reptile,1200
93298460,"Ventdra, the Empowered Warrior",Effect Monster,WIND,Warrior,2000
55125728,Vera the Vernusylph Goddess,Effect Monster,EARTH,Fairy,2400
66698383,Vermillion Dragon Mech,Synchro Monster,FIRE,Machine,2700
35752363,Vermillion Sparrow,Fusion Monster,FIRE,Pyro,1900
36745317,Vernusylph of the Awakening Forests,Effect Monster,EARTH,Fairy,900
9350312,Vernusylph of the Flourishing Hills,Effect Monster,EARTH,Fairy,200
62133026,Vernusylph of the Flowering Fields,Effect Monster,EARTH,Fairy,600
81519836,Vernusylph of the Misting Seedlings,Effect Monster,EARTH,Fairy,400
9238125,Vernusylph of the Thawing Mountains,Effect Monster,EARTH,Fairy,1100
50259460,Versago the Destroyer,Effect Monster,DARK,Fiend,1100
10642488,Vic Viper T301,Effect Monster,LIGHT,Machine,1200
78910832,Vic Viper Type-L,Effect Monster,LIGHT,Machine,1200
43014054,Vice Berserker,Effect Monster,DARK,Fiend,1000
54343893,Vice Dragon,Effect Monster,DARK,Dragon,2000
65815684,Vicious Astraloud,Fusion Monster,DARK,Fairy,3000
75162696,Victoria,Effect Monster,LIGHT,Fairy,1800
79928401,"Victorica, Angel of Bravery",Effect Monster,LIGHT,Fairy,1400
93130021,Victory Viper XX03,Effect Monster,LIGHT,Machine,1200
15610297,Vijam the Cubic Seed,Effect Monster,DARK,Fiend,0
73219648,Vilepawn Archfiend,Effect Monster,EARTH,Fiend,1200
73483491,Vindikite R-Genex,Synchro Monster,WIND,Machine,2400
94042337,Violent Rain,Normal Monster,WATER,Aqua,1550
62379337,Violet Witch,Effect Monster,DARK,Spellcaster,1100
601193,"Virgil, Rock Star of the Burning Abyss",Synchro Monster,LIGHT,Spellcaster,2500
35252119,Virtual World Beast - Jiujiu,Synchro Monster,WIND,Psychic,2400
61641818,Virtual World Dragon - Longlong,XYZ Monster,EARTH,Wyrm,2400
8736823,Virtual World Hime - Nyannyan,Effect Monster,WIND,Psychic,1500
49966326,Virtual World Kirin - Lili,Effect Monster,EARTH,Wyrm,1800
92519087,Virtual World Kyubi - Shenshen,Synchro Monster,WIND,Psychic,2800
49088914,Virtual World Mai-Hime - Lulu,Tuner Monster,WIND,Psychic,1600
20799347,Virtual World Oto-Hime - Toutou,Effect Monster,EARTH,Wyrm,1200
27069566,Virtual World Phoenix - Fanfan,XYZ Monster,EARTH,Wyrm,2600
86483512,Virtual World Roshi - Laolao,Tuner Monster,WIND,Psychic,0
90664857,Virtual World Shell - Jaja,XYZ Monster,EARTH,Wyrm,1000
95243515,Virtual World Tiger - Fufu,XYZ Monster,EARTH,Wyrm,2600
12571621,Virtual World Xiezhi - Jiji,Effect Monster,EARTH,Wyrm,1000
821049,Visas Amritara,Synchro Tuner Monster,LIGHT,Warrior,2500
14391625,Visas Samsara,Tuner Monster,LIGHT,Fairy,1500
56099748,Visas Starfrost,Tuner Monster,LIGHT,Warrior,2100
56043447,Viser Des,Effect Monster,DARK,Fiend,500
78556320,Vishwar Randi,Normal Monster,DARK,Warrior,900
45170821,Vision HERO Adoration,Fusion Monster,DARK,Warrior,2800
18094166,Vision HERO Faris,Effect Monster,DARK,Warrior,1600
54185227,Vision HERO Gravito,Effect Monster,DARK,Warrior,500
22865492,Vision HERO Increase,Effect Monster,DARK,Warrior,900
61320914,Vision HERO Minimum Ray,Effect Monster,DARK,Warrior,1200
96693371,Vision HERO Multiply Guy,Effect Monster,DARK,Warrior,800
83414006,Vision HERO Poisoner,Effect Monster,DARK,Warrior,900
46759931,Vision HERO Trinity,Fusion Monster,DARK,Warrior,2500
27780618,Vision HERO Vyon,Effect Monster,DARK,Warrior,1000
82697428,Vision HERO Witch Raider,Effect Monster,DARK,Warrior,2700
98396890,Vision Resonator,Tuner Monster,DARK,Fiend,400
52575195,Vivid Knight,Effect Monster,LIGHT,Beast-Warrior,1700
81020646,Void Ogre Dragon,Synchro Monster,DARK,Dragon,3000
38026562,Vola-Chemicritter Methydraco,XYZ Monster,FIRE,Beast-Warrior,3000
81020140,Volcanic Blaster,Effect Monster,FIRE,Pyro,1200
66436257,Volcanic Counter,Effect Monster,FIRE,Pyro,300
32543380,Volcanic Doomfire,Effect Monster,FIRE,Pyro,3000
46412900,Volcanic Emperor,Effect Monster,FIRE,Pyro,3100
54514594,Volcanic Hammerer,Effect Monster,FIRE,Pyro,2400
63014935,Volcanic Queen,Effect Monster,FIRE,Pyro,2500
33112041,Volcanic Rat,Normal Monster,FIRE,Pyro,500
59805313,Volcanic Rimfire,Effect Monster,FIRE,Pyro,300
76459806,Volcanic Rocket,Effect Monster,FIRE,Pyro,1900
69750546,Volcanic Scattershot,Effect Monster,FIRE,Pyro,500
33365932,Volcanic Shell,Effect Monster,FIRE,Pyro,100
17415895,Volcanic Slicer,Effect Monster,FIRE,Pyro,1800
22411609,Volcanic Trooper,Effect Monster,FIRE,Pyro,1000
38694052,"Voloferniges, the Darkest Dragon Doomrider",XYZ Monster,DARK,Dragon,2500
20951752,Voltanis the Adjudicator,Effect Monster,LIGHT,Fairy,2800
18585765,Voltester,Effect Monster,DARK,Thunder,2500
13995824,Voltic Bicorn,Synchro Monster,LIGHT,Beast,2500
93151201,Voltic Kong,Effect Monster,LIGHT,Beast,1800
14898066,Vorse Raider,Normal Monster,DARK,Beast-Warrior,1900
25373678,Vortex the Whirlwind,Synchro Monster,WIND,Winged Beast,2100
7736719,Vortex Trooper,Effect Monster,WIND,Aqua,0
739444,Vorticular Drumgon,Link Monster,DARK,Dragon,1000
75311421,Votis,Effect Monster,DARK,Fiend,1700
36974120,"Vouiburial, the Dragon Undertaker",Effect Monster,DARK,Illusion,3000
77387463,Vulcan Dragni the Cubic King,Effect Monster,FIRE,Fairy,0
98012938,Vulcan the Divine,Synchro Monster,FIRE,Beast-Warrior,2000
58354899,Vulcarrion the Rotting Phoenix,Tuner Monster,DARK,Zombie,1600
93683815,"Vulmina, Statue of the Sacred Dragon",Pendulum Effect Monster,LIGHT,Dragon,200
58859575,VW-Tiger Catapult,Fusion Monster,LIGHT,Machine,2000
84243274,VWXYZ-Dragon Catapult Cannon,Fusion Monster,LIGHT,Machine,3000
56768355,Vylon Alpha,Synchro Monster,LIGHT,Machine,2200
13220032,Vylon Charger,Effect Monster,LIGHT,Fairy,1000
41431329,Vylon Cube,Tuner Monster,LIGHT,Machine,800
45215453,Vylon Delta,Synchro Monster,LIGHT,Fairy,1700
39987164,Vylon Disigma,XYZ Monster,LIGHT,Fairy,2500
75779210,Vylon Epsilon,Synchro Monster,LIGHT,Fairy,2800
168917,Vylon Hept,Effect Monster,LIGHT,Fairy,1800
5237827,Vylon Ohm,Effect Monster,LIGHT,Fairy,1500
93157004,Vylon Omega,Synchro Monster,LIGHT,Fairy,3200
47228077,Vylon Pentachloro,Union Effect Monster,LIGHT,Machine,500
74064212,Vylon Prism,Tuner Monster,LIGHT,Thunder,1500
48370501,Vylon Sigma,Synchro Monster,LIGHT,Fairy,1800
40619741,Vylon Soldier,Effect Monster,LIGHT,Fairy,1700
75886890,Vylon Sphere,Tuner Monster,LIGHT,Machine,400
38679204,Vylon Stella,Tuner Monster,LIGHT,Fairy,1400
10712320,Vylon Stigma,Effect Monster,LIGHT,Fairy,1600
84313685,Vylon Tesseract,Union Effect Monster,LIGHT,Machine,800
1281505,Vylon Tetra,Tuner Monster,LIGHT,Machine,900
87836938,Vylon Vanguard,Effect Monster,LIGHT,Fairy,1400
96300057,W-Wing Catapult,Union Effect Monster,LIGHT,Machine,1300
4993187,W:P Fancy Ball,Link Monster,DARK,Cyberse,2400
32828466,Wake Up Your Elemental HERO,Fusion Monster,LIGHT,Warrior,2500
13945283,Wall of Illusion,Effect Monster,DARK,Fiend,1000
30069398,Wall of Ivy,Flip Effect Monster,EARTH,Plant,300
63162310,Wall Shadow,Effect Monster,DARK,Warrior,1600
2563463,Wandering Gryphon Rider,Effect Monster,WIND,Winged Beast,2000
52589809,Wandering King Wildwind,Effect Monster,DARK,Fiend,1700
42994702,Wandering Mummy,Effect Monster,EARTH,Zombie,1500
43363035,Wandering Titan of Tartarus,Effect Monster,EARTH,Zombie,2600
3248469,Wannabee!,Effect Monster,LIGHT,Insect,0
18558867,War Rock Bashileos,Effect Monster,EARTH,Warrior,2700
83286340,War Rock Fortia,Effect Monster,EARTH,Warrior,1700
19771459,War Rock Gactos,Effect Monster,EARTH,Warrior,1900
84903021,War Rock Mammud,Effect Monster,EARTH,Warrior,2000
10497636,War Rock Meteoragon,Effect Monster,EARTH,Warrior,2600
46169154,War Rock Orpis,Effect Monster,EARTH,Warrior,2100
72554862,War Rock Skyler,Effect Monster,EARTH,Warrior,2200
47504322,War Rock Wento,Effect Monster,EARTH,Warrior,1800
18482591,Warlock of the Ice Barrier,Effect Monster,WATER,Spellcaster,400
16751086,Warm Worm,Effect Monster,FIRE,Insect,600
75953262,Warrior Dai Grepher,Normal Monster,EARTH,Warrior,1700
5438492,Warrior Lady of the Wasteland,Effect Monster,EARTH,Warrior,1100
43797906,Warrior of Atlantis,Effect Monster,WATER,Aqua,1900
56413937,Warrior of Tradition,Fusion Monster,EARTH,Warrior,1900
66073051,Warrior of Zera,Normal Monster,EARTH,Warrior,1600
87774234,Watapon,Effect Monster,LIGHT,Fairy,200
70975131,Watch Cat,Effect Monster,EARTH,Beast,0
86889202,Watch Dog,Effect Monster,FIRE,Pyro,0
85066822,Water Dragon,Effect Monster,WATER,Sea Serpent,2800
6022371,Water Dragon Cluster,Effect Monster,WATER,Sea Serpent,2800
3732747,Water Element,Normal Monster,WATER,Aqua,900
30680659,Water Enchantress of the Temple,Effect Monster,WATER,Spellcaster,1500
55014050,Water Girl,Normal Monster,WATER,Aqua,1250
37061511,Water Leviathan @Ignister,Ritual Effect Monster,WATER,Cyberse,2300
93343894,Water Magician,Normal Monster,WATER,Aqua,1400
2483611,Water Omotics,Normal Monster,WATER,Aqua,1400
487395,Water Spirit,Normal Tuner Monster,WATER,Aqua,400
66836598,Waterdragon Fairy,Normal Monster,WATER,Aqua,1100
87151205,Wattaildragon,Normal Monster,LIGHT,Dragon,2500
5554990,Wattberyx,Tuner Monster,LIGHT,Thunder,300
18407024,Wattbetta,Tuner Monster,LIGHT,Thunder,100
2772236,Wattchimera,Synchro Monster,LIGHT,Thunder,1400
88205593,Wattcobra,Effect Monster,LIGHT,Thunder,1000
97885363,Wattdragonfly,Effect Monster,LIGHT,Thunder,900
46897277,Wattfox,Tuner Monster,LIGHT,Thunder,800
402568,Wattgiraffe,Effect Monster,LIGHT,Thunder,1200
61380658,Watthopper,Effect Monster,LIGHT,Thunder,0
29765339,Watthydra,Synchro Monster,LIGHT,Thunder,1500
27324313,Wattkid,Normal Monster,LIGHT,Thunder,1000
88392300,Wattkinetic Puppeteer,Effect Monster,LIGHT,Psychic,1800
24996659,Wattkiwi,Tuner Monster,LIGHT,Thunder,600
67752972,Wattkyuki,Synchro Monster,LIGHT,Thunder,1600
45801022,Wattlemur,Effect Monster,LIGHT,Thunder,800
32548609,Wattmole,Effect Monster,LIGHT,Thunder,0
81896771,Wattpheasant,Effect Monster,LIGHT,Thunder,1000
23274061,Wattsquirrel,Effect Monster,LIGHT,Thunder,700
81028112,Wattsychic Fighter,Effect Monster,LIGHT,Psychic,1500
10113611,Wattuna,Tuner Monster,LIGHT,Thunder,800
12296376,Wattwoodpecker,Effect Monster,LIGHT,Thunder,1000
37243151,Weather Control,Normal Monster,LIGHT,Fairy,600
72053645,Weather Report,Flip Effect Monster,WATER,Aqua,950
23147658,Weathering Soldier,Effect Monster,EARTH,Rock,2000
71384012,Wee Witch's Apprentice,Link Monster,DARK,Spellcaster,1400
81005500,"Ween, the Spirit of Treats",Effect Monster,LIGHT,Zombie,0
5763020,Weeping Idol,Effect Monster,DARK,Rock,0
96576187,"Weiss, Lightsworn Archfiend",Tuner Monster,LIGHT,Fiend,0
96643568,Wetha,Normal Monster,WATER,Aqua,1000
65961085,Wheel of Prophecy,Effect Monster,DARK,Spellcaster,2700
60283232,Wheel Synchron,Tuner Monster,LIGHT,Machine,800
91996584,Whiptail Crow,Normal Monster,DARK,Fiend,1650
15090429,Whirlwind Prodigy,Effect Monster,WIND,Fairy,1500
93730409,Whirlwind Weasel,Flip Effect Monster,WIND,Beast,500
89907227,White Aura Bihamut,Synchro Monster,WATER,Fish,3300
78229193,White Aura Dolphin,Synchro Monster,WATER,Fish,2400
63731062,White Aura Monoceros,Synchro Monster,WATER,Fish,2500
46956301,White Aura Porpoise,Synchro Monster,WATER,Fish,2000
5614808,White Aura Whale,Synchro Monster,WATER,Fish,2800
92409659,White Dolphin,Normal Monster,WATER,Fish,500
99212922,White Dragon Ninja,Effect Monster,LIGHT,Dragon,2700
99234526,White Dragon Wyverburster,Effect Monster,LIGHT,Dragon,1700
3557275,White Duston,Normal Monster,LIGHT,Fiend,0
40352445,White Knight of Dogmatika,Ritual Effect Monster,LIGHT,Spellcaster,500
15150365,White Magical Hat,Effect Monster,LIGHT,Spellcaster,1000
81383947,White Magician Pikeru,Effect Monster,LIGHT,Spellcaster,1200
32825095,White Moray,Effect Monster,WATER,Fish,600
79473793,White Night Dragon,Effect Monster,WATER,Dragon,3000
20193924,White Night Queen,Effect Monster,LIGHT,Fairy,2100
1571945,White Ninja,Flip Effect Monster,LIGHT,Warrior,1500
98024118,White Potan,Effect Monster,LIGHT,Fairy,100
48654323,White Relic of Dogmatika,Ritual Effect Monster,LIGHT,Spellcaster,500
12213463,White Rose Dragon,Effect Monster,DARK,Dragon,1200
98684051,White Sardine,Effect Monster,WATER,Fish,800
11426487,White Steed of the Floral Knights,Effect Monster,WIND,Beast,2400
49930315,White Stingray,Effect Monster,WATER,Fish,1400
52596406,White Sunfish,Effect Monster,WATER,Fish,1200
28348939,White Tiger Summoner,Effect Monster,EARTH,Spellcaster,1000
11067666,White Wing Magician,Pendulum Tuner Effect Monster,WIND,Spellcaster,1600
73891874,White-Horned Dragon,Effect Monster,DARK,Dragon,2200
31374201,"Whitebeard, the Plunder Patroll Helm",Tuner Monster,WATER,Fiend,1500
27103517,Wicked Acolyte Chilam Sabak,Effect Monster,DARK,Reptile,2500
2957055,Wicked Dragon with the Ersatz Head,Normal Monster,WIND,Dragon,900
81476402,Wicked Serpent Night Dragon,Effect Monster,DARK,Dragon,2350
10705656,Widget Kid,Effect Monster,EARTH,Cyberse,1500
6128460,Wightbaking,Effect Monster,DARK,Zombie,300
22970795,Wightlord,Effect Monster,LIGHT,Zombie,300
22339232,Wightmare,Effect Monster,DARK,Zombie,300
57473560,Wightprince,Effect Monster,DARK,Zombie,0
90243945,Wightprincess,Effect Monster,LIGHT,Zombie,1600
92391084,Wilmee,Normal Monster,EARTH,Beast,1000
99865167,Wind Effigy,Effect Monster,WIND,Winged Beast,1800
98506199,Wind Pegasus @Ignister,Synchro Monster,WIND,Cyberse,2300
77334267,Wind-Up Arsenal Zenmaioh,XYZ Monster,WIND,Machine,2600
42328171,Wind-Up Bat,Effect Monster,WIND,Machine,300
81122844,Wind-Up Carrier Zenmaity,XYZ Monster,WATER,Machine,1500
12076263,Wind-Up Dog,Effect Monster,EARTH,Beast,1200
93451636,Wind-Up Honeybee,Effect Monster,EARTH,Insect,100
16923472,Wind-Up Hunter,Effect Monster,DARK,Beast-Warrior,1600
85682655,Wind-Up Juggler,Effect Monster,WIND,Psychic,1700
25716180,Wind-Up Kitten,Effect Monster,EARTH,Beast,800
80538728,Wind-Up Knight,Effect Monster,LIGHT,Warrior,1800
59297550,Wind-Up Magician,Effect Monster,FIRE,Spellcaster,600
42874792,Wind-Up Rabbit,Effect Monster,EARTH,Beast-Warrior,1400
57962537,Wind-Up Rat,Effect Monster,EARTH,Beast,600
25484449,Wind-Up Shark,Effect Monster,WATER,Fish,1500
58475908,Wind-Up Snail,Effect Monster,WATER,Aqua,100
12299841,Wind-Up Soldier,Effect Monster,EARTH,Warrior,1800
53540729,Wind-Up Warrior,Effect Monster,EARTH,Warrior,1200
78156759,Wind-Up Zenmaines,XYZ Monster,FIRE,Machine,1500
1735088,Wind-Up Zenmaintenance,Link Monster,LIGHT,Machine,1800
68597372,Wind-Up Zenmaister,XYZ Monster,EARTH,Machine,1900
54455435,"Winda, Priestess of Gusto",Effect Monster,WIND,Psychic,1000
27944249,"Windaar, Sage of Gusto",Effect Monster,WIND,Psychic,2000
43925870,Windmill Genex,Synchro Monster,WIND,Machine,2000
53027855,Windrose the Elemental Lord,Effect Monster,WIND,Winged Beast,2800
84851250,Windwitch - Blizzard Bell,Tuner Monster,WIND,Spellcaster,1800
25793414,Windwitch - Crystal Bell,Fusion Monster,WIND,Spellcaster,2800
73667937,Windwitch - Diamond Bell,Synchro Monster,WIND,Spellcaster,2800
20246864,Windwitch - Freeze Bell,Effect Monster,WIND,Spellcaster,1200
71007216,Windwitch - Glass Bell,Tuner Monster,WIND,Spellcaster,1500
43722862,Windwitch - Ice Bell,Effect Monster,WIND,Spellcaster,1000
70117860,Windwitch - Snow Bell,Tuner Monster,WIND,Spellcaster,100
14577226,Windwitch - Winter Bell,Synchro Monster,WIND,Spellcaster,2400
47319141,Wing Eagle,Normal Monster,WIND,Winged Beast,1800
98582704,Wing Egg Elf,Normal Monster,LIGHT,Fairy,500
39175982,Winged Cleaver,Normal Monster,EARTH,Insect,700
87796900,"Winged Dragon, Guardian of the Fortress #1",Normal Monster,WIND,Dragon,1400
57405307,"Winged Dragon, Guardian of the Fortress #2",Normal Monster,WIND,Winged Beast,1200
42418084,Winged Egg of New Life,Normal Monster,LIGHT,Fairy,1400
57116033,Winged Kuriboh,Effect Monster,LIGHT,Fairy,300
98585345,Winged Kuriboh LV10,Effect Monster,LIGHT,Fairy,300
48486809,Winged Kuriboh LV6,Effect Monster,LIGHT,Fairy,300
33776734,Winged Kuriboh LV9,Effect Monster,LIGHT,Fairy,-1
89258225,Winged Minion,Effect Monster,DARK,Fiend,700
18430390,Winged Rhynos,Effect Monster,WIND,Beast-Warrior,1800
87523462,Winged Sage Falcos,Effect Monster,WIND,Winged Beast,1700
92944626,Wings of Wicked Flame,Normal Monster,FIRE,Pyro,700
10132124,Wingtortoise,Effect Monster,WIND,Aqua,1500
31447217,Wingweaver,Normal Monster,LIGHT,Fairy,2750
72714461,Wisdom-Eye Magician,Pendulum Effect Monster,LIGHT,Spellcaster,1500
64583600,Wish Dragon,Effect Monster,LIGHT,Dragon,700
75946257,Witch Doctor of Chaos,Flip Effect Monster,DARK,Spellcaster,500
30525991,Witch Doctor of Sparta,Effect Monster,EARTH,Spellcaster,400
78010363,Witch of the Black Forest,Effect Monster,DARK,Spellcaster,1100
17720747,Witch of the Black Rose,Tuner Monster,DARK,Spellcaster,1700
80741828,Witch's Apprentice,Effect Monster,DARK,Spellcaster,550
58139997,Witchcrafter Edel,Effect Monster,LIGHT,Spellcaster,2000
64756282,Witchcrafter Genni,Effect Monster,WIND,Spellcaster,300
71074418,Witchcrafter Golem Aruru,Effect Monster,LIGHT,Spellcaster,2800
84523092,Witchcrafter Haine,Effect Monster,DARK,Spellcaster,2400
21522601,Witchcrafter Madame Verre,Effect Monster,LIGHT,Spellcaster,1000
95245544,Witchcrafter Pittore,Effect Monster,WATER,Spellcaster,1000
59851535,Witchcrafter Potterie,Effect Monster,EARTH,Spellcaster,0
21744288,Witchcrafter Schmietta,Effect Monster,FIRE,Spellcaster,1800
9603252,Witchcrafter Vice-Madame,Fusion Monster,DARK,Spellcaster,2700
36304921,Witty Phantom,Normal Monster,DARK,Fiend,1400
1527418,"Wiz, Sage Fur Hire",Effect Monster,WATER,Spellcaster,1600
3723262,Wizard @Ignister,Effect Monster,DARK,Cyberse,1800
2602411,Wizard Buster Destruction Sword,Effect Monster,DARK,Spellcaster,1200
42883273,Wodan the Resident of the Forest,Effect Monster,EARTH,Warrior,900
49417509,Wolf,Normal Monster,EARTH,Beast,1200
56369281,Wolf Axwielder,Normal Monster,EARTH,Beast-Warrior,1650
45935145,"Wollow, Founder of the Drudge Dragons",XYZ Monster,DARK,Zombie,2400
17832359,"Wonko, Noble Knight of the Forest",Effect Monster,LIGHT,Beast,1100
47195442,Wonky Quartet,XYZ Monster,EARTH,Beast,0
17511156,Wood Clown,Normal Monster,EARTH,Warrior,800
17733394,Wood Remains,Normal Monster,DARK,Zombie,1000
35322812,Woodborg Inpachi,Normal Monster,FIRE,Machine,500
9848939,Woodland Archer,Effect Monster,EARTH,Beast-Warrior,1400
6979239,Woodland Sprite,Effect Monster,EARTH,Plant,900
44928016,World Carrotweight Champion,Effect Monster,DARK,Plant,1900
84899094,World Chalice Guardragon,Effect Monster,WIND,Dragon,400
95793022,World Chalice Guardragon Almarduke,Fusion Monster,WIND,Dragon,3000
57282724,World Gears of Theurlogical Demiurgy,Link Monster,DARK,Cyberse,3500
42388271,"World Legacy - ""World Ark""",Effect Monster,DARK,Machine,2500
83477829,"World Legacy - ""World Armor""",Effect Monster,DARK,Machine,2500
57288708,"World Legacy - ""World Chalice""",Effect Monster,DARK,Machine,0
27918365,"World Legacy - ""World Crown""",Effect Monster,DARK,Machine,2000
40441990,"World Legacy - ""World Key""",Effect Monster,DARK,Machine,0
46647144,"World Legacy - ""World Lance""",Effect Monster,DARK,Machine,3000
55787576,"World Legacy - ""World Shield""",Effect Monster,DARK,Machine,0
93920420,"World Legacy - ""World Wand""",Effect Monster,DARK,Machine,500
35183584,World Legacy Guardragon Mardark,Effect Monster,WIND,Dragon,2600
29146185,World of Prophecy,Effect Monster,LIGHT,Spellcaster,2900
15079028,World Soul - Carbon,Effect Monster,EARTH,Fairy,0
45112597,Worldsea Dragon Zealantis,Link Monster,WATER,Sea Serpent,2500
88650530,Worm Apocalypse,Flip Effect Monster,LIGHT,Reptile,300
15658249,Worm Barses,Effect Monster,LIGHT,Reptile,1400
51043243,Worm Cartaros,Flip Effect Monster,LIGHT,Reptile,1200
88438982,Worm Dimikles,Flip Effect Monster,LIGHT,Reptile,1700
73216412,Worm Drake,Normal Monster,EARTH,Reptile,1400
14936691,Worm Erokin,Effect Monster,LIGHT,Reptile,2400
58760121,Worm Falco,Flip Effect Monster,LIGHT,Reptile,500
85754829,Worm Gulse,Effect Monster,LIGHT,Reptile,1500
11159464,Worm Hope,Flip Effect Monster,LIGHT,Reptile,800
57543573,Worm Illidan,Effect Monster,LIGHT,Reptile,2000
84932271,Worm Jetelikpse,Flip Effect Monster,LIGHT,Reptile,1200
10026986,Worm King,Effect Monster,LIGHT,Reptile,2700
44811425,Worm Linx,Flip Effect Monster,LIGHT,Reptile,300
71315423,Worm Millidith,Flip Effect Monster,LIGHT,Reptile,400
7700132,Worm Noble,Flip Effect Monster,LIGHT,Reptile,1500
28465301,Worm Opera,Flip Effect Monster,LIGHT,Reptile,400
54860010,Worm Prince,Effect Monster,LIGHT,Reptile,2200
81254059,Worm Queen,Effect Monster,LIGHT,Reptile,2700
17649753,Worm Rakuyeh,Effect Monster,LIGHT,Reptile,2100
3204467,Worm Solid,Effect Monster,LIGHT,Reptile,1000
30299166,Worm Tentacles,Effect Monster,LIGHT,Reptile,1700
76683171,Worm Ugly,Effect Monster,LIGHT,Reptile,100
2088870,Worm Victory,Flip Effect Monster,LIGHT,Reptile,0
35638627,Worm Warlord,Effect Monster,LIGHT,Reptile,2350
11722335,Worm Xex,Effect Monster,LIGHT,Reptile,1800
47111934,Worm Yagan,Effect Monster,LIGHT,Reptile,1000
74506079,Worm Zero,Fusion Monster,LIGHT,Reptile,-1
69750536,Wow Warrior,Normal Monster,WATER,Fish,1250
28139785,Wrecker Panda,Effect Monster,EARTH,Beast,800
17238333,Wretched Ghost of the Attic,Normal Monster,DARK,Fiend,550
6480253,Wroughtweiler,Effect Monster,EARTH,Machine,800
58996430,"Wulf, Lightsworn Beast",Effect Monster,LIGHT,Beast-Warrior,2100
86395581,Wynn the Wind Channeler,Effect Monster,WIND,Spellcaster,1850
37744402,Wynn the Wind Charmer,Flip Effect Monster,WIND,Spellcaster,500
30674956,"Wynn the Wind Charmer, Verdant",Link Monster,WIND,Spellcaster,1850
70860415,X-Cross Cannon,Effect Monster,LIGHT,Machine,1800
62651957,X-Head Cannon,Normal Monster,LIGHT,Machine,1800
66393507,X-Krawler Neurogos,Link Monster,EARTH,Insect,1900
92781606,X-Krawler Qualiark,Link Monster,EARTH,Insect,2000
39998992,X-Krawler Synaphysis,Link Monster,EARTH,Insect,1800
90508760,X-Saber Airbellum,Tuner Monster,EARTH,Beast,1600
23115241,X-Saber Anu Piranha,Normal Monster,EARTH,Warrior,1800
53100061,X-Saber Axel,Effect Monster,EARTH,Beast-Warrior,400
50604950,X-Saber Galahad,Effect Monster,EARTH,Warrior,1800
96099959,X-Saber Palomuro,Tuner Monster,EARTH,Reptile,200
23093604,X-Saber Pashuul,Tuner Monster,EARTH,Warrior,100
63612442,X-Saber Souza,Synchro Monster,EARTH,Warrior,2500
80108118,X-Saber Urbellum,Synchro Monster,EARTH,Warrior,2200
26993374,X-Saber Uruz,Effect Monster,EARTH,Beast-Warrior,1600
83810690,X-Saber Wayne,Synchro Monster,EARTH,Warrior,2100
5852388,Xeno Meteorus,Tuner Monster,FIRE,Dinosaur,2000
71692913,Xiangke Magician,Pendulum Effect Monster,DARK,Spellcaster,2500
17086528,Xiangsheng Magician,Pendulum Effect Monster,LIGHT,Spellcaster,500
58004362,Xtra HERO Cross Crusader,Link Monster,DARK,Warrior,1600
63813056,Xtra HERO Dread Decimator,Link Monster,DARK,Warrior,2500
19324993,Xtra HERO Infernal Devicer,Link Monster,DARK,Fiend,1700
1948619,Xtra HERO Wonder Driver,Link Monster,LIGHT,Warrior,1900
5998840,XX-Saber Boggart Knight,Effect Monster,EARTH,Beast-Warrior,1900
31383545,XX-Saber Darksoul,Effect Monster,EARTH,Beast,100
42737833,XX-Saber Emmersblade,Effect Monster,EARTH,Insect,1300
51808422,XX-Saber Faultroll,Effect Monster,EARTH,Warrior,2400
78422252,XX-Saber Fulhelmknight,Tuner Monster,EARTH,Warrior,1300
42024143,XX-Saber Gardestrike,Effect Monster,EARTH,Beast-Warrior,2100
77330185,XX-Saber Garsem,Effect Monster,EARTH,Beast,1400
52352005,XX-Saber Gottoms,Synchro Monster,EARTH,Beast-Warrior,3100
2203790,XX-Saber Hyunlei,Synchro Monster,EARTH,Warrior,2300
87292536,XX-Saber Ragigura,Effect Monster,EARTH,Beast-Warrior,200
2111707,XY-Dragon Cannon,Fusion Monster,LIGHT,Machine,2200
72502414,Xyz Agent,Effect Monster,LIGHT,Spellcaster,900
20145685,Xyz Armor Fortress,XYZ Monster,WATER,Machine,2500
94151981,Xyz Armor Torpedo,XYZ Monster,WATER,Warrior,2500
86062400,Xyz Avenger,Effect Monster,DARK,Fiend,1800
43138260,Xyz Remora,Effect Monster,WATER,Fish,800
7850740,Xyz Slidolphin,Effect Monster,WATER,Sea Serpent,1200
91998119,XYZ-Dragon Cannon,Fusion Monster,LIGHT,Machine,2800
75748977,XYZ-Hyper Dragon Cannon,Fusion Monster,LIGHT,Machine,3000
86559484,Xyz-Raypierce,Effect Monster,FIRE,Dragon,1700
99724761,XZ-Tank Cannon,Fusion Monster,LIGHT,Machine,2400
65622692,Y-Dragon Head,Union Effect Monster,LIGHT,Machine,1500
6355563,Y-Yare Head,Union Effect Monster,LIGHT,Machine,1500
29380133,Yado Karu,Effect Monster,WATER,Aqua,900
13298352,Yaguramaru the Armor Ninja,Fusion Monster,DARK,Machine,2000
10315429,Yaiba Robo,Normal Monster,DARK,Machine,1000
10852583,Yajiro Invader,Effect Monster,DARK,Reptile,2200
94215860,Yaksha,Spirit Monster,WATER,Fairy,1900
90583279,"Yakusa, Lord of the Eight Thunders",Effect Monster,LIGHT,Wyrm,2000
70345785,Yamadron,Normal Monster,FIRE,Dragon,1600
76862289,Yamata Dragon,Spirit Monster,FIRE,Dragon,2600
4632019,Yamatako Orochi,Tuner Monster,WATER,Sea Serpent,0
76704943,Yamatano Dragon Scroll,Normal Monster,WIND,Dragon,900
82841979,Yamato-no-Kami,Spirit Monster,DARK,Warrior,2200
51474037,Yamorimori,Effect Monster,WATER,Reptile,0
71280811,Yaranzo,Normal Monster,DARK,Zombie,1300
77714963,"Yasha, the Skeletal Mayakashi",Effect Monster,DARK,Zombie,2000
41061625,Yashinoki,Normal Monster,EARTH,Plant,800
3078576,Yata-Garasu,Spirit Monster,WIND,Fiend,200
43202238,"Yazi, Evil of the Yang Zing",Synchro Monster,DARK,Wyrm,2600
65303664,"Yellow Baboon, Archer of the Forest",Effect Monster,EARTH,Beast,2600
90247311,Yellow Dragon Ninja,Effect Monster,WIND,Dinosaur,3000
16366810,Yellow Duston,Effect Monster,EARTH,Fiend,0
13839120,Yellow Gadget,Effect Monster,EARTH,Machine,1200
64749612,Yellow Ninja,Effect Monster,WIND,Warrior,1900
53090623,Yellow-Bellied Oni,Effect Monster,DARK,Zombie,1000
40516623,Yoko-Zuna Sumo Spirit,Spirit Monster,WIND,Warrior,2400
3486020,"Yoko, the Graceful Mayakashi",Synchro Monster,FIRE,Zombie,2900
27750191,Yokotuner,Tuner Monster,EARTH,Beast,800
51534754,Yomi Ship,Effect Monster,WATER,Aqua,800
57511992,Yorishiro of the Aqua,Effect Monster,WATER,Aqua,700
17115745,Yormungarde,Normal Monster,EARTH,Reptile,1200
85970321,Yosenju Izna,Effect Monster,WIND,Beast-Warrior,800
65247798,Yosenju Kama 1,Effect Monster,WIND,Beast-Warrior,1600
92246806,Yosenju Kama 2,Effect Monster,WIND,Beast-Warrior,1800
28630501,Yosenju Kama 3,Effect Monster,WIND,Beast-Warrior,1500
23740893,Yosenju Kodam,Effect Monster,WIND,Beast-Warrior,0
49249907,Yosenju Magat,Effect Monster,WIND,Beast,2000
39853199,Yosenju Misak,Effect Monster,WIND,Beast,2300
69838592,Yosenju Oyam,Effect Monster,WIND,Beast,-1
58981727,Yosenju Sabu,Effect Monster,WIND,Beast-Warrior,1700
65025250,Yosenju Shinchu L,Pendulum Effect Monster,WIND,Rock,0
91420254,Yosenju Shinchu R,Pendulum Effect Monster,WIND,Rock,0
25244515,Yosenju Tsujik,Effect Monster,WIND,Beast-Warrior,1000
33393090,Yowie,Effect Monster,EARTH,Reptile,500
78371393,Yubel,Effect Monster,DARK,Fiend,0
4779091,Yubel - Terror Incarnate,Effect Monster,DARK,Fiend,0
47172959,Yubel - The Loving Defender Forever,Fusion Monster,DARK,Fiend,0
31764700,Yubel - The Ultimate Nightmare,Effect Monster,DARK,Fiend,0
72700231,"Yuki-Musume, the Ice Mayakashi",Effect Monster,WATER,Zombie,0
2645637,"Yuki-Onna, the Absolute Zero Mayakashi",Link Monster,WATER,Zombie,2900
66870733,"Yuki-Onna, the Ice Mayakashi",Link Monster,WATER,Zombie,1900
36114945,"Yuki-Onna, the Icicle Mayakashi",Link Monster,WATER,Zombie,2400
30581601,Yummy★Snatchy,Link Monster,LIGHT,Beast,600
25119460,YZ-Tank Dragon,Fusion Monster,LIGHT,Machine,2100
64500000,Z-Metal Tank,Union Effect Monster,LIGHT,Machine,1500
33744268,Z-Zillion Tank,Union Effect Monster,LIGHT,Machine,1500
87602890,Zaborg the Mega Monarch,Effect Monster,LIGHT,Thunder,2800
51945556,Zaborg the Thunder Monarch,Effect Monster,LIGHT,Thunder,2400
40460013,Zalamander Catalyzer,Effect Monster,FIRE,Fiend,1600
4891376,Zalen the Shackled Dragon,Synchro Tuner Monster,DARK,Dragon,2800
30090452,Zanki,Normal Monster,EARTH,Warrior,1500
97466438,Zany Zebra,Pendulum Effect Monster,DARK,Beast,0
29951323,Zap Mustung,Effect Monster,LIGHT,Thunder,1600
28929131,"Zaphion, the Timelord",Effect Monster,WATER,Fairy,0
92744676,Zapper Shrimp,Synchro Tuner Monster,LIGHT,Fish,1000
10598400,Zarigun,Normal Monster,WATER,Aqua,600
2815176,"Zebufera, Vaalmonican Hallow Heathen",Link Monster,LIGHT,Fiend,2500
85216896,Zefra Metaltron,Link Monster,LIGHT,Wyrm,2500
29432356,Zefraath,Pendulum Effect Monster,EARTH,Rock,3450
58990362,"Zefraniu, Secret of the Yang Zing",Pendulum Effect Monster,EARTH,Wyrm,0
84388461,"Zefrasaber, Swordmaster of the Nekroz",Pendulum Effect Monster,WATER,Spellcaster,1500
20773176,"Zefraxa, Flame Beast of the Nekroz",Pendulum Effect Monster,FIRE,Dragon,2000
21495657,"Zefraxi, Treasure of the Yang Zing",Pendulum Effect Monster,EARTH,Wyrm,1500
22858242,Zeman the Ape King,Synchro Monster,EARTH,Beast,2500
76133574,"Zep, Ruby of the Ghoti",Tuner Monster,WATER,Fish,0
69123138,Zera the Mant,Ritual Monster,DARK,Fiend,2800
12171659,"Zeradias, Herald of Heaven",Effect Monster,LIGHT,Fairy,2100
93816465,Zero Gardna,Effect Monster,EARTH,Warrior,0
17739335,"Zerrziel, Ruler of the Evil Eyed",Link Monster,DARK,Fiend,2600
64382839,Zeta Reticulant,Effect Monster,DARK,Fairy,2400
24311372,Zoa,Normal Monster,DARK,Fiend,2600
53753697,Zoa the Fiendish Beast,Effect Monster,DARK,Fiend,2600
35998832,"Zohah, the Ogdoadic Boundless",Effect Monster,DARK,Reptile,1500
16268841,Zolga,Effect Monster,EARTH,Fairy,1700
31525442,Zolga the Prophet,Effect Monster,EARTH,Fairy,1700
43642620,Zombie Mammoth,Effect Monster,EARTH,Zombie,1900
17259470,Zombie Master,Effect Monster,DARK,Zombie,1800
47693640,Zombie Tiger,Union Effect Monster,EARTH,Zombie,1400
31339260,Zombie Warrior,Fusion Monster,DARK,Zombie,1200
81616639,Zombina,Effect Monster,EARTH,Zombie,1400
14575467,Zombino,Normal Monster,EARTH,Zombie,2000
27971137,Zombowwow,Effect Monster,DARK,Zombie,1000
88472456,Zombyra the Dark,Effect Monster,DARK,Warrior,2100
86100785,Zone Eater,Effect Monster,WATER,Aqua,250
74393852,Zoodiac Boarbow,XYZ Monster,EARTH,Beast-Warrior,-1
85115440,Zoodiac Broadbull,XYZ Monster,EARTH,Beast-Warrior,-1
4367330,Zoodiac Bunnyblast,Effect Monster,EARTH,Beast-Warrior,800
41375811,Zoodiac Chakanine,XYZ Monster,EARTH,Beast-Warrior,-1
48905153,Zoodiac Drident,XYZ Monster,EARTH,Beast-Warrior,-1
14970113,Zoodiac Hammerkong,XYZ Monster,EARTH,Beast-Warrior,-1
20155904,Zoodiac Kataroost,Effect Monster,EARTH,Beast-Warrior,800
4145852,Zoodiac Ramram,Effect Monster,EARTH,Beast-Warrior,400
78872731,Zoodiac Ratpier,Effect Monster,EARTH,Beast-Warrior,0
77150143,Zoodiac Thoroughblade,Effect Monster,EARTH,Beast-Warrior,1600
11510448,Zoodiac Tigermortar,XYZ Monster,EARTH,Beast-Warrior,-1
31755044,Zoodiac Whiptail,Effect Monster,EARTH,Beast-Warrior,1200
95911373,"Zoroa, the Magistus Conflagrant Calamity",Synchro Monster,FIRE,Spellcaster,2900
36099130,"Zoroa, the Magistus of Flame",Tuner Monster,FIRE,Spellcaster,1500
37260677,"Zoroa, the Magistus Verethragna",Fusion Monster,FIRE,Spellcaster,2900
68258355,ZS - Armed Sage,Effect Monster,LIGHT,Warrior,300
4647954,ZS - Ascended Sage,Effect Monster,LIGHT,Warrior,900
32281491,ZS - Ouroboros Sage,Effect Monster,DARK,Warrior,600
31123642,ZS - Utopic Sage,XYZ Monster,LIGHT,Warrior,2000
51865604,ZS - Vanish Sage,Effect Monster,LIGHT,Warrior,500
57036718,Zubaba Buster,Effect Monster,EARTH,Warrior,1800
31563350,Zubaba General,XYZ Monster,EARTH,Warrior,2000
97896503,Zubaba Knight,Effect Monster,EARTH,Warrior,1600
62006866,Zubababa Knight,Effect Monster,EARTH,Warrior,1600
23720856,Zubababancho Gagagacoat,Effect Monster,EARTH,Warrior,1800
43256007,Zuijin of the Ice Barrier,Effect Monster,WATER,Warrior,500
7459013,"Zure, Knight of Dark World",Normal Monster,DARK,Fiend,1800
67547370,Zushin the Sleeping Giant,Effect Monster,EARTH,Warrior,0
24454387,Zuttomozaurus,Effect Monster,EARTH,Dinosaur,500
40941889,ZW - Asura Strike,Effect Monster,FIRE,Fairy,1000
2896663,ZW - Dragonic Halberd,XYZ Monster,DARK,Dragon,3000
29353756,ZW - Eagle Claw,Effect Monster,WIND,Winged Beast,2000
60992364,ZW - Leo Arms,XYZ Monster,LIGHT,Beast,3000
45082499,ZW - Lightning Blade,Effect Monster,LIGHT,Beast,1200
32164201,ZW - Pegasus Twin Saber,Effect Monster,LIGHT,Beast,1000
87008374,ZW - Phoenix Bow,Effect Monster,FIRE,Winged Beast,1100
2648201,ZW - Sleipnir Mail,Effect Monster,LIGHT,Beast,1000
95886782,ZW - Sylphid Wing,Effect Monster,LIGHT,Beast,800
81471108,ZW - Tornado Bringer,Effect Monster,WIND,Dragon,1300
18865703,ZW - Ultimate Shield,Effect Monster,EARTH,Aqua,0
76080032,ZW - Unicorn Spear,Effect Monster,LIGHT,Beast,1900
